FT_TURNO;TU_SEMI_TURNO;N_FECHA_SMTU;CUBA;POTSTATE;AGEBSQ;POTAGE;ALF3;ALF3C;ALF3D;AMALF3;AMBB;AMCAF2;AMCRY;AMNA2CO3;CAF2;CAF2D;CNMVTC;DICA;DOBS;DPFC;DPFP;DTEA;DTEAI;DTEAR;ECMP_MT;ECMR_MP;HB;HBC;HBD;HM;HMC;HMD;IACHBDE;IACHMDE;IACKADE;IACRCDE;IACTADE;IASSDE;IMM;KALIM;LIF;LIFD;MAN;MBLAJOU;MBLC;MBLCOUL;MCDAAP;MCDALF3;MCDASP;MCDBB;MMCEX;MMCNO;MMCT;MMTHE;MPESON;MRDM;MTALF3;MTBB;NBTEAR;NCAL;NCFAIN;NCFOIN;NCHGA;NDAL2O3;NDALF3;NDBB;NDEFEX;NDLIAI;NDPFC;NDPFP;NDTEAI;NDTEAR;NIANO;NINPR;NP2CDP;NPEV;NPFLO;NPIPC;NRECOV;NRTICA;NSSALLO;NTEA;NTEAIB;NTEAIE;NTEAII;NTEAIM;NTEAIR;PEV;RC;RKM;RPL;RPLCAT;RRM;RTH;RTICA;RUAV;RUCC;RUCD;RUCV;SEA;SOUSAL;SURCH;TB;TBC;TBD;TFAIN;TFE;TFED;TFOIN;TNA;TP;TSI;TSID;TXTAL;UMM;VERANOC;WRMI;BRDONE;HCDONE;HODONE;STUPD;DPEA;UPEA;RUAVD;V_RS;CNREG;V_PPL;CUPEA;V_PPT;NCUPEA;V_PPR;NP2SEX;NUMCAI;NUMBSQ;EVOLSTATE;EVOLAGE;IEVOL;QUINT;TEFAL;MNA2C;TFDCAI;ECTFDCAI;ECDIAN;MBLTHE;V_EMPASTAMIENTO;V_APARTAMIENTO;M_CUBA_MADRE;FH_CUBA_MADRE;V_PENDIENTE_FE;INDSHT;C_SERIE;V_AL_CALC;IPS;I_SMTURNO;N_FASECHGA;CODMBQ;SN_SAVOIE;V_ULT_P;V_ULT_NA;C_DETE_CATODO;K_TURNOS_DETE_CATODO;SN_REAR_CON_METAL;V_TFLUO;V_ULT_CU;K_COL_METAL_PUENTE;K_AGR_METAL_PUENTE;N_PUENTE_METAL;V_ACD;V_ULT_V;V_ULT_TI;V_ULT_GA;SMRWFC;MI_EA;ENERGIA_EA;MI_BLOCK_A1;MI_BLOCK_A2;MI_BLOCK_A3;MI_BLOCK_A4
13/4/2026 00:00;1;2026041311;7076;3;3848;3848;;12,1;11,8;;;;;;;5,3;8;;14398;;22;;;;;;;18;20;;21;21;1;1;1;1;1;1;223982,7256;100;;;0;;;;;;;;;;;2300;;10,2;;;;;4;0;0;469;4;0;0;0;0;1;0;0;0;0;2;2;0;0;0;;0;0;0;0;0;0;0;154,5;0;12,053;0,25;;12,1552;-0,06;;;0,17;1,54;;0;16,4179;10;;957;961;45,5897;;2182;39,3388;;;;387;0;4,373;;103;0;;0;1;;;;11,37;8;161;0;117;0;94;0;320;2;;;0;60;;;;;;300;0;0;N;13/4/2026 06:15;-700;;D;99,71;224000;59076;1;CBN8;N;14;94;1;16294;;1,46;4;;;;4,31;52;34;119;0,0577;0;0;0;0;0;0
13/4/2026 00:00;2;2026041312;7076;3;3848,1667;3848,1667;;12,1;11,8;;;;;;;5,3;34;;14400;;;;;;;;;18;20;;21;21;1;1;1;1;1;1;223982,2185;100;;;0;;;;;;;;;;;2300;;10,2;;;;;0;0;0;574;6;0;0;0;0;0;0;0;0;0;3;3;0;0;0;;0;0;0;0;0;0;0;174,6667;0;11,8228;0,25;;11,9068;-0,06;;;0,17;1,54;;0;21,2544;10;;957;961;0;2218;2218;0;74;17;407;407;0;4,3174;;87;0;;0;1;;;;11,37;12;161;0;117;0;94;1;320;2;;;0;60;;;;;;300;0;0;N;13/4/2026 10:15;299;;D;99,71;224000;59077;2;CBN8;N;17;74;1;16295;;1,46;4;;;;4,15;52;34;118;0;0;0;0;0;0;0
13/4/2026 00:00;3;2026041323;7076;3;3848,3333;3848,3333;;12,1;11,8;;;;;;;5,3;27;;14401;;;;;;0;0;;18;20;;21;21;1;1;1;1;1;1;223982,8923;100;;;0;;;;;;;;;2300;2300;2300;2300;10,2;;;;;2;0;0;540;5;0;0;0;0;0;0;0;0;0;3;3;0;0;0;;0;0;0;0;0;0;0;150,3333;0;11,6535;0,25;;11,7152;-0,06;;;0,17;1,54;;0;31,2963;10;;957;961;6,2496;2218;2218;0;64;16;404;404;0;4,2745;;92;0;;0;1;;;;11,37;10;161;0;117;0;94;1;320;2;;;0;60;;;;;;300;0;0;N;13/4/2026 14:15;0;;D;99,71;224000;59078;3;CBN8;N;16;64;1;16295;;1,46;4;2240;;7;4,02;53;34;119;0;0;0;0;0;0;0
13/4/2026 00:00;4;2026041324;7076;3;3848,5;3848,5;;12,1;11,8;;;;;;;5,3;32;;14398;;;;;;;;;18;20;;21;21;1;1;1;1;1;1;223982,1074;100;;;0,3681;;300;300;;;;;;;;;;10,2;160;;;;2;1;0;509;6;0;0;0;0;0;0;0;0;0;1;1;0;0;0;;0;0;0;0;0;0;0;109;0;11,5032;0,25;;11,647;-0,06;;;0,17;1,54;;0;42,4361;10;;957;961;0;;2218;0;;;;404;0;4,2592;;92;0;;0;1;;;;11,37;19;161;0;117;0;94;1;320;2;;;0;60;;;;;;;0;0;N;13/4/2026 18:15;0;;D;99,71;224000;59079;4;CBN8;N;16;64;1;16296;;1,46;4;;;;3,97;53;34;119;0;0;0;0;0;0;0
13/4/2026 00:00;5;2026041335;7076;3;3848,6667;3848,6667;10,9;12,1;10,9;;;;;;5,6;5,6;12;;14402;;14;;;;;;17;18;17;22;21;22;1;1;1;1;1;1;223980,7569;100;;;0;;;;;;;;;;;2300;;10,2;;;;;0;0;0;467;5;0;0;0;0;1;0;0;0;0;2;2;0;0;0;;2;0;0;0;0;0;0;147,5;0;11,457;0,25;;11,5127;-0,083;;;0,17;1,54;;0;35,1178;10;963;957;963;0;;2218;0;;;;404;0;4,2291;;62;0;;0;1;;;;11,37;5;161;0;117;0;94;0;320;2;;;0;60;;;;;;;0;0;N;13/4/2026 22:15;0;;D;99,71;224000;59080;5;CBN8;N;16;64;;;;1,46;4;;;;3,9;53;34;119;0;0;0;0;0;0;0
13/4/2026 00:00;6;2026041336;7076;3;3848,8333;3848,8333;;12,1;10,9;;;;;;;5,6;8;;14399;;15;;;;;;;18;17;;21;22;1;1;1;1;1;1;223980,6848;100;;;0;;;;;;;;;;;2300;;10,2;;;;;0;0;0;480;6;0;0;0;0;1;0;0;0;0;3;3;0;0;1;;0;0;0;0;0;0;0;116;0;11,45;0,25;;11,5182;-0,09;;;0,17;1,54;;0;27,5;10;;957;963;0;2179;2179;0;50;18;407;407;0;4,2303;0,1;57;0;;0;0;;;;11,37;3;161;0;117;0;94;0;320;2;;;0;60;;;;;;;0;1;N;14/4/2026 02:15;-80;;D;99,72;224000;59081;6;CBN8;N;18;50;1;16297;;1,46;4;;;;3,9;49;33;116;0;0;0;0;0;0;0
14/4/2026 00:00;1;2026041411;7076;3;3849;3849;;12,1;10,9;;;;;;;5,6;23;;14400;;;;;;;;;18;17;;21;22;1;1;1;1;1;1;223980,2237;100;;;0;;;;;;;;;;;2300;;10,2;;;;;0;0;0;529;5;0;0;0;0;0;0;0;0;0;3;3;0;0;0;;0;0;0;0;0;0;0;176,6667;0;11,5744;0,25;;11,5952;-0,09;;;0,17;1,54;;0;19,2817;10;;957;963;0;2180;2180;0;72;19;399;399;0;4,2476;;61;0;;0;1;;;;11,37;9;161;0;117;0;94;0;320;2;;;0;60;;;;;;;0;1;N;14/4/2026 06:15;5;;D;99,71;224000;59082;7;CBN8;N;19;72;1;16297;;1,46;4;;;;3,99;51;34;116;0;0;0;0;0;0;0
14/4/2026 00:00;2;2026041412;7076;3;3849,1667;3849,1667;;12,1;10,9;;;;;;;5,6;4;;14399;;18;;;;;;;18;17;;21;22;1;1;1;1;1;1;223981,3099;100;;;0;;;;;;;;;;;2300;;10,2;;;;;0;0;1;460;4;0;0;0;0;2;0;0;0;0;1;1;0;0;0;;0;0;0;0;0;0;0;104;0;12,0717;0,25;;12,1572;-0,09;;;0,17;1,54;;0;18,2609;10;;957;963;0;2084;2084;0;50;18;388;388;0;4,3735;;60;0;;0;1;;;;11,37;4;161;0;117;0;94;0;320;2;;;0;60;;;;;;;0;1;N;14/4/2026 10:15;-943;;D;99,72;224000;59083;0;CBN8;N;18;50;1;16298;;1,4;4;;;;4,36;51;34;114;0;0;0;0;0;0;0
14/4/2026 00:00;3;2026041423;7076;3;3849,3333;3849,3333;;12,1;10,9;;;;;;;5,6;3;;14399;;;;;;;;;18;17;;21;22;1;1;1;1;1;1;223984,5026;100;;;0;;;;;;;;;;;2300;;10,2;;;;;0;0;0;496;6;0;0;0;0;0;0;0;0;0;4;4;0;0;0;;0;0;0;0;0;0;0;122;0;11,8983;0,25;;11,9584;-0,09;;;0,17;1,54;;0;33,0645;10;;957;963;0;2037;2037;0;62;19;385;385;0;4,329;;59;0;;0;1;;;;11,37;3;161;0;117;0;94;0;320;2;;;0;60;;;;;;;0;1;N;14/4/2026 14:15;-253;;D;99,73;224000;59084;1;CBN8;N;19;62;1;16298;;1,4;4;;;;4,23;50;35;115;0;0;0;0;0;0;0
14/4/2026 00:00;4;2026041424;7076;3;3849,5;3849,5;;12,1;10,9;;;;;;;5,6;25;;14400;;;;;;;;;18;17;;21;22;1;1;1;1;1;1;223983,7802;100;;;0;;;;;;;;;;;2300;;10,2;;;;;0;0;0;503;7;0;0;0;0;0;0;0;0;0;4;4;0;0;0;;0;0;0;0;0;0;0;168,5;0;11,7309;0,25;;11,7519;-0,09;;;0,17;1,54;;0;31,0139;10;;957;963;0;;2037;0;;;;385;0;4,2827;;63;0;;0;1;;;;11,37;7;161;0;117;0;94;0;320;2;;;0;60;;;;;;;0;1;N;14/4/2026 18:15;-253;;D;99,73;224000;59085;2;CBN8;N;19;62;1;16299;;1,4;4;;;;4,09;50;35;115;0;0;0;0;0;0;0
14/4/2026 00:00;5;2026041435;7076;3;3849,6667;3849,6667;;12,1;10,9;;;;;;;5,6;7;;14400;;;;;;-80;0;;18;17;;21;22;1;1;1;1;1;1;223983,2731;100;;;0;;;;;;;;;2220;2220;2300;2220;10,2;;;;;0;0;0;554;7;0;0;0;0;0;0;0;0;0;4;4;0;0;0;;0;0;0;0;0;0;0;169,5;0;11,5669;0,25;;11,6533;-0,09;;;0,17;1,54;;0;27,0758;10;;957;963;0;1966;1966;0;42;18;383;383;0;4,2606;;63;0;;0;1;;;;11,37;3;161;0;117;0;94;1;320;2;;;0;60;;;;;;;0;1;N;14/4/2026 22:15;-202;;D;99,75;224000;59086;3;CBN8;N;18;42;;;;1,4;4;2220;;7;4,02;49;35;113;0;0;0;0;0;0;0
14/4/2026 00:00;6;2026041436;7076;3;3849,8333;3849,8333;;12,1;10,9;;;;;;;5,6;20;;14400;41;;;;;;;;18;17;;21;22;1;1;1;1;1;1;223982,8113;100;;;0;;;;;;;;;;;;;10,2;;;;;0;0;0;431;5;0;0;0;1;0;0;0;0;0;1;1;1;0;0;;0;0;0;0;0;0;0;108;0;11,4534;0,25;;11,5071;-0,09;;;0,17;1,54;;0;25,9861;10;;957;963;0;;1966;0;;;;383;0;4,2279;;58;0;;0;0;;;;11,37;8;161;0;117;0;94;0;320;2;;;0;60;;;;;;;0;1;N;15/4/2026 02:15;-202;;D;99,75;224000;59087;4;CBN8;N;18;42;1;16300;;1,4;4;;;;3,93;49;35;113;0;0;0;0;0;0;0
15/4/2026 00:00;1;2026041511;7076;3;3850;3850;;12,1;10,9;;;;;;;5,6;11;;14400;;;;;;;;17;18;17;21;21;21;1;1;1;1;1;1;223985,3362;100;;;0;;;;;;;;;;;2300;;10,2;;;;;0;0;0;509;7;0;1;0;0;0;0;0;0;0;5;5;0;0;0;;0;0;0;0;0;0;0;171;0;11,362;0,25;;11,4176;-0,178;;;0,17;1,54;;0;28,6837;10;976;957;976;0;1896;1896;0;54;17;374;374;0;4,2078;;61;0;;0;1;;;;11,37;4;161;0;117;0;94;0;320;2;;;0;60;;;;;;;0;1;N;15/4/2026 06:15;-218;;D;99,75;224000;59088;5;CBN8;N;17;54;1;16300;;1,4;4;;;;3,94;49;36;111;0;0;0;0;0;0;0
15/4/2026 00:00;2;2026041512;7076;3;3850,1667;3850,1667;;12,1;10,9;;;;;;;5,6;10;;14400;;;;;;;;;18;17;;21;21;1;1;1;1;1;1;223986,4694;100;;;0;;;;;;;;;;;2300;;10,2;;;;;0;0;0;524;8;0;1;0;0;0;0;0;0;0;3;3;0;0;1;;0;0;0;0;0;0;0;200,6667;0;11,3;0,25;;11,3478;-0,24;;;0,17;1,54;;0;18,5115;10;;957;976;0;1940;1940;0;66;20;380;380;0;4,1922;;59;0;;0;1;;;;11,37;5;161;0;117;0;94;0;320;2;;;0;60;;;;;;;0;0;N;15/4/2026 10:15;427;;D;99,75;224000;59089;6;CBN8;N;20;66;1;16301;;1,4;4;;;;3,89;48;36;111;0;0;0;0;0;0;0
15/4/2026 00:00;3;2026041523;7076;3;3850,3333;3850,3333;;12,1;10,9;;;;;;;5,6;12;;14398;;25;;;;;;;18;17;;21;21;1;1;1;1;1;1;223984,2178;100;;;0;;;;;;;;;;;2300;;10,2;;;;;0;0;1;476;6;0;0;0;0;2;0;0;0;0;0;0;0;0;0;;0;0;0;0;0;0;0;;0;11,8004;0,25;;11,8507;-0,24;;;0,17;1,54;;0;13,0252;10;;957;976;0;2004;2004;0;50;19;393;393;0;4,3048;;102;0;;0;1;;;;11,37;10;161;0;117;0;94;0;320;2;;;0;60;;;;;;;0;0;N;15/4/2026 14:15;10262;;D;99,74;224000;59090;0;CBN8;N;19;50;1;16301;;1,4;4;;;;4,23;49;36;113;0;0;0;0;0;0;0
15/4/2026 00:00;4;2026041524;7076;3;3850,5;3850,5;;12,1;10,9;;;;;;;5,6;0;;14401;;11;;;;;;;18;17;;21;21;1;1;1;1;1;1;223982,7917;100;;;0;;;;;;;;;;;2300;;10,2;;;;;0;0;0;473;6;0;0;0;0;1;0;0;0;0;2;2;0;0;0;;1;0;0;0;0;0;0;120,5;0;11,8215;0,25;;11,883;-0,24;;;0,17;1,54;;0;34,6723;10;;957;976;0;1988;1988;0;61;13;394;394;0;4,3121;;59;0;;0;1;;;;11,37;0;161;0;117;0;94;0;320;2;;;0;60;;;;;;;0;0;N;15/4/2026 18:15;-162;;D;99,74;224000;59091;1;CBN8;N;13;61;1;16302;;1,4;4;;;;4,25;48;37;111;0;0;0;0;0;0;0
15/4/2026 00:00;5;2026041535;7076;3;3850,6667;3850,6667;;12,1;10,9;;;;;;;5,6;1;;14399;;9;;;;;;;18;17;;21;21;1;1;1;1;1;1;223981,1475;100;;;2,5625;;;;;;;;;;;2300;;10,2;;;;;0;0;0;497;9;0;0;0;0;1;0;0;0;0;2;2;0;0;0;;0;0;0;0;0;0;0;142;0;11,6481;0,25;;11,7322;-0,24;;;0,17;1,54;;0;26,9618;10;;957;976;0;1875;1875;0;56;16;389;389;0;4,2783;;58;1;;0;1;;;;11,37;1;161;0;117;0;94;0;320;2;;;0;60;;;;;;;0;0;N;15/4/2026 22:15;-430;;D;99,75;224000;59092;2;CBN8;N;16;56;;;;1,4;4;;;;4,15;48;36;109;0;0;0;0;0;0;0
15/4/2026 00:00;6;2026041536;7076;3;3850,8333;3850,8333;;12,1;10,9;;;;;;;5,6;13;;14399;;;;;;;;;18;17;;21;21;1;1;1;1;1;1;223982,355;100;;;0;;;;;;;;;;;2300;;10,2;;;;;0;0;0;518;8;0;0;0;0;0;0;0;0;0;5;5;0;0;0;;0;0;0;0;0;0;0;210,2;0;11,4753;0,25;;11,5729;-0,24;;;0,17;1,54;;0;25,8687;10;;957;976;0;;1875;0;;;;389;0;4,2426;;58;0;;0;0;;;;11,37;4;161;0;117;0;94;0;320;2;;;0;60;;;;;;;0;0;N;16/4/2026 02:15;-430;;D;99,75;224000;59093;3;CBN8;N;16;56;1;16303;;1,4;4;;;;4,04;48;36;109;0;0;0;0;0;0;0
16/4/2026 00:00;1;2026041611;7076;3;3851;3851;;12,1;10,9;;;;;;;5,6;2;;14401;;;;;;-100;0;;18;17;;21;21;1;1;1;1;1;1;223983,7188;100;;;0;;;;;;;;;2200;2214;2300;2200;10,2;;;;;0;0;0;512;8;0;0;0;0;0;0;0;0;0;3;1;0;0;0;;0;0;0;0;0;0;0;280;0;11,3237;0,25;;11,427;-0,24;;;0,17;1,54;;0;24,0234;10;;957;976;0;2006;2006;0;42;17;409;409;0;4,2099;;58;0;;0;1;;;;11,37;1;161;0;117;0;94;0;320;2;;;0;60;;;;;;;0;0;N;16/4/2026 06:15;372;;D;99,74;224000;59094;4;CBN8;N;17;42;1;16303;;1,4;4;2180;;7;3,94;51;37;115;0;0;0;0;0;0;0
16/4/2026 00:00;2;2026041612;7076;3;3851,1667;3851,1667;;12,1;10,9;;;;;;;5,6;4;;14399;13;;;;;;;;18;17;;21;21;1;1;1;1;1;1;223984,4668;100;;;0;;;;;;;;;;;;;10,2;;;;;0;0;0;504;8;0;0;0;1;0;0;0;0;0;4;4;0;1;0;;0;0;0;0;0;0;0;178,75;0;11,3;0,25;;11,3854;-0,24;;;0,17;1,54;;0;23,6111;10;;957;976;0;1970;1970;0;70;16;399;399;0;4,2006;;61;0;;0;1;;;;11,37;2;161;0;117;0;94;0;320;2;;;0;60;;;;;;;0;0;N;16/4/2026 10:15;-273;;D;99,74;224000;59095;5;CBN8;N;16;70;1;16304;;1,4;4;;;;3,91;46;36;107;0;0;0;0;0;0;0
16/4/2026 00:00;3;2026041623;7076;3;3851,3333;3851,3333;9,7;12,1;9,7;;;;;;5,6;5,6;14;;14400;;;;;;;;16;18;16;22;21;22;1;1;1;1;1;1;223986,5588;100;;;0;;;;;;;;;;;2300;;10,2;;;;;0;0;0;592;7;0;0;0;0;0;0;0;0;0;4;2;0;0;0;;0;0;0;0;0;0;0;201;0;11,3909;0,25;;11,4509;-0,1491;;;0,17;1,54;;0;16,3851;10;963;957;963;0;1880;1880;0;79;16;393;393;0;4,2153;;68;0;;0;1;;;;11,37;6;161;0;117;0;94;1;320;2;;;0;60;;;;;;;0;0;N;16/4/2026 14:15;-612;;D;99,75;224000;59096;6;CBN8;N;16;79;1;16304;;1,4;4;;;;3,89;47;37;107;0;0;0;0;0;0;0
16/4/2026 00:00;4;2026041624;7076;3;3851,5;3851,5;;12,1;9,7;;;;;;;5,6;13;;14401;;15;;;;;;;18;16;;21;22;1;1;1;1;1;1;223985,1944;100;;;0;;;;;;;;;;;2300;;10,2;;;;;0;0;0;495;7;0;0;0;0;1;0;0;0;0;2;2;0;0;1;;0;0;0;0;0;0;0;259;0;11,49;0,25;;11,5364;-0,05;;;0,17;1,54;;0;22,4242;10;;957;963;0;;1880;0;;;;393;0;4,2344;1,7;57;0;;0;1;;;;11,37;6;161;0;117;0;94;0;320;2;;;0;60;;;;;;;0;1;N;16/4/2026 18:15;-612;;D;99,75;224000;59097;7;CBN8;N;16;79;1;16305;;1,4;4;;;;3,95;47;37;107;0;0;0;0;0;0;0
16/4/2026 00:00;5;2026041635;7076;3;3851,6667;3851,6667;;12,1;9,7;;;;;;;5,6;17;;14399;;;;;;;;;18;16;;21;22;1;1;1;1;1;1;223985,3223;100;;;0;;;;;;;;;;;2300;;10,2;;;;;0;0;0;547;8;0;0;0;0;0;0;0;0;0;3;3;0;1;0;;0;0;0;0;0;0;0;121;0;11,6389;0,25;;11,689;-0,05;;;0,17;1,54;;0;22,8519;5;;957;963;0;2142;2142;0;68;16;395;395;0;4,2686;;71;0;;0;1;;;;11,37;8;161;0;117;0;94;0;320;2;;;0;60;;;;;;;0;1;N;16/4/2026 22:15;765;;D;99,73;224000;59098;8;CBN8;N;16;68;;;;1,4;4;;;;4,1;49;36;111;0;0;0;0;0;0;0
16/4/2026 00:00;6;2026041636;7076;3;3851,8333;3851,8333;;12,1;9,7;;;;;;;5,6;4;;14400;;14,5;;;;;;;18;16;;21;22;1;1;1;1;1;1;223980,1917;100;;;0;;;;;;;;;;;2300;;10,2;;;;;0;0;1;464;6;0;0;0;0;2;0;0;0;0;1;1;0;0;0;;0;0;0;0;0;0;0;166;0;12,1064;0,25;;12,1774;-0,05;;;0,17;1,54;;0;27,1552;5;;957;963;0;1945;1945;0;63;18;412;412;0;4,378;;55;0;;0;0;;;;11,37;3;161;0;117;0;94;0;320;2;;;0;60;;;;;;;0;1;N;17/4/2026 02:15;-1275;;D;99,75;224000;59099;0;CBN8;N;18;63;1;16306;;1,4;4;;;;4,43;48;36;111;0;0;0;0;0;0;0
17/4/2026 00:00;1;2026041711;7076;3;3852;3852;;12,1;9,7;;;;;;;5,6;2;;14399;;;;;;;;;18;16;;21;22;1;1;1;1;1;1;223987,3793;100;;;0;;;;;;;;;;;2300;;10,2;;;;;0;0;0;507;8;0;0;0;0;0;0;0;0;0;4;4;0;1;0;;0;0;0;0;0;0;0;164,25;0;11,9347;0,25;;11,9976;-0,05;;;0,17;1,54;;0;29,783;5;;957;963;0;1750;1750;0;53;12;390;390;0;4,3378;;54;0;;0;1;;;;11,37;1;161;0;117;0;94;0;320;2;;;0;60;;;;;;;0;1;N;17/4/2026 06:15;-903;;D;99,76;224000;59100;1;CBN8;N;12;53;1;16306;;1,4;4;;;;4,31;47;36;106;0;0;0;0;0;0;0
17/4/2026 00:00;2;2026041712;7076;3;3852,1667;3852,1667;;12,1;9,7;;;;;;;5,6;18;;14400;;;;;;;;;18;16;;21;22;1;1;1;1;1;1;223985,6151;100;;;0;;;;;;;;;;;2300;;10,2;;;;;0;0;0;505;9;0;0;0;0;0;0;0;0;0;4;4;0;0;0;;0;0;0;0;0;0;0;154;0;11,7654;0,25;;11,7999;-0,05;;;0,17;1,54;;0;29,901;5;;957;963;0;;1750;0;;;;390;0;4,2935;;60;0;;0;1;;;;11,37;5;161;0;117;0;94;0;320;2;;;0;60;;;;;;;0;1;N;17/4/2026 10:15;-903;;D;99,76;224000;59101;2;CBN8;N;12;53;1;16307;;1,4;4;;;;4,18;47;36;106;0;0;0;0;0;0;0
17/4/2026 00:00;3;2026041723;7076;3;3852,3333;3852,3333;;12,1;9,7;;;;;;;5,6;6;;14401;;;;;;0;0;;18;16;;21;22;1;1;1;1;1;1;223984,3092;100;;;0;;;;;;;;;2300;2300;2300;2300;10,2;;;;;0;0;0;508;9;0;0;0;0;0;0;0;0;0;4;4;0;0;0;;0;0;0;0;0;0;0;181,5;0;11,5978;0,25;;11,6534;-0,05;;;0,17;1,54;;0;29,5276;5;;957;963;0;1865;1865;0;57;17;406;406;0;4,2606;;56;0;;0;1;;;;11,37;3;161;0;117;0;94;0;320;2;;;0;60;;;;;;;0;1;N;17/4/2026 14:15;400;;D;99,74;224000;59102;3;CBN8;N;17;57;1;16307;;1,4;4;2300;;7;4,08;50;37;116;0;0;0;0;0;0;0
17/4/2026 00:00;4;2026041724;7076;3;3852,5;3852,5;;12,1;9,7;;;;;;;5,6;3;;14399;15;;;;;;;;18;16;;21;22;1;1;1;1;1;1;223983,4618;100;;;0;;;;;;;;;;;;;10,2;;;;;0;0;0;502;9;0;0;0;1;0;0;0;0;0;4;4;0;0;0;;0;0;0;0;0;0;0;136,75;0;11,4915;0,25;;11,5288;-0,05;;;0,17;1,54;;0;22,1116;5;;957;963;0;1870;1870;0;59;16;412;412;0;4,2327;;53;0;;0;1;;;;11,37;2;161;0;117;0;94;0;320;2;;;0;60;;;;;;;0;1;N;17/4/2026 18:15;38;;D;99,74;224000;59103;4;CBN8;N;16;59;1;16308;;1,4;4;;;;4;50;36;117;0;0;0;0;0;0;0
17/4/2026 00:00;5;2026041735;7076;3;3852,6667;3852,6667;;12,1;9,7;;;;;;;5,6;10;;14399;;;;;;;;18;18;18;21;21;21;1;1;1;1;1;1;223983,2673;100;;;0;;;;;;;;;;;2300;;10,2;;;;;0;0;0;517;9;0;0;0;0;0;0;0;0;0;4;4;0;0;0;;0;0;0;0;0;0;0;161,25;0;11,386;0,25;;11,4526;-0,1483;;;0,1643;1,77;1,77;0;26,3056;5;970;957;970;0;;1870;0;;;;412;0;4,2157;;53;0;;0;1;;;;11,37;4;161;0;117;0;94;0;320;2;;;0;60;;;;;;;0;1;N;17/4/2026 22:15;38;;D;99,74;224000;59104;5;CBN8;N;16;59;;;;1,4;4;;;;3,83;50;36;117;0;0;0;0;0;0;0
17/4/2026 00:00;6;2026041736;7076;3;3852,8333;3852,8333;;12,1;9,7;;;;;;;5,6;0;;14399;;12;;;;;;;18;18;;21;21;1;1;1;1;1;1;223978,3635;100;;;0;;;;;;;;;;;2300;;10,2;;;;;1;0;0;514;9;0;0;0;0;1;0;0;0;0;2;2;0;0;1;;0;0;0;0;0;0;0;145;0;11,32;0,25;;11,4159;-0,19;;;0,14;1,77;;0;21,4008;5;;957;970;0;1852;1852;0;58;19;413;413;0;4,2074;1,4;58;0;;0;0;;;;11,37;0;161;0;117;0;94;0;320;2;;;0;60;;;;;;;0;0;N;18/4/2026 02:15;-62;;D;99,75;224000;59105;6;CBN8;N;19;58;1;16309;;1,4;4;;;;3,8;49;36;115;0;0;0;0;0;0;0
18/4/2026 00:00;1;2026041811;7076;3;3853;3853;;12,1;9,7;;;;;;;5,6;20;;14400;;52;;;;;;;18;18;;21;21;1;1;1;1;1;1;223983,8925;100;;;0;;;;;;;;;;;2300;;10,2;;;;;0;0;1;444;6;0;0;0;0;1;0;0;0;0;1;1;0;0;0;;0;0;0;0;0;0;0;211;0;11,844;0,25;;11,8521;-0,19;;;0,14;1,77;;0;17,5676;5;;957;970;0;1684;1684;0;40;17;395;395;0;4,3051;;110;0;;0;1;;;;11,37;9;161;0;117;0;94;0;320;2;;;0;60;;;;;;;0;0;N;18/4/2026 06:15;-642;;D;99,78;224000;59106;0;CBN8;N;17;40;1;16309;;1,4;4;;;;4,1;48;36;112;0;0;0;0;0;0;0
18/4/2026 00:00;2;2026041812;7076;3;3853,1667;3853,1667;;12,1;9,7;;;;;;;5,6;2;;14401;;8;;;;;;;18;18;;21;21;1;1;1;1;1;1;223987,026;100;;;0;;;;;;;;;;;2300;;10,2;;;;;0;0;0;487;8;0;0;0;0;1;0;0;0;0;3;3;0;1;0;;0;0;0;0;0;0;0;130;0;11,8396;0,25;;11,9301;-0,19;;;0,14;1,77;;0;32,2382;5;;957;970;0;;1684;0;;;;395;0;4,3226;;65;0;;0;1;;;;11,37;1;161;0;117;0;94;0;320;2;;;0;60;;;;;;;0;0;N;18/4/2026 10:15;-642;;D;99,78;224000;59107;1;CBN8;N;17;40;1;16310;;1,4;4;;;;4,15;48;36;112;0;0;0;0;0;0;0
18/4/2026 00:00;3;2026041823;7076;3;3853,3333;3853,3333;;12,1;9,7;;;;;;;5,6;9;;14399;;;;;;;;;18;18;;21;21;1;1;1;1;1;1;223984,7864;100;;;0;;;;;;;;;;;2300;;10,2;;;;;0;0;0;534;9;0;0;0;0;0;0;0;0;0;4;4;0;0;0;;0;0;0;0;0;0;0;174;0;11,67;0,25;;11,727;-0,19;;;0,14;1,77;;0;21,3483;5;;957;970;0;1790;1790;0;58;15;408;408;0;4,2771;;60;0;;0;1;;;;11,37;2;161;0;117;0;94;0;320;2;;;0;60;;;;;;;0;0;N;18/4/2026 14:15;324;;D;99,76;224000;59108;2;CBN8;N;15;58;1;16310;;1,4;4;;;;4,01;47;36;109;0;0;0;0;0;0;0
18/4/2026 00:00;4;2026041824;7076;3;3853,5;3853,5;;12,1;9,7;;;;;;;5,6;4;;14400;;;;;;;;;18;18;;21;21;1;1;1;1;1;1;223982,7047;100;;;0;;;;;;;;;;;2300;;10,2;;;;;0;0;0;507;9;0;0;0;0;0;0;0;0;0;5;5;0;1;0;;0;0;0;0;0;0;0;156,2;0;11,4989;0,25;;11,5768;-0,19;;;0,14;1,77;;0;29,3886;5;;957;970;0;1725;1725;0;54;15;407;407;0;4,2435;;59;0;;0;1;;;;11,37;2;161;0;117;0;94;0;320;2;;;0;60;;;;;;;0;0;N;18/4/2026 18:15;-646;;D;99,77;224000;59109;3;CBN8;N;15;54;1;16311;;1,4;4;;;;3,91;48;36;112;0;0;0;0;0;0;0
18/4/2026 00:00;5;2026041835;7076;3;3853,6667;3853,6667;;12,1;9,7;;;;;;;5,6;25;;14400;;;;;;-1100;0;;18;18;;21;21;1;1;1;1;1;1;223982,619;100;;;0;;;;;;;;;1200;1200;2300;1200;10,2;;;;;0;0;0;505;9;0;0;0;0;0;0;0;0;0;3;3;0;0;0;;0;0;0;0;0;0;0;113,3333;0;11,3462;0,25;;11,4242;-0,19;;;0,14;1,77;;0;29,505;5;;957;970;0;1790;1790;0;62;14;417;417;0;4,2093;;58;0;;0;1;;;;11,37;8;161;0;117;0;94;0;320;2;;;0;60;;;;;;;0;0;N;18/4/2026 22:15;239;;D;99,76;224000;59110;4;CBN8;N;14;62;;;;1,4;4;2440;;7;3,81;48;36;113;0;0;0;0;0;0;0
18/4/2026 00:00;6;2026041836;7076;3;3853,8333;3853,8333;;12,1;9,7;;;;;;;5,6;1;;14400;16;;;;;;;;18;18;;21;21;1;1;1;1;1;1;223983,3368;100;;;0;;;;;;;;;;;;;10,2;240;;;;0;0;0;504;8;0;0;0;1;0;0;0;0;0;4;4;0;0;0;;0;0;0;0;0;0;0;175;0;11,32;0,25;;11,4016;-0,19;;;0,14;1,77;;0;21,8254;5;;957;970;0;1812;1812;0;75;16;413;413;0;4,2042;;59;0;;0;0;;;;11,37;1;161;0;117;0;94;0;320;2;;;0;60;;;;;;;0;0;N;19/4/2026 02:15;165;;D;99,76;224000;59111;5;CBN8;N;16;75;1;16312;;1,4;4;;;;3,79;49;37;112;0;0;0;0;0;0;0
19/4/2026 00:00;1;2026041911;7076;3;3854;3854;10,9;12,1;10,9;;;;;;5,3;5,3;18;;14398;;;;;;;;20;18;20;21;21;21;1;1;1;1;1;1;223984,7933;100;;;0;;;;;;;;;;;2300;;10,2;;;;;0;0;0;534;9;0;0;0;0;0;0;0;0;0;4;3;0;0;1;;0;0;0;0;0;0;0;195;0;11,3417;0,25;;11,4176;-0,1683;;;0,14;1,77;;0;20,9738;5;966;957;966;0;;1812;0;;;;413;0;4,2078;;70;0;;0;1;;;;11,37;8;161;0;117;0;94;0;320;2;;;0;60;;;;;;300;0;0;N;19/4/2026 06:15;-341;;D;99,77;224000;59112;6;CBN8;N;15;82;1;16312;;1,4;4;;;;3,78;48;36;111;0;0;0;0;0;0;0
19/4/2026 00:00;2;2026041912;7076;3;3854,1667;3854,1667;;12,1;10,9;;;;;;;5,3;9;;14400;;;;;;;;;18;20;;21;21;1;1;1;1;1;1;223986,1013;100;;;0;;;;;;;;;;;2300;;10,2;;;;;0;0;0;582;8;0;0;0;0;0;0;0;0;0;4;3;0;0;0;;0;0;0;0;0;0;0;250,3333;0;11,37;0,25;;11,4464;-0,14;;;0,14;1,77;;0;18,5567;5;;957;966;0;1740;1740;0;82;15;409;409;0;4,2143;1,8;76;0;;0;1;;;;11,37;3;161;0;117;0;94;1;320;2;;;0;60;;;;;;300;0;0;N;19/4/2026 10:15;-341;;D;99,77;224000;59113;7;CBN8;N;15;82;1;16313;;1,4;4;;;;3,8;48;36;111;0;0;0;0;0;0;0
19/4/2026 00:00;3;2026041923;7076;3;3854,3333;3854,3333;;12,1;10,9;;;;;;;5,3;15;;14401;;;;;;;;;18;20;;21;21;1;1;1;1;1;1;223988,3787;100;;;0;;;;;;;;;;;2300;;10,2;;;;;0;0;1;564;8;0;0;0;0;0;0;0;0;0;3;2;0;0;0;;0;0;0;0;0;0;0;213,5;0;11,5976;0,25;;11,6572;-0,14;;;0,14;1,77;;0;13,1206;12;;957;966;0;1758;1758;0;62;17;406;406;0;4,2615;;74;0;;0;1;;;;11,37;6;161;0;117;0;94;1;320;2;;;0;60;;;;;;300;0;0;N;19/4/2026 14:15;71;;D;99,76;224000;59114;0;CBN8;N;17;62;1;16313;;1,4;4;;;;3,89;48;36;111;0;0;0;0;0;0;0
19/4/2026 00:00;4;2026041924;7076;3;3854,5;3854,5;;12,1;10,9;;;;;;;5,3;7;;14399;;28;;;;;;;18;20;;21;21;1;1;1;1;1;1;223988,8804;100;;;0;;;;;;;;;;;2300;;10,2;;;;;0;0;0;443;4;0;0;0;0;2;0;0;0;0;1;1;0;0;0;;0;0;0;0;0;0;0;163;0;11,9681;0,25;;12,0094;-0,14;;;0,14;1,77;;0;19,4131;12;;957;966;0;;1758;0;;;;406;0;4,3404;;53;0;;0;1;;;;11,37;5;161;0;117;0;94;0;320;2;;;0;60;;;;;;300;0;0;N;19/4/2026 18:15;71;;D;99,76;224000;59115;1;CBN8;N;17;62;1;16314;;1,4;4;;;;4,13;48;36;111;0;0;0;0;0;0;0
19/4/2026 00:00;5;2026041935;7076;3;3854,6667;3854,6667;;12,1;10,9;;;;;;;5,3;8;;14401;;;;;;;;;18;20;;21;21;1;1;1;1;1;1;223982,9907;100;;;0;;;;;;;;;;;2300;;10,2;;;;;0;0;0;506;7;0;0;0;0;0;0;0;0;0;4;4;0;0;0;;0;0;0;0;0;0;0;160,5;0;11,7964;0,25;;11,8465;-0,14;;;0,14;1,77;;0;29,6443;12;;957;966;0;1742;1742;0;70;16;427;427;0;4,3039;;56;0;;0;1;;;;11,37;2;161;0;117;0;94;0;320;2;;;0;60;;;;;;300;0;0;N;19/4/2026 22:15;-42;;D;99,77;224000;59116;2;CBN8;N;16;70;;;;1,4;4;;;;4,02;48;36;112;0;0;0;0;0;0;0
19/4/2026 00:00;6;2026041936;7076;3;3854,8333;3854,8333;;12,1;10,9;;;;;;;5,3;7;;14399;;;;;;;;;18;20;;21;21;1;1;1;1;1;1;223985,7957;100;;;0;;;;;;;;;;;2300;;10,2;;;;;0;0;0;506;8;0;0;0;0;0;0;0;0;0;4;4;0;2;0;;0;0;0;0;0;0;0;121,5;0;11,6255;0,25;;11,7115;-0,14;;;0,14;1,77;;0;29,6443;12;;957;966;0;1654;1654;0;64;14;411;411;0;4,2737;;60;0;;0;0;;;;11,37;2;161;0;117;0;94;0;320;2;;;0;60;;;;;;300;0;0;N;20/4/2026 02:15;-1078;;D;99,77;224000;59117;3;CBN8;N;14;64;1;16315;;1,4;4;;;;3,93;47;36;109;0;0;0;0;0;0;0
20/4/2026 00:00;1;2026042011;7076;3;3855;3855;;12,1;10,9;;;;;;;5,3;14;;14400;;;;;;-200;0;;18;20;;21;21;1;1;1;1;1;1;223985,3421;100;;;0;;;;;;;;;2100;2100;2300;2100;10,2;;;;;0;0;0;553;7;0;0;0;0;0;0;0;0;0;4;3;0;1;0;;0;0;0;0;0;0;0;135,6667;0;11,4576;0,25;;11,5437;-0,14;;;0,14;1,77;;0;26,9439;12;;957;966;0;;1654;0;;;;411;0;4,2361;;66;0;;0;1;;;;11,37;8;161;0;117;0;94;1;320;2;;;0;60;;;;;;300;0;0;N;20/4/2026 06:15;-1078;;D;99,77;224000;59118;4;CBN8;N;14;64;1;16315;;1,4;4;2120;;7;3,82;47;36;109;0;0;0;0;0;0;0
20/4/2026 00:00;2;2026042012;7076;3;3855,1667;3855,1667;;12,1;10,9;;;;;;;5,3;5;;14399;17;;;;;;;;18;20;;21;21;1;1;1;1;1;1;223985,3769;100;;;0,8125;;300;300;;;;;;;;;;10,2;;;;;0;0;0;508;6;0;0;0;1;0;0;0;0;0;3;3;0;0;0;;0;0;0;0;0;0;0;180,6667;0;11,37;0,25;;11,45;-0,14;;;0,14;1,77;;0;17,7165;12;;957;966;0;1671;1671;0;77;14;417;417;0;4,2151;;54;0;;0;1;;;;11,37;4;161;0;117;0;94;0;320;2;;;0;60;;;;;;;0;0;N;20/4/2026 10:15;58;;D;99,77;224000;59119;5;CBN8;N;14;77;1;16316;;1,4;4;;;;3,76;48;36;109;0;0;0;0;0;0;0
20/4/2026 00:00;3;2026042023;7076;3;3855,3333;3855,3333;;12,1;10,9;;;;;;;5,3;2;;14401;;;;;;;;18;18;18;22;21;22;1;1;1;1;1;1;223985,4424;100;;;0;;;;;;;;;;;2300;;10,2;;;;;0;0;0;530;7;0;0;0;0;0;0;0;0;0;4;4;0;0;0;;0;0;0;0;0;0;0;177,25;0;11,3904;0,25;;11,4608;-0,1196;;;0,14;1,77;;0;21,8868;12;964;957;964;0;1662;1662;0;65;17;417;417;0;4,2175;;54;0;;0;1;;;;11,37;1;161;0;117;0;94;0;320;2;;;0;60;;;;;;;0;0;N;20/4/2026 14:15;-29;;D;99,77;224000;59120;6;CBN8;N;17;65;1;16316;;1,4;4;;;;3,75;48;36;112;0;0;0;0;0;0;0
20/4/2026 00:00;4;2026042024;7076;3;3855,5;3855,5;;12,1;10,9;;;;;;;5,3;11;;14399;;16;;;;;;;18;18;;21;22;1;1;1;1;1;1;223984,6774;100;;;0;;;;;;;;;;;2300;;10,2;;;;;0;0;0;551;6;0;0;0;0;1;0;0;0;0;3;3;0;0;1;;0;0;0;0;0;0;0;138,3333;0;11,41;0,25;;11,4695;-0,1;;;0,14;1,77;;0;18,6933;12;;957;964;0;;1662;0;;;;417;0;4,2195;1,5;58;0;;0;1;;;;11,37;5;161;0;117;0;94;1;320;2;;;0;60;;;;;;;0;1;N;20/4/2026 18:15;-29;;D;99,77;224000;59121;7;CBN8;N;17;65;1;16317;;1,4;4;;;;3,76;48;36;112;0;0;0;0;0;0;0
20/4/2026 00:00;5;2026042035;7076;3;3855,6667;3855,6667;;12,1;10,9;;;;;;;5,3;6;;14399;;25;;;;;;;18;18;;21;22;1;1;1;1;1;1;223984,5096;100;;;0;;;;;;;;;;;2300;;10,2;;;;;0;0;1;470;6;0;0;0;0;1;0;0;0;0;1;1;0;0;0;;0;0;0;0;0;0;0;164;0;11,8819;0,25;;12,0001;-0,1;;;0,14;1,77;;0;20,4255;12;;957;964;0;;1662;0;;;;417;0;4,3383;;74;0;;0;1;;;;11,37;4;161;0;117;0;94;0;320;2;;;0;60;;;;;;;0;1;N;20/4/2026 22:15;-115;;D;99,77;224000;59122;0;CBN8;N;20;62;;;;1,4;4;;;;4,11;53;36;124;0;0;0;0;0;0;0
20/4/2026 00:00;6;2026042036;7076;3;3855,8333;3855,8333;;12,1;10,9;;;;;;;5,3;8;;14400;;9;;;;;;;18;18;;21;22;1;1;1;1;1;1;223984,594;100;;;0;;;;;;;;;;;2300;;10,2;;;;;0;0;0;523;6;0;0;0;0;1;0;0;0;0;3;3;0;1;0;;0;0;0;0;0;0;0;167,6667;0;11,9426;0,25;;12,0198;-0,1;;;0,14;1,77;;0;17,2084;12;;957;964;0;1612;1612;0;56;18;408;408;0;4,3427;;73;0;;0;0;;;;11,37;4;161;0;117;0;94;1;320;2;;;0;60;;;;;;;0;1;N;21/4/2026 02:15;-78;;D;99,77;224000;59123;1;CBN8;N;18;56;1;16318;;1,4;4;;;;4,13;54;36;122;0;0;0;0;0;0;0
21/4/2026 00:00;1;2026042111;7076;3;3856;3856;;12,1;10,9;;;;;;;5,3;9;;14400;;;;;;;;;18;18;;21;22;1;1;1;1;1;1;223984,2328;100;;;0;;;;;;;;;;;2300;;10,2;;;;;0;0;0;622;6;0;0;0;0;0;0;0;0;0;4;4;0;0;0;;0;0;0;0;0;0;0;188,75;0;11,7726;0,25;;11,8509;-0,1;;;0,14;1,77;;0;19,7749;12;;957;964;0;;1612;0;;;;408;0;4,3049;;62;0;;0;1;;;;11,37;3;161;0;117;0;94;1;320;2;;;0;60;;;;;;;0;1;N;21/4/2026 06:15;-458;;D;99,78;224000;59124;2;CBN8;N;18;56;1;16318;;1,4;4;;;;4,01;54;36;121;0;0;0;0;0;0;0
21/4/2026 00:00;2;2026042112;7076;3;3856,1667;3856,1667;;12,1;10,9;;;;;;;5,3;10;;14399;;;;;;;;;18;18;;21;22;1;1;1;1;1;1;223984,2259;100;;;0;;;;;;;;;;;2300;;10,2;;;;;0;0;0;497;7;0;0;0;0;0;0;0;0;0;3;3;0;0;0;;0;0;0;0;0;0;0;133,6667;0;11,6036;0,25;;11,6598;-0,1;;;0,14;1,77;;0;32,998;12;;957;964;0;1521;1521;0;56;18;397;397;0;4,2621;;62;0;;0;1;;;;11,37;3;161;0;117;0;94;0;320;2;;;0;60;;;;;;;0;1;N;21/4/2026 10:15;-458;;D;99,78;224000;59125;3;CBN8;N;18;56;1;16319;;1,4;4;;;;3,89;54;36;121;0;0;0;0;0;0;0
21/4/2026 00:00;3;2026042123;7076;3;3856,3333;3856,3333;;12,1;10,9;;;;;;;5,3;17;;14400;;;;;;20;166;;18;18;;21;22;1;1;1;1;1;1;223984,4214;100;;;0;;;;;;;;;2486;2486;2300;2320;10,2;;;;;0;0;0;508;7;0;0;0;0;0;0;0;0;0;4;4;0;0;0;;0;0;0;0;0;0;0;154,25;0;11,4436;0,25;;11,5277;-0,1;;;0,14;1,77;;0;28,3465;12;;957;964;0;1627;1627;0;98;13;422;422;0;4,2325;;81;0;;0;1;;;;11,37;7;161;0;117;0;94;0;320;2;;;0;60;;;;;;;0;1;N;21/4/2026 14:15;329;;D;99,77;224000;59126;4;CBN8;N;13;98;1;16319;;1,4;4;2320;;7;3,8;51;37;118;0;0;0;0;0;0;0
21/4/2026 00:00;4;2026042124;7076;3;3856,5;3856,5;;12,1;10,9;;;;;;;5,3;15;;14400;16;;;;;;;;18;18;;21;22;1;1;1;1;1;1;223982,9617;100;;;0;;;;;;;;;;;;;10,2;;;;;0;0;0;501;7;0;0;0;1;0;0;0;0;0;3;3;0;1;0;;0;0;0;0;0;0;0;188,6667;0;11,41;0,25;;11,4996;-0,1;;;0,14;1,77;;0;21,9561;12;;957;964;0;;1627;0;;;;422;0;4,2262;;86;0;;0;1;;;;11,37;5;161;0;117;0;94;0;320;2;;;0;60;;;;;;;0;1;N;21/4/2026 18:15;329;;D;99,77;224000;59127;5;CBN8;N;13;98;1;16320;;1,4;4;;;;3,78;51;37;118;0;0;0;0;0;0;0
21/4/2026 00:00;5;2026042135;7076;3;3856,6667;3856,6667;12,2;12,1;12,2;;;;;;5,3;5,3;12;;14399;;;;;;;;19;18;19;20;21;20;1;1;1;1;1;1;223983,9041;100;;;4,625;;;;;;;;;;;2300;;10,2;;;;;5;2;0;585;7;0;0;0;0;0;0;0;0;0;4;3;0;0;0;;0;0;0;0;0;0;0;207,6667;0;11,4204;0,25;;11,4675;-0,0896;;;0,14;1,77;;0;17,094;12;959;957;959;14,5843;;1627;14,5843;;;;422;0;4,219;;116;0;;0;1;;;;11,37;6;161;0;117;0;94;1;320;2;;;0;60;;;;;;;0;1;N;21/4/2026 22:15;329;;D;99,77;224000;59128;6;CBN8;N;13;98;;;;1,4;4;;;;3,73;51;37;118;0;0;0;0;0;0;0
21/4/2026 00:00;6;2026042136;7076;3;3856,8333;3856,8333;;12,1;12,2;;;;;;;5,3;14;;14401;;8;;;;;;;18;19;;21;20;1;1;1;1;1;1;223983,03;100;;;0;;;;;;;;;;;2300;;10,2;;;;;0;0;1;538;5;0;0;0;0;1;0;0;2;0;2;2;0;1;1;;0;0;0;0;0;0;0;212;0;12,1302;0,25;;12,2232;-0,03;;;0,14;1,77;;0;16,5428;12;;957;959;0;1578;1578;0;78;16;414;414;0;4,3883;;63;0;;0;0;;;;11,37;9;161;0;117;0;94;0;320;2;;;0;60;;;;;;;0;-1;N;22/4/2026 02:15;-142;;D;99,77;224000;59129;0;CBN8;N;16;78;1;16321;;1,4;4;;;;4,23;50;37;116;0;0;0;0;0;0;0
22/4/2026 00:00;1;2026042211;7076;3;3857;3857;;12,1;12,2;;;;;;;5,3;8;;14399;;;;;;;;;18;19;;21;20;1;1;1;1;1;1;223983,1817;100;;;0;;;;;;;;;;;2300;;10,2;;;;;0;0;1;549;6;0;0;0;0;0;0;0;0;0;3;3;0;0;0;;0;0;0;0;0;0;0;161,6667;0;12,1643;0,25;;12,2661;-0,03;;;0,14;1,77;;0;20,2186;11;;957;959;0;1562;1562;0;62;12;419;419;0;4,3979;;81;0;;0;1;;;;11,37;6;161;0;117;0;94;0;320;2;;;0;60;;;;;;;0;-1;N;22/4/2026 06:15;-56;;D;99,77;224000;59130;0;CBN8;N;12;62;1;16321;;1,4;3;;;;4,2;50;37;114;0;0;0;0;0;0;0
22/4/2026 00:00;2;2026042212;7076;3;3857,1667;3857,1667;;12,1;12,2;;;;;;;5,3;3;;14401;;30,5;;;;;;;18;19;;21;20;1;1;1;1;1;1;224051,1389;100;;;0;;;;;;;;;;;2300;;10,2;;;;;0;0;0;391;3;0;0;0;0;2;0;0;0;0;1;1;0;2;0;;0;0;0;0;0;0;0;109;0;12,3957;0,25;;12,4632;-0,03;;;0,14;1,77;;0;30,9463;11;;957;959;0;;1562;0;;;;419;0;4,4429;;59;0;;0;1;;;;11,37;2;161;0;117;0;94;0;320;2;;;0;60;;;;;;;0;-1;N;22/4/2026 10:15;-56;;D;99,77;224073,4;59131;1;CBN8;N;12;62;1;16322;;1,4;3;;;;4,33;50;37;114;0;0;0;0;0;0;0
22/4/2026 00:00;3;2026042223;7076;3;3857,3333;3857,3333;;12,1;12,2;;;;;;;5,3;3;;14399;;;;;;;;;18;19;;21;20;1;1;1;1;1;1;224174,9236;100;;;0;;;;;;;;;;;2300;;10,2;;;;;0;0;0;482;6;0;0;0;0;0;0;0;0;0;3;3;0;0;0;;0;0;0;0;0;0;0;117,6667;0;12,0437;0,25;;12,1277;-0,03;;;0,14;1,77;;0;38,1743;11;;957;959;0;1510;1510;0;47;14;460;460;0;4,3693;;64;0;;0;1;;;;11,35;2;161;0;117;0;94;0;320;2;;;0;60;;;;;;;0;-1;N;22/4/2026 14:15;-168;;D;99,78;224200;59132;2;CBN8;N;14;47;1;16322;;1,4;3;;;;4,11;52;38;115;0;0;0;0;0;0;0
22/4/2026 00:00;4;2026042224;7076;3;3857,5;3857,5;;12,1;12,2;;;;;;;5,3;10;;14400;;;;;;;;;18;19;;21;20;1;1;1;1;1;1;224174,7586;100;;;0;;;;;;;;;;;2300;;10,2;;;;;0;0;0;508;7;0;0;0;0;0;0;0;0;0;4;4;0;0;0;;0;0;0;0;0;0;0;142,25;0;11,7381;0,25;;11,7972;-0,03;;;0,14;1,77;;0;28,937;11;;957;959;0;;1510;0;;;;460;0;4,2952;;73;0;;0;1;;;;11,35;3;161;0;117;0;94;0;320;2;;;0;60;;;;;;;0;-1;N;22/4/2026 18:15;-168;;D;99,78;224200;59133;3;CBN8;N;14;47;1;16323;;1,4;3;;;;3,89;52;38;115;0;0;0;0;0;0;0
22/4/2026 00:00;5;2026042235;7076;3;3857,6667;3857,6667;;12,1;12,2;;;;;;;5,3;6;;14400;;;;;;-300;0;;18;19;;21;20;1;1;1;1;1;1;224173,9789;100;;;0;;;;;;;;;2000;2000;2300;2000;10,2;;;;;0;0;0;478;6;0;0;0;0;0;0;0;0;0;4;4;0;0;0;;0;0;0;0;0;0;0;145,25;0;11,5587;0,25;;11,5974;-0,03;;;0,14;1,77;;0;39,749;11;;957;959;0;;1510;0;;;;460;0;4,2504;;67;0;;0;1;;;;11,35;2;161;0;117;0;94;0;320;2;;;0;60;;;;;;;0;-1;N;22/4/2026 22:15;-168;;D;99,78;224200;59134;4;CBN8;N;14;47;;;;1,4;3;2040;;7;3,76;52;38;115;0;0;0;0;0;0;0
22/4/2026 00:00;6;2026042236;7076;3;3857,8333;3857,8333;;12,1;12,2;;;;;;;5,3;24;;14399;;17;;;;;;;18;19;;21;20;1;1;1;1;1;1;224171,3571;100;;;0;;;;;;;;;;;;;10,2;;;;;0;0;0;491;6;0;0;0;0;1;0;0;0;0;1;1;0;0;0;;2;0;0;0;0;0;0;110;0;11,4606;0,25;;11,4824;-0,03;;;0,14;1,77;;0;39,3075;11;;957;959;0;1447;1447;0;57;11;459;459;0;4,2246;;59;0;;0;0;;;;11,35;10;161;0;117;0;94;1;320;2;;;0;60;;;;;;;0;-1;N;23/4/2026 02:15;-731;;D;99,79;224200;59135;5;CBN8;N;11;57;1;16324;;1,4;3;;;;3,69;47;36;108;0;0;0;0;0;0;0
23/4/2026 00:00;1;2026042311;7076;3;3858;3858;;12,1;12,2;;;;;;;5,3;15;;14399;;;;;;;;18;18;18;21;21;21;1;1;1;1;1;1;224173,7741;100;;;0;;;;;;;;;;;2300;;10,2;;;;;0;0;0;505;7;0;0;0;0;0;0;0;0;0;3;3;0;0;0;;0;0;0;0;0;0;0;156,3333;0;11,4021;0,25;;11,4431;-0,0879;;;0,14;1,77;;0;29,901;11;969;957;969;0;1440;1440;0;54;12;496;496;0;4,2158;;58;0;;0;1;;;;11,35;5;161;0;117;0;94;0;320;2;;;0;60;;;;;;;0;-1;N;23/4/2026 06:15;-38;;D;99,79;224200;59136;6;CBN8;N;12;54;1;16324;;1,4;3;;;;3,71;47;37;108;0;0;0;0;0;0;0
23/4/2026 00:00;2;2026042312;7076;3;3858,1667;3858,1667;;12,1;12,2;;;;;;;5,3;13;;14401;;;;;;;;;18;18;;21;21;1;1;1;1;1;1;224174,1006;100;;;0;;;;;;;;;;;2300;;10,2;;;;;0;0;0;499;7;0;1;0;0;0;0;0;0;0;4;4;0;0;1;;0;0;0;0;0;0;0;171,25;0;11,29;0,25;;11,3603;-0,2;;;0,14;1,77;;0;23,6473;11;;957;969;0;;1440;0;;;;496;0;4,1972;;55;0;;0;1;;;;11,35;3;161;0;117;0;94;0;320;2;;;0;60;;;;;;;0;0;N;23/4/2026 10:15;-38;;D;99,79;224200;59137;7;CBN8;N;12;54;1;16325;;1,4;3;;;;3,66;47;37;108;0;0;0;0;0;0;0
23/4/2026 00:00;3;2026042323;7076;3;3858,3333;3858,3333;;12,1;12,2;;;;;;;5,3;8;;14399;;17;;;;;;;18;18;;21;21;1;1;1;1;1;1;224174,6648;100;;;0;;;;;;;;;;;2300;;10,2;;;;;0;0;1;471;6;0;0;0;0;1;0;0;0;0;2;2;0;0;0;;0;0;0;0;0;0;0;143;0;11,5272;0,25;;11,57;-0,2;;;0,14;1,77;;0;19,1083;11;;957;969;0;1535;1535;0;50;10;508;508;0;4,2442;;64;0;;0;1;;;;11,35;6;161;0;117;0;94;0;320;2;;;0;60;;;;;;;0;0;N;23/4/2026 14:15;377;;D;99,78;224200;59138;0;CBN8;N;10;50;1;16325;;1,4;1;;;;3,8;48;35;120;0;0;0;0;0;0;0
23/4/2026 00:00;4;2026042324;7076;3;3858,5;3858,5;;12,1;12,2;;;;;;;5,3;11;;14400;;25;;;;;;;18;18;;21;21;1;1;1;1;1;1;224174,2325;100;;;0;;;;;;;;;;;2300;;10,2;;;;;0;0;0;464;5;0;0;0;0;2;0;0;0;0;2;2;0;0;0;;0;0;0;0;0;0;0;135;0;11,8845;0,25;;11,9154;-0,2;;;0,14;1,77;;0;23,2759;11;;957;969;0;1427;1427;0;47;18;504;504;0;4,3217;;56;0;;0;1;;;;11,35;6;161;0;117;0;94;0;320;2;;;0;60;;;;;;;0;0;N;23/4/2026 18:15;-830;;D;99,8;224200;59139;1;CBN8;N;18;47;1;16326;;1,4;3;;;;4,02;48;37;111;0;0;0;0;0;0;0
23/4/2026 00:00;5;2026042335;7076;3;3858,6667;3858,6667;;12,1;12,2;;;;;;;5,3;3;;14400;;;;;;;;;18;18;;21;21;1;1;1;1;1;1;224173,7325;100;;;0;;;;;;;;;;;2300;;10,2;;;;;0;0;0;531;7;0;0;0;0;0;0;0;0;0;4;4;0;0;0;;0;0;0;0;0;0;0;165,75;0;11,7128;0,25;;11,7833;-0,2;;;0,14;1,77;;0;22,0339;11;;957;969;0;1461;1461;0;58;16;514;514;0;4,292;;58;0;;0;1;;;;11,35;1;161;0;117;0;94;0;320;2;;;0;60;;;;;;;0;0;N;23/4/2026 22:15;129;;D;99,78;224200;59140;2;CBN8;N;16;58;;;;1,4;3;;;;3,94;49;37;115;0;0;0;0;0;0;0
23/4/2026 00:00;6;2026042336;7076;3;3858,8333;3858,8333;;12,1;12,2;;;;;;;5,3;6;;14400;;;;;;;;;18;18;;21;21;1;1;1;1;1;1;224174,7378;100;;;0;;;;;;;;;;;2300;;10,2;;;;;0;0;0;511;7;0;0;0;0;0;0;0;0;0;4;4;0;1;0;;0;0;0;0;0;0;0;153,25;0;11,5419;0,25;;11,6383;-0,2;;;0,14;1,77;;0;28,3757;11;;957;969;0;1434;1434;0;64;13;511;511;0;4,2595;;60;0;;0;0;;;;11,35;2;161;0;117;0;94;0;320;2;;;0;60;;;;;;;0;0;N;24/4/2026 02:15;-179;;D;99,79;224200;59141;3;CBN8;N;13;64;1;16327;;1,4;3;;;;3,84;49;37;113;0;0;0;0;0;0;0
24/4/2026 00:00;1;2026042411;7076;3;3859;3859;;12,1;12,2;;;;;;;5,3;7;;14399;;;;;;0;0;;18;18;;21;21;1;1;1;1;1;1;224174,5016;100;;;0;;;;;;;;;2300;2300;2300;2300;10,2;;;;;0;0;0;503;7;0;0;0;0;0;0;0;0;0;4;4;0;0;0;;0;0;0;0;0;0;0;147,75;0;11,3685;0,25;;11,4067;-0,2;;;0,14;1,77;;0;28,827;11;;957;969;0;1394;1394;0;59;13;506;506;0;4,2076;;56;0;;0;1;;;;11,35;2;161;0;117;0;94;0;320;2;;;0;60;;;;;;;0;0;N;24/4/2026 06:15;-195;;D;99,79;224200;59142;4;CBN8;N;13;59;1;16327;;1,4;3;2300;;7;3,69;49;38;114;0;0;0;0;0;0;0
24/4/2026 00:00;2;2026042412;7076;3;3859,1667;3859,1667;;12,1;12,2;;;;;;;5,3;6;;14399;15;;;;;;;;18;18;;21;21;1;1;1;1;1;1;224172,2095;100;;;0;;;;;;;;;;;;;10,2;180;;;;0;0;0;507;6;0;0;0;1;0;0;0;0;0;3;3;0;0;0;;0;0;0;0;0;0;0;140;0;11,29;0,25;;11,3288;-0,2;;;0,14;1,77;;0;21,8935;11;;957;969;0;;1394;0;;;;506;0;4,1901;;49;0;;1;1;;;;11,35;2;161;0;117;0;94;0;320;2;;;0;60;;;;;;;0;0;N;24/4/2026 10:15;-195;;D;99,79;224200;59143;5;CBN8;N;13;59;1;16328;;1,4;3;;;;3,64;49;38;114;0;0;0;0;0;0;0
24/4/2026 00:00;3;2026042423;7076;3;3859,3333;3859,3333;9,7;12,1;9,7;;;;;;5;5;5;;14400;;;;;;;;16;18;16;20;21;20;1;1;1;1;1;1;224173,8436;100;;;0;;;;;;;;;;;2300;;10,2;;;;;0;0;0;500;7;0;0;0;0;0;0;0;0;0;4;4;0;0;0;;0;0;0;0;0;0;0;115,75;0;11,3104;0,25;;11,3336;-0,1796;;;0,14;1,78;1,78;0;31,4;11;968;957;968;0;1428;1428;0;45;23;514;514;0;4,1912;;47;0;;0;1;;;;11,35;2;161;0;117;0;94;0;320;2;;;0;60;;;;;;;0;0;N;24/4/2026 14:15;100;;D;99,79;224200;59144;6;CBN8;N;23;45;1;16328;;1,4;3;;;;3,63;52;37;122;0;0;0;0;0;0;0
24/4/2026 00:00;4;2026042424;7076;3;3859,5;3859,5;;12,1;9,7;;;;;;;5;4;;14401;;17;;;;;;;18;16;;21;20;1;1;1;1;1;1;224176,1458;100;;;0;;;;;;;;;;;2300;;10,2;;;;;0;0;0;489;7;0;0;0;0;1;0;0;0;0;2;2;0;0;1;;0;0;0;0;0;0;0;107;0;11,3983;0,25;;11,4129;-0,17;;;0,2183;1,78;;0;24,9489;11;;957;968;0;;1428;0;;;;514;0;4,209;;50;0;;0;1;;;;11,35;2;161;0;117;0;94;0;320;2;;;0;60;;;;;;;0;-1;N;24/4/2026 18:15;100;;D;99,79;224200;59145;7;CBN8;N;23;45;1;16329;;1,4;3;;;;3,68;52;37;122;0;0;0;0;0;0;0
24/4/2026 00:00;5;2026042435;7076;3;3859,6667;3859,6667;;12,1;9,7;;;;;;;5;6;;14399;;;;;;;;;18;16;;21;20;1;1;1;1;1;1;224174,6579;100;;;0;;;;;;;;;;;2300;;10,2;;;;;0;0;0;515;7;0;0;0;0;0;0;0;0;0;4;4;0;0;0;;0;0;0;0;0;0;0;125,25;0;11,5065;0,25;;11,5631;-0,17;;;0,22;1,78;;0;25,4369;9;;957;968;0;;1428;0;;;;514;0;4,2427;;64;0;;0;1;;;;11,35;3;161;0;117;0;94;0;320;2;;;0;60;;;;;;;0;-1;N;24/4/2026 22:15;-266;;D;99,79;224200;59146;8;CBN8;N;14;57;;;;1,4;3;;;;3,89;50;38;117;0;0;0;0;0;0;0
24/4/2026 00:00;6;2026042436;7076;3;3859,8333;3859,8333;;12,1;9,7;;;;;;;5;10;;14399;;24;;;;;;;18;16;;21;20;1;1;1;1;1;1;224173,4269;100;;;0;;;;;;;;;;;2300;;10,2;;;;;0;0;1;415;6;0;0;0;0;2;0;0;0;0;0;0;0;0;0;;0;0;0;0;0;0;0;;0;12,025;0,25;;12,0786;-0,17;;;0,22;1,78;;0;23,3735;9;;957;968;0;1331;1331;0;57;14;499;499;0;4,3583;;55;0;;0;0;;;;11,35;4;161;0;117;0;94;0;320;2;;;0;60;;;;;;;0;-1;N;25/4/2026 02:15;-266;;D;99,79;224200;59147;0;CBN8;N;14;57;1;16330;;1,4;3;;;;4,25;50;38;117;0;0;0;0;0;0;0
25/4/2026 00:00;1;2026042511;7076;3;3860;3860;;12,1;9,7;;;;;;;5;10;;14401;;;;;;;;;18;16;;21;20;1;1;1;1;1;1;224172,517;100;;;0;;;;;;;;;;;2300;;10,2;;;;;0;0;0;506;9;0;0;0;0;0;0;0;0;0;4;4;0;0;0;;0;0;0;0;0;0;0;146,5;0;11,8539;0,25;;11,9008;-0,17;;;0,22;1,78;;0;29,6443;9;;957;968;0;1343;1343;0;46;14;501;501;0;4,3184;;54;0;;0;1;;;;11,35;3;161;0;117;0;94;0;320;2;;;0;60;;;;;;;0;-1;N;25/4/2026 06:15;40;;D;99,81;224200;59148;1;CBN8;N;14;46;1;16330;;1,4;3;;;;4,12;49;38;117;0;0;0;0;0;0;0
25/4/2026 00:00;2;2026042512;7076;3;3860,1667;3860,1667;;12,1;9,7;;;;;;;5;7;;14400;;30;;;;;;;18;16;;21;20;1;1;1;1;1;1;224171,1299;100;;;0;;;;;;;;;;;2300;;10,2;;;;;0;0;0;520;9;0;0;0;0;1;0;0;0;0;2;2;0;0;0;;0;0;0;0;0;0;0;178;0;11,6845;0,25;;11,7492;-0,17;;;0,22;1,78;;0;18,0769;9;;957;968;0;;1343;0;;;;501;0;4,2844;;52;0;;0;1;;;;11,35;2;161;0;117;0;94;1;320;2;;;0;60;;;;;;;0;-1;N;25/4/2026 10:15;40;;D;99,81;224200;59149;2;CBN8;N;14;46;1;16331;;1,4;3;;;;4,02;49;38;117;0;0;0;0;0;0;0
25/4/2026 00:00;3;2026042523;7076;3;3860,3333;3860,3333;;12,1;9,7;;;;;;;5;3;;14400;;;;;;0;0;;18;16;;21;20;1;1;1;1;1;1;224172,0875;100;;;0;;;;;;;;;2300;2300;2300;2300;10,2;;;;;0;0;0;504;9;0;0;0;0;0;0;0;0;0;4;4;0;0;0;;0;0;0;0;0;0;0;153,75;0;11,515;0,25;;11,5878;-0,17;;;0,22;1,78;;0;30,1587;9;;957;968;0;1326;1326;0;35;18;497;497;0;4,2482;;50;0;;0;1;;;;11,35;1;161;0;117;0;94;0;320;2;;;0;60;;;;;;;0;-1;N;25/4/2026 14:15;-48;;D;99,81;224200;59150;3;CBN8;N;18;35;1;16331;;1,4;3;2280;;6;3,91;49;38;114;0;0;0;0;0;0;0
25/4/2026 00:00;4;2026042524;7076;3;3860,5;3860,5;;12,1;9,7;;;;;;;5;5;;14399;13;;;;;;;;18;16;;21;20;1;1;1;1;1;1;224172,7235;100;;;0;;;;;;;;;;;;;10,2;;;;;0;0;0;511;9;0;0;0;1;0;0;0;0;0;3;3;0;0;0;;0;0;0;0;0;0;0;158;0;11,4028;0,25;;11,4798;-0,17;;;0,22;1,78;;0;22,1135;9;;957;968;0;;1326;0;;;;497;0;4,224;;51;0;;0;1;;;;11,35;1;161;0;117;0;94;0;320;2;;;0;60;;;;;;;0;-1;N;25/4/2026 18:15;-48;;D;99,81;224200;59151;4;CBN8;N;18;35;1;16332;;1,4;3;;;;3,84;49;38;114;0;0;0;0;0;0;0
25/4/2026 00:00;5;2026042535;7076;3;3860,6667;3860,6667;;12,1;9,7;;;;;;;5;7;;14399;;;;;;;;17;18;17;21;21;21;1;1;1;1;1;1;224170,6565;100;;;0;;;;;;;;;;;2300;;10,2;;;;;0;0;0;505;10;0;0;0;0;0;0;0;0;0;4;4;0;0;0;;0;0;0;0;0;0;0;143,5;0;11,383;0,25;;11,4439;-0,187;;;0,22;1,78;;0;29,703;9;978;957;978;0;1302;1302;0;45;14;484;484;0;4,216;;50;0;;0;1;;;;11,35;2;161;0;117;0;94;0;320;2;;;0;60;;;;;;;0;-1;N;25/4/2026 22:15;-89;;D;99,81;224200;59152;5;CBN8;N;14;45;;;;1,4;3;;;;3,87;48;39;113;0;0;0;0;0;0;0
25/4/2026 00:00;6;2026042536;7076;3;3860,8333;3860,8333;;12,1;9,7;;;;;;;5;4;;14400;;11;;;;;;;18;17;;21;21;1;1;1;1;1;1;224171,119;100;;;0;;;;;;;;;;;2300;;10,2;;;;;0;0;0;514;9;0;1;0;0;1;0;0;0;0;3;3;0;0;1;;0;0;0;0;0;0;0;169,3333;0;11,35;0,25;;11,3765;-0,22;;;0,22;1,78;;0;21,4008;9;;957;978;0;;1302;0;;;;484;0;4,2008;1,5;52;0;;0;0;;;;11,35;1;161;0;117;0;94;0;320;2;;;0;60;;;;;;;0;0;N;26/4/2026 02:15;-89;;D;99,81;224200;59153;6;CBN8;N;14;45;1;16333;;1,4;3;;;;3,82;48;39;113;0;0;0;0;0;0;0
26/4/2026 00:00;1;2026042611;7076;3;3861;3861;;12,1;9,7;;;;;;;5;7;;14400;;;;;;;;;18;17;;21;21;1;1;1;1;1;1;224171,8325;100;;;0;;;;;;;;;;;2300;;10,2;;;;;0;0;1;534;8;0;0;0;0;0;0;0;0;0;3;3;0;0;0;;0;0;0;0;0;0;0;160;0;11,5626;0,25;;11,6217;-0,22;;;0,22;1,78;;0;19,6629;9;;957;978;0;1281;1281;0;48;16;485;485;0;4,2558;;67;0;;0;1;;;;11,35;5;161;0;117;0;94;0;320;2;;;0;60;;;;;;;0;0;N;26/4/2026 06:15;438;;D;99,8;224200;59154;0;CBN8;N;16;48;1;16333;;1,4;3;;;;3,99;50;39;120;0;0;0;0;0;0;0
26/4/2026 00:00;2;2026042612;7076;3;3861,1667;3861,1667;;12,1;9,7;;;;;;;5;7;;14400;;31;;;;;;;18;17;;21;21;1;1;1;1;1;1;224174,7969;100;;;0;;;;;;;;;;;2300;;10,2;;;;;0;0;0;420;4;0;0;0;0;2;0;0;0;0;1;1;0;0;0;;0;0;0;0;0;0;0;128;0;11,9519;0,25;;11,985;-0,22;;;0,22;1,78;;0;21,6667;9;;957;978;0;;1281;0;;;;485;0;4,3373;;61;0;;0;1;;;;11,35;5;161;0;117;0;94;0;320;2;;;0;60;;;;;;;0;0;N;26/4/2026 10:15;438;;D;99,8;224200;59155;1;CBN8;N;16;48;1;16334;;1,4;3;;;;4,24;50;39;120;0;0;0;0;0;0;0
26/4/2026 00:00;3;2026042623;7076;3;3861,3333;3861,3333;;12,1;9,7;;;;;;;5;7;;14402;;16;;;;;;;18;17;;21;21;1;1;1;1;1;1;224174,5034;100;;;3,2917;;;;;;;;;;;2300;;10,2;;;;;0;0;0;481;10;0;0;0;0;1;0;0;0;0;2;2;0;1;0;;0;0;0;0;0;0;0;175;0;11,7817;0,25;;11,8028;-0,22;;;0,22;1,78;;0;25,9875;9;;957;978;0;1369;1369;0;59;12;515;515;0;4,2964;;64;1;;0;1;;;;11,35;4;161;0;117;0;94;0;320;2;;;0;60;;;;;;;0;0;N;26/4/2026 14:15;249;;D;99,77;224200;59156;2;CBN8;N;12;59;1;16334;;1,4;3;;;;4,12;51;69;120;0;0;0;0;0;0;0
26/4/2026 00:00;4;2026042624;7076;3;3861,5;3861,5;;12,1;9,7;;;;;;;5;5;;14397;;;;;;;;;18;17;;21;21;1;1;1;1;1;1;224176,4416;100;;;0;;;;;;;;;;;2300;;10,2;;;;;0;0;0;507;9;0;0;0;0;0;0;0;0;0;4;4;0;1;0;;0;0;0;0;0;0;0;160,25;0;11,6146;0,25;;11,7171;-0,22;;;0,22;1,78;;0;29,783;9;;957;978;0;1296;1296;0;47;10;498;498;0;4,2772;;58;0;;0;1;;;;11,35;2;161;0;117;0;94;0;320;2;;;0;60;;;;;;;0;0;N;26/4/2026 18:15;-573;;D;99,81;224200;59157;3;CBN8;N;10;47;1;16335;;1,4;3;;;;4,06;49;39;117;0;0;0;0;0;0;0
26/4/2026 00:00;5;2026042635;7076;3;3861,6667;3861,6667;;12,1;9,7;;;;;;;5;19;;14400;;;;;;-80;0;;18;17;;21;21;1;1;1;1;1;1;224178,4925;100;;;0;;;;;;;;;2220;2220;2300;2220;10,2;;;;;0;0;0;499;10;0;0;0;0;0;0;0;0;0;4;4;0;1;0;;0;0;0;0;0;0;0;128,75;0;11,4487;0,25;;11,5129;-0,22;;;0,22;1,78;;0;28,4569;9;;957;978;0;1201;1201;0;39;10;472;472;0;4,2314;;62;0;;0;1;;;;11,35;7;161;0;117;0;94;0;320;2;;;0;60;;;;;;;0;0;N;26/4/2026 22:15;-459;;D;99,82;224200;59158;4;CBN8;N;10;39;;;;1,4;3;2220;;7;3,92;48;39;113;0;0;0;0;0;0;0
26/4/2026 00:00;6;2026042636;7076;3;3861,8333;3861,8333;;12,1;9,7;;;;;;;5;7;;14400;22;;;;;;;;18;17;;21;21;1;1;1;1;1;1;224176,7259;100;;;0;;;;;;;;;;;;;10,2;;;;;0;0;0;487;8;0;0;0;1;0;0;0;0;0;3;3;0;0;0;;0;0;0;0;0;0;0;143;0;11,3506;0,25;;11,4228;-0,22;;;0,22;1,78;;0;22,7926;9;;957;978;0;;1201;0;;;;472;0;4,2112;;63;0;;0;0;;;;11,35;3;161;0;117;0;94;0;320;2;;;0;60;;;;;;;0;0;N;27/4/2026 02:15;-459;;D;99,82;224200;59159;5;CBN8;N;10;39;1;16336;;1,4;3;;;;3,85;48;39;113;0;0;0;0;0;0;0
27/4/2026 00:00;1;2026042711;7076;3;3862;3862;10,2;12,1;10,2;;;;;;5,1;5,1;13;;14400;;;;;;;;20;18;20;20;21;20;1;1;1;1;1;1;224176,9033;100;;;0;;;;;;;;;;;2300;;10,2;;;;;0;0;0;519;9;0;0;0;0;0;0;0;0;0;4;4;0;0;0;;0;0;0;0;0;0;0;168;0;11,4848;0,25;;11,5392;-0,0852;;;0,22;1,78;;0;25,6262;9;962;957;962;0;1271;1271;0;66;14;474;474;0;4,2373;;76;0;;0;1;;;;11,35;4;161;0;117;0;94;0;320;2;;;0;60;;;;;;300;0;0;N;27/4/2026 06:15;232;;D;99,8;224200;59160;6;CBN8;N;14;66;1;16336;;1,4;3;;;;3,84;48;38;114;0;0;0;0;0;0;0
27/4/2026 00:00;2;2026042712;7076;3;3862,1667;3862,1667;;12,1;10,2;;;;;;;5,1;5;;14400;;13;;;;;;;18;20;;21;20;1;1;1;1;1;1;224179,2318;100;;;0;;;;;;;;;;;2300;;10,2;;;;;0;0;0;524;7;0;0;0;0;1;0;0;0;0;3;3;0;0;1;;0;0;0;0;0;0;0;193;0;11,55;0,25;;11,618;-0,02;;;0,22;1,78;;0;16,4122;9;;957;962;0;;1271;0;;;;474;0;4,255;;72;0;;0;1;;;;11,35;1;161;0;117;0;94;0;320;2;;;0;60;;;;;;300;0;-1;N;27/4/2026 10:15;232;;D;99,8;224200;59161;7;CBN8;N;14;66;1;16337;;1,4;3;;;;3,9;48;38;114;0;0;0;0;0;0;0
27/4/2026 00:00;3;2026042723;7076;3;3862,3333;3862,3333;;12,1;10,2;;;;;;;5,1;19;;14400;;;;;;;;;18;20;;21;20;1;1;1;1;1;1;224179,7249;100;;;0;;;;;;;;;;;2300;;10,2;;;;;0;0;0;620;9;0;0;0;0;0;0;0;0;0;3;2;0;0;0;;0;0;0;0;0;0;0;190,5;0;11,7174;0,25;;11,7783;-0,02;;;0,22;1,78;;0;13,7097;5;;957;962;0;1297;1297;0;83;12;475;475;0;4,2909;;99;0;;0;1;;;;11,35;9;161;0;117;0;94;1;320;2;;;0;60;;;;;;300;0;-1;N;27/4/2026 14:15;70;;D;99,8;224200;59162;8;CBN8;N;12;83;1;16337;;1,4;7;;;;3,98;48;39;114;0;0;0;0;0;0;0
27/4/2026 00:00;4;2026042724;7076;3;3862,5;3862,5;;12,1;10,2;;;;;;;5,1;11;;14400;;16,5;;;;;;;18;20;;21;20;1;1;1;1;1;1;224179,6569;100;;;0;;;;;;;;;;;2300;;10,2;;;;;0;0;1;468;5;0;0;0;0;2;0;0;0;0;1;1;0;0;0;;0;0;0;0;0;0;0;163;0;12,1628;0,25;;12,2544;-0,02;;;0,22;1,78;;0;19,8718;5;;957;962;0;1283;1283;0;51;11;474;474;0;4,3977;;63;0;;0;1;;;;11,35;6;161;0;117;0;94;0;320;2;;;0;60;;;;;;300;0;-1;N;27/4/2026 18:15;-98;;D;99,8;224200;59163;0;CBN8;N;11;51;1;16338;;1,4;3;;;;4,3;49;38;118;0;0;0;0;0;0;0
27/4/2026 00:00;5;2026042735;7076;3;3862,6667;3862,6667;;12,1;10,2;;;;;;;5,1;15;;14399;;;;;;;;;18;20;;21;20;1;1;1;1;1;1;224176,292;100;;;0;;;;;;;;;;;2300;;10,2;;;;;0;0;0;507;8;0;0;0;0;0;0;0;0;0;4;4;0;0;0;;0;0;0;0;0;0;0;160,5;0;11,9911;0,25;;12,0767;-0,02;;;0,22;1,78;;0;29,783;5;;957;962;0;1284;1284;0;52;15;475;475;0;4,3578;;73;0;;0;1;;;;11,35;4;161;0;117;0;94;0;320;2;;;0;60;;;;;;300;0;-1;N;27/4/2026 22:15;6;;D;99,79;224200;59164;1;CBN8;N;15;52;;;;1,4;3;;;;4,18;54;39;125;0;0;0;0;0;0;0
27/4/2026 00:00;6;2026042736;7076;3;3862,8333;3862,8333;;12,1;10,2;;;;;;;5,1;18;;14399;;;;;;;;;18;20;;21;20;1;1;1;1;1;1;224177,5462;100;;;0;;;;;;;;;;;2300;;10,2;;;;;0;0;0;519;8;0;0;0;0;0;0;0;0;0;5;5;0;0;0;;0;0;0;0;0;0;0;198,8;0;11,8236;0,25;;11,9167;-0,02;;;0,22;1,78;;0;26,2042;5;;957;962;0;;1284;0;;;;475;0;4,322;;78;0;;0;0;;;;11,35;5;161;0;117;0;94;0;320;2;;;0;60;;;;;;300;0;-1;N;28/4/2026 02:15;6;;D;99,79;224200;59165;2;CBN8;N;15;52;1;16339;;1,4;3;;;;4,07;54;39;125;0;0;0;0;0;0;0
28/4/2026 00:00;1;2026042811;7076;3;3863;3863;;12,1;10,2;;;;;;;5,1;27;;14400;;;;;;;;;18;20;;21;20;1;1;1;1;1;1;224172,6907;100;;;0;;;;;;;;;;2216;2300;;10,2;;;;;0;0;0;531;7;0;0;0;0;0;0;0;0;0;4;2;0;0;0;;0;0;0;0;0;0;0;211;0;11,656;0,25;;11,7556;-0,02;;;0,22;1,78;;0;21,6573;5;;957;962;0;1267;1267;0;85;13;470;470;0;4,2858;;81;0;;0;1;;;;11,35;4;161;0;117;0;94;0;320;2;;;0;60;;;;;;300;0;-1;N;28/4/2026 06:15;-46;;D;99,79;224200;59166;3;CBN8;N;13;85;1;16339;;1,4;3;;;;3,97;50;37;122;0;0;0;0;0;0;0
28/4/2026 00:00;2;2026042812;7076;3;3863,1667;3863,1667;;12,1;10,2;;;;;;;5,1;24;;14401;;;;;;;;;18;20;;21;20;1;1;1;1;1;1;224172,546;100;;;1,75;;300;300;;;;;;;;;2200;10,2;;;;;4;3;0;579;8;0;0;0;0;0;0;0;0;0;3;2;0;0;0;;0;0;0;0;0;0;0;212;0;11,5676;0,25;;11,5991;-0,02;;;0,22;1,78;;0;16,9257;5;;957;962;4,5483;;1267;2,4651;;;;470;0;4,2507;;98;0;;0;1;;;;11,35;11;161;0;117;0;94;1;320;2;;;0;60;;;;;;;0;-1;N;28/4/2026 10:15;-46;;D;99,79;224200;59167;4;CBN8;N;13;85;1;16340;;1,46;3;2260;;9;3,86;50;37;122;0,0164;0;0;0;0;0;0
28/4/2026 00:00;3;2026042823;7076;3;3863,3333;3863,3333;;12,1;10,2;;;;;;;5,1;11;;14400;;15;;;;;;17;18;17;19;21;19;1;1;1;1;1;1;224172,2253;100;;;0;;;;;;;;;;;1100;;10,2;;;;;20;3;0;513;7;0;0;0;0;1;0;0;0;0;3;3;0;0;0;;0;0;0;0;0;0;0;182;0;11,6066;0,25;;11,6855;-0,0404;;;0,22;1,78;;0;17,154;5;961;957;961;58,5069;1280;1280;26,8333;47;16;468;468;0;4,2701;;152;0;;0;1;;;;11,35;11;161;0;117;0;94;0;320;2;;;0;60;;;;;;;0;-1;N;28/4/2026 14:15;47;;D;99,8;224200;59168;5;CBN8;N;16;47;1;16340;;1,46;3;;;;3,91;50;37;120;0,0789;0;0;0;0;0;0
28/4/2026 00:00;4;2026042824;7076;3;3863,5;3863,5;;12,1;10,2;;;;;;;5,1;8;;14400;;;;;;;;;18;17;;21;19;1;1;1;1;1;1;224170,0125;100;;;0;;;;;;;;;;;1100;;10,2;;;;;0;0;0;510;7;0;0;0;0;0;0;0;0;0;4;4;0;0;1;;0;0;0;0;0;0;0;178,5;0;11,5128;0,25;;11,5918;-0,06;;;0,22;1,78;;0;20,7843;5;;957;961;6,5;;1280;6,5;;;;468;0;4,2491;;67;0;;0;1;;;;11,35;3;161;0;117;0;94;0;320;2;;;0;60;;;;;;;0;-2;N;28/4/2026 18:15;47;;D;99,8;224200;59169;6;CBN8;N;16;47;1;16341;;1,46;3;;;;3,85;50;37;120;0,0009;0;0;0;0;0;0
28/4/2026 00:00;5;2026042835;7076;3;3863,6667;3863,6667;;12,1;10,2;;;;;;;5,1;21;;14399;;13;;;;;;;18;17;;21;19;1;1;1;1;1;1;224170,0243;100;;;0;;;;;;;;;;;1100;;10,2;;;;;0;0;1;622;7;0;0;0;0;1;0;0;0;0;2;0;0;0;0;;0;0;0;0;0;0;0;;0;11,7376;0,25;;11,783;-0,06;;;0,22;1,78;;0;8,6817;5;;957;961;0;1174;1174;0;72;10;443;443;0;4,292;;130;0;;0;1;;;;11,35;14;161;0;117;0;94;2;320;2;;;0;60;;;;;;;0;-2;N;28/4/2026 22:15;-541;;D;99,81;224200;59170;0;CBN8;N;10;72;;;;1,46;3;;;;3,98;50;37;116;0;0;0;0;0;0;0
28/4/2026 00:00;6;2026042836;7076;3;3863,8333;3863,8333;;12,1;10,2;;;;;;;5,1;1;;14400;;23;;;;;;;18;17;;21;19;1;1;1;1;1;1;224171,2738;100;;;0;;;;;;;;;;;1100;;10,2;;;;;0;0;0;465;5;0;0;0;0;2;0;0;0;0;1;1;0;0;0;;0;0;0;0;0;0;0;152;0;12,1081;0,25;;12,175;-0,0587;;;0,22;1,78;;0;21,2903;5;;957;961;0;;1174;0;;;;443;0;4,3799;;94;0;;0;0;;;;11,35;1;161;0;117;0;94;0;320;2;;;0;60;;;;;;;0;-2;N;29/4/2026 02:15;-541;;D;99,81;224200;59171;1;CBN8;N;10;72;1;16342;;1,46;3;;;;4,24;50;37;116;0;0;0;0;0;0;0
29/4/2026 00:00;1;2026042911;7076;3;3864;3864;;12,1;10,2;;;;;;;5,1;9;;14398;;;;;;;;;18;17;;21;19;1;1;1;1;1;1;224167,1714;100;;;0;;;;;;;;;;;1100;;10,2;;;;;0;0;0;507;7;0;0;0;0;0;0;0;0;0;4;4;0;1;0;;0;0;0;0;0;0;0;120,75;0;11,9364;0,25;;12,0156;-0,0587;;;0,22;1,78;;0;29,783;5;;957;961;0;1241;1241;0;54;13;472;472;0;4,3441;;62;0;;0;1;;;;11,35;3;161;0;117;0;94;0;320;2;;;0;60;;;;;;;0;-2;N;29/4/2026 06:15;212;;D;99,8;224200;59172;2;CBN8;N;13;54;1;16342;;1,46;3;;;;4,14;50;37;120;0;0;0;0;0;0;0
29/4/2026 00:00;2;2026042912;7076;3;3864,1667;3864,1667;;12,1;10,2;;;;;;;5,1;7;;14400;;12;;;;;;;18;17;;21;19;1;1;1;1;1;1;224167,7016;100;;;0;;;;;;;;;;;1100;;10,2;;;;;0;0;0;505;6;0;0;0;0;1;0;0;0;0;3;3;0;0;0;;0;0;0;0;0;0;0;146;0;11,7674;0,25;;11,8641;-0,06;;;0,22;1,78;;0;24,5545;5;;957;961;0;;1241;0;;;;472;0;4,3101;;53;0;;0;1;;;;11,35;2;161;0;117;0;94;0;320;2;;;0;60;;;;;;;0;-2;N;29/4/2026 10:15;212;;D;99,8;224200;59173;3;CBN8;N;13;54;1;16343;;1,46;3;;;;4,03;50;37;120;0;0;0;0;0;0;0
29/4/2026 00:00;3;2026042923;7076;3;3864,3333;3864,3333;;12,1;10,2;;;;;;;5,1;10;;14400;;;;;;0;0;;18;17;;21;19;1;1;1;1;1;1;224168,3593;100;;;0;;;;;;;;;1100;1092;1100;1100;10,2;;;;;0;0;0;515;8;0;0;0;0;0;0;0;0;0;4;4;0;0;0;;0;0;0;0;0;0;0;169,5;0;11,5993;0,25;;11,6904;-0,06;;;0,22;1,78;;0;24,8544;5;;957;961;0;1244;1244;0;59;12;487;487;0;4,2712;;54;0;;0;1;;;;11,35;2;161;0;117;0;94;0;320;2;;;0;60;;;;;;;0;-2;N;29/4/2026 14:15;9;;D;99,81;224200;59174;4;CBN8;N;12;59;1;16343;;1,46;3;1100;;7;3,92;48;37;117;0;0;0;0;0;0;0
29/4/2026 00:00;4;2026042924;7076;3;3864,5;3864,5;;12,1;10,2;;;;;;;5,1;11;;14401;16;;;;;;;;18;17;;21;19;1;1;1;1;1;1;224173,3157;100;;;0;;;;;;;;;;;;;10,2;;;;;0;0;0;501;6;0;0;0;1;0;0;0;0;0;3;3;0;0;0;;0;0;0;0;0;0;0;168;0;11,51;0,25;;11,5351;-0,06;;;0,22;1,78;;0;22,7545;5;;957;961;0;1156;1156;0;57;11;467;467;0;4,2364;;54;0;;0;1;;;;11,35;5;161;0;117;0;94;0;320;2;;;0;60;;;;;;;0;-2;N;29/4/2026 18:15;-494;;D;99,81;224200;59175;5;CBN8;N;11;57;1;16344;;1,46;3;;;;3,81;48;36;116;0;0;0;0;0;0;0
29/4/2026 00:00;5;2026042935;7076;3;3864,6667;3864,6667;11,4;12,1;11,4;;;;;;5;5;5;;14399;;16;;;;;;17;18;17;23;21;23;1;1;1;1;1;1;224175,6894;100;;;0;;;;;;;;;;;2700;;10,2;;;;;0;0;0;507;7;0;0;0;0;1;0;0;0;0;3;3;0;0;1;;0;0;0;0;0;0;0;128,6667;0;11,4967;0,25;;11,5276;-0,0733;;;0,22;1,78;;0;18,3432;5;964;957;964;0;1205;1205;0;53;9;477;477;0;4,2347;;55;0;;0;1;;;;11,35;3;161;0;117;0;94;0;320;2;;;0;60;;;;;;;0;-2;N;29/4/2026 22:15;315;;D;99,81;224200;59176;6;CBN8;N;9;53;;;;1,46;3;;;;3,82;47;37;116;0;0;0;0;0;0;0
29/4/2026 00:00;6;2026042936;7076;3;3864,8333;3864,8333;;12,1;11,4;;;;;;;5;5;;14399;;;;;;;;;18;17;;21;23;1;1;1;1;1;1;224175,8422;100;;;0;;;;;;;;;;;2700;;10,2;;;;;0;0;0;511;7;0;0;0;0;0;0;0;0;0;4;4;0;0;0;;0;0;0;0;0;0;0;161,25;0;11,47;0,25;;11,5154;-0,1;;;0,22;1,78;;0;28,3757;5;;957;964;0;;1205;0;;;;477;0;4,232;1,3;56;0;;0;0;;;;11,35;2;161;0;117;0;94;0;320;2;;;0;60;;;;;;;0;2;N;30/4/2026 02:15;315;;D;99,81;224200;59177;7;CBN8;N;9;53;1;16345;;1,46;3;;;;3,82;47;37;116;0;0;0;0;0;0;0
30/4/2026 00:00;1;2026043011;7076;3;3865;3865;;12,1;11,4;;;;;;;5;6;;14402;;;;;;;;;18;17;;21;23;1;1;1;1;1;1;224173,92;100;;;0;;;;;;;;;;;2700;;10,2;;;;;0;0;1;485;6;0;0;0;0;0;0;0;0;0;3;3;0;0;0;;0;0;0;0;0;0;0;175,3333;0;11,7124;0,25;;11,759;-0,1;;;0,22;1,78;;0;18,3505;12;;957;964;0;1173;1173;0;44;8;470;470;0;4,2866;;74;0;;0;1;;;;11,35;4;161;0;117;0;94;0;320;2;;;0;60;;;;;;;0;2;N;30/4/2026 06:15;-105;;D;99,82;224200;59178;0;CBN8;N;8;44;1;16345;;1,46;3;;;;3,93;48;37;116;0;0;0;0;0;0;0
30/4/2026 00:00;2;2026043012;7076;3;3865,1667;3865,1667;;12,1;11,4;;;;;;;5;5;;14399;;22,5;;;;;;;18;17;;21;23;1;1;1;1;1;1;224176,9535;100;;;0;;;;;;;;;;;2700;;10,2;;;;;0;0;0;494;4;0;0;0;0;2;0;0;0;0;2;2;0;0;0;;0;0;0;0;0;0;0;114,5;0;12,0645;0,25;;12,1172;-0,1;;;0,22;1,78;;0;16,5992;12;;957;964;0;;1173;0;;;;470;0;4,3669;;53;0;;0;1;;;;11,35;2;161;0;117;0;94;0;320;2;;;0;60;;;;;;;0;2;N;30/4/2026 10:15;-105;;D;99,82;224200;59179;1;CBN8;N;8;44;1;16346;;1,46;3;;;;4,17;48;37;116;0;0;0;0;0;0;0
30/4/2026 00:00;3;2026043023;7076;3;3865,3333;3865,3333;;12,1;11,4;;;;;;;5;0;;14399;;;;;;;;;18;17;;21;23;1;1;1;1;1;1;224173,6403;100;;;0;;;;;;;;;;;2700;;10,2;;;;;0;0;0;491;6;0;0;0;0;0;0;0;0;0;4;4;0;0;0;;0;0;0;0;0;0;0;116;0;11,891;0,25;;11,9483;-0,1;;;0,22;1,78;;0;34,8269;12;;957;964;0;1088;1088;0;41;14;456;456;0;4,329;;58;0;;0;1;;;;11,35;0;161;0;117;0;94;0;320;2;;;0;60;;;;;;;0;2;N;30/4/2026 14:15;-242;;D;99,83;224200;59180;2;CBN8;N;14;41;1;16346;;1,46;3;;;;4,05;49;37;122;0;0;0;0;0;0;0
30/4/2026 00:00;4;2026043024;7076;3;3865,5;3865,5;;12,1;11,4;;;;;;;5;10;;14399;;;;;;;;;18;17;;21;23;1;1;1;1;1;1;224174,3836;100;;;0;;;;;;;;;;;2700;;10,2;;;;;0;0;0;525;6;0;0;0;0;0;0;0;0;0;4;3;0;0;0;;0;0;0;0;0;0;0;153,3333;0;11,72;0,25;;11,821;-0,1;;;0,22;1,78;;0;24;12;;957;964;0;;1088;0;;;;456;0;4,3005;;55;0;;0;1;;;;11,35;3;161;0;117;0;94;0;320;2;;;0;60;;;;;;;0;2;N;30/4/2026 18:15;-242;;D;99,83;224200;59181;3;CBN8;N;14;41;1;16347;;1,46;3;;;;3,97;49;37;122;0;0;0;0;0;0;0
30/4/2026 00:00;5;2026043035;7076;3;3865,6667;3865,6667;;12,1;11,4;;;;;;;5;7;;14399;;;;;;-100;0;;18;17;;21;23;1;1;1;1;1;1;224174,8958;100;;;0;;;;;;;;;2600;2600;2700;2600;10,2;;;;;0;0;0;449;6;0;0;0;0;0;0;0;0;0;2;2;0;3;0;;0;0;0;0;0;0;0;107;0;11,5502;0,25;;11,6154;-0,1;;;0,22;1,78;;0;49,2205;12;;957;964;0;1130;1130;0;49;9;468;468;0;4,2544;;60;0;;0;1;;;;11,35;4;161;0;117;0;94;0;320;2;;;0;60;;;;;;;0;2;N;30/4/2026 22:15;116;;D;99,82;224200;59182;4;CBN8;N;9;49;;;;1,46;3;2600;;9;3,83;50;37;124;0;0;0;0;0;0;0
30/4/2026 00:00;6;2026043036;7076;3;3865,8333;3865,8333;;12,1;11,4;;;;;;;5;9;;14401;16;;;;;;;;18;17;;21;23;1;1;1;1;1;1;224178,2207;100;;;0;;;;;;;;;;;;;10,2;;;;;0;0;0;507;5;0;0;0;1;0;0;0;0;0;3;3;0;0;0;;0;0;0;0;0;0;0;191;0;11,47;0,25;;11,5705;-0,1;;;0,22;1,78;;0;18,9349;12;;957;964;0;;1130;0;;;;468;0;4,2443;;67;0;;0;0;;;;11,35;6;161;0;117;0;94;0;320;2;;;0;60;;;;;;;0;2;N;1/5/2026 02:15;116;;D;99,82;224200;59183;5;CBN8;N;9;49;1;16348;;1,46;3;;;;3,8;50;37;124;0;0;0;0;0;0;0
1/5/2026 00:00;1;2026050111;7076;3;3866;3866;;12,1;11,4;;;;;;;5;5;;14399;;;;;;;;19;18;19;21;21;21;1;1;1;1;1;1;224178,9704;100;;;0;;;;;;;;;;;2300;;10,2;;;;;0;0;0;518;7;0;0;0;0;0;0;0;0;0;5;5;0;0;0;;0;0;0;0;0;0;0;185,4;0;11,4593;0,25;;11,553;-0,1231;;;0,2324;1,92;1,92;0;26,2548;12;966;957;966;0;1136;1136;0;58;8;463;463;0;4,2404;;64;0;;0;1;;;;11,35;1;161;0;117;0;94;0;320;2;;;0;60;;;;;;;0;2;N;1/5/2026 06:15;18;;D;99,81;224200;59184;6;CBN8;N;8;58;1;16348;;1,46;3;;;;3,71;52;38;125;0;0;0;0;0;0;0
1/5/2026 00:00;2;2026050112;7076;3;3866,1667;3866,1667;;12,1;11,4;;;;;;;5;4;;14402;;;;;;;;;18;19;;21;21;1;1;1;1;1;1;224177,5316;100;;;0;;;;;;;;;;;2300;;10,2;;;;;0;0;0;535;6;0;0;0;0;0;0;0;0;0;4;4;0;0;1;;0;0;0;0;0;0;0;188;0;11,51;0,25;;11,5751;-0,14;;;0,3;1,92;;0;20,9346;12;;957;966;0;;1136;0;;;;463;0;4,2454;1,8;68;0;;0;1;;;;11,35;1;161;0;117;0;94;0;320;2;;;0;60;;;;;;;0;0;N;1/5/2026 10:15;18;;D;99,81;224200;59185;7;CBN8;N;8;58;1;16349;;1,46;3;;;;3,72;52;38;125;0;0;0;0;0;0;0
1/5/2026 00:00;3;2026050123;7076;3;3866,3333;3866,3333;;12,1;11,4;;;;;;;5;7;;14398;;13;;;;;;;18;19;;21;21;1;1;1;1;1;1;224178,3536;100;;;0;;;;;;;;;;;2300;;10,2;;;;;0;0;0;567;6;0;0;0;0;1;0;0;0;0;4;1;0;0;0;;0;0;0;0;0;0;0;167;0;11,51;0,25;;11,6215;-0,14;;;0,3;1,92;;0;17,6367;12;;957;966;0;1172;1172;0;78;13;463;463;0;4,2558;;75;0;;0;1;;;;11,35;3;161;0;117;0;94;1;320;2;;;0;60;;;;;;;0;0;N;1/5/2026 14:15;123;;D;99,8;224200;59186;8;CBN8;N;13;78;1;16349;;1,46;3;;;;3,75;52;39;125;0;0;0;0;0;0;0
1/5/2026 00:00;4;2026050124;7076;3;3866,5;3866,5;;12,1;11,4;;;;;;;5;22;;14400;;11,5;;;;;;;18;19;;21;21;1;1;1;1;1;1;224179,4277;100;;;0;;;;;;;;;;;2300;;10,2;;;;;0;0;1;564;5;0;0;0;0;2;0;0;0;0;0;0;0;0;0;;0;0;0;0;0;0;0;;0;12,0211;0,25;;12,0922;-0,14;;;0,3;1,92;;0;5,6738;12;;957;966;0;;1172;0;;;;463;0;4,3613;;84;0;;0;1;;;;11,35;12;161;0;117;0;94;0;320;2;;;0;60;;;;;;;0;0;N;1/5/2026 18:15;123;;D;99,8;224200;59187;0;CBN8;N;13;78;1;16350;;1,46;3;;;;4,07;52;39;125;0;0;0;0;0;0;0
1/5/2026 00:00;5;2026050135;7076;3;3866,6667;3866,6667;;12,1;11,4;;;;;;;5;0;;14400;;;;;;;;;18;19;;21;21;1;1;1;1;1;1;224179,1137;100;;;0;;;;;;;;;;;2300;;10,2;;;;;0;0;0;526;5;0;0;0;0;0;0;0;0;0;5;5;0;0;0;;0;0;0;0;0;0;0;173,6;0;12,0315;0,25;;12,1122;-0,14;;;0,3;1,92;;0;23,384;12;;957;966;0;1106;1106;0;56;14;464;464;0;4,3658;;57;0;;0;1;;;;11,35;0;161;0;117;0;94;0;320;2;;;0;60;;;;;;;0;0;N;1/5/2026 22:15;-175;;D;99,81;224200;59188;1;CBN8;N;14;56;;;;1,46;3;;;;4,08;52;38;125;0;0;0;0;0;0;0
1/5/2026 00:00;6;2026050136;7076;3;3866,8333;3866,8333;;12,1;11,4;;;;;;;5;10;;14399;;;;;;;;;18;19;;21;21;1;1;1;1;1;1;224176,8392;100;;;0;;;;;;;;;;;2300;;10,2;;;;;0;0;0;524;6;0;0;0;0;0;0;0;0;0;4;4;0;0;0;;0;0;0;0;0;0;0;195;0;11,8617;0,25;;11,9431;-0,14;;;0,3;1,92;;0;24,0458;12;;957;966;0;;1106;0;;;;464;0;4,3279;;59;0;;0;0;;;;11,35;4;161;0;117;0;94;0;320;2;;;0;60;;;;;;;0;0;N;2/5/2026 02:15;-175;;D;99,81;224200;59189;2;CBN8;N;14;56;1;16351;;1,46;3;;;;3,97;52;38;125;0;0;0;0;0;0;0
2/5/2026 00:00;1;2026050211;7076;3;3867;3867;;12,1;11,4;;;;;;;5;8;;14400;;;;;;0;-18;;18;19;;21;21;1;1;1;1;1;1;216339,6804;100;;;0;;;;;;;;;2282;2282;2300;2300;10,2;;;;;0;0;0;498;6;0;0;0;0;0;0;0;0;0;4;4;0;0;0;;0;0;0;0;0;0;0;175,25;0;11,6928;0,25;;11,7546;-0,14;;;0,3;1,92;;0;28,3133;12;;957;966;0;1070;1070;0;53;8;462;462;0;4,2558;;71;0;;0;1;;;;11,35;4;161;0;117;0;94;0;320;2;;;0;60;;;;;;;0;0;N;2/5/2026 06:15;-124;;D;99,82;224200;59190;3;CBN8;N;8;53;1;16351;;1,46;3;2320;;9;4,04;49;37;121;0;0;0;0;0;0;0
2/5/2026 00:00;2;2026050212;7076;3;3867,1667;3867,1667;;12,1;11,4;;;;;;;5;16;;14400;;23;;;;;;;18;19;;21;21;1;1;1;1;1;1;217521,1155;100;;;0;;;;;;;;;;;;;10,2;;;;;0;0;0;472;5;0;0;0;0;1;0;0;0;0;2;2;0;0;0;;0;0;0;0;0;0;0;143,5;0;11,5376;0,25;;11,7498;-0,14;;;0,3;1,92;;0;14,8305;12;;957;966;0;;1070;0;;;;462;0;4,2366;;68;0;;0;1;;;;11,35;12;161;0;117;0;94;0;320;2;;;0;60;;;;;;;0;0;N;2/5/2026 10:15;-124;;D;99,82;224200;59191;4;CBN8;N;8;53;1;16352;;1,49;3;;;;3,94;49;37;121;0;0;0;0;0;0;0
2/5/2026 00:00;3;2026050223;7076;3;3867,3333;3867,3333;12,7;12,1;12,7;;;;;;4,9;4,9;10;;14401;;;;;;;;16;18;16;20;21;20;1;1;1;1;1;1;226310,7847;100;;;0;;;;;;;;;;;2300;;10,2;;;;;0;0;0;511;6;0;0;0;0;0;0;0;0;0;4;4;0;0;0;;0;0;0;0;0;0;0;181,75;0;11,5713;0,25;;11,621;-0,0788;;;0,3;1,92;;0;29,5499;12;955;957;955;0;1122;1122;0;85;8;468;468;0;4,2808;;78;0;;0;1;;;;11,35;4;161;0;117;0;94;0;320;2;;;0;60;;;;;;;0;0;N;2/5/2026 14:15;154;;D;99,81;224200;59192;5;CBN8;N;8;85;1;16352;;1,49;3;;;;3,69;50;37;124;0;0;0;0;0;0;0
2/5/2026 00:00;4;2026050224;7076;3;3867,5;3867,5;;12,1;12,7;;;;;;;4,9;5;;14398;;;;;;;;;18;16;;21;20;1;1;1;1;1;1;225469,9291;100;;;0;;;;;;;;;;;2300;;10,2;;;;;0;0;0;562;5;0;0;0;0;0;0;0;0;0;4;3;0;0;1;;0;0;0;0;0;0;0;163;0;11,72;0,25;;11,7826;0,07;;;0,3;1,92;;0;23,1317;12;;957;955;0;1091;1091;0;81;11;465;465;0;4,3073;1,3;81;0;;0;1;;;;11,35;2;161;0;117;0;94;1;320;2;;;0;60;;;;;;;0;-1;N;2/5/2026 18:15;-299;;D;99,81;224200;59193;6;CBN8;N;11;81;1;16353;;1,49;3;;;;3,8;51;37;125;0;0;0;0;0;0;0
2/5/2026 00:00;5;2026050235;7076;3;3867,6667;3867,6667;;12,1;12,7;;;;;;;4,9;4;;14401;;17;;;;;;;18;16;;21;20;1;1;1;1;1;1;224976,1703;100;;;0;;;;;;;;;;;2300;;10,2;;;;;0;0;0;515;5;0;0;0;0;1;0;0;0;0;3;3;0;0;0;;0;0;0;0;0;0;0;168,3333;0;11,72;0,25;;11,8106;0,07;;;0,3;1,92;;0;18,0583;9;;957;955;0;;1091;0;;;;465;0;4,3076;;68;0;;0;1;;;;11,35;2;161;0;117;0;94;0;320;2;;;0;60;;;;;;;0;-1;N;2/5/2026 22:15;-10;;D;99,82;224200;59194;7;CBN8;N;9;102;;;;1,49;0;;;;3,77;48;35;129;0;0;0;0;0;0;0
2/5/2026 00:00;6;2026050236;7076;3;3867,8333;3867,8333;;12,1;12,7;;;;;;;4,9;12;;14399;;18,5;;;;;;;18;16;;21;20;1;1;1;1;1;1;224978,183;100;;;0;;;;;;;;;;;2300;;10,2;;;;;9;3;1;500;4;0;0;0;0;2;0;0;0;0;0;0;0;0;0;;0;0;0;0;0;0;0;;0;12,3071;0,25;;12,3837;0,07;;;0,3;1,92;;0;9,6;9;;957;955;20,8348;1088;1088;0;102;9;458;458;0;4,4365;;126;0;;0;0;;;;11,35;8;161;0;117;0;94;0;320;2;;;0;60;;;;;;;0;-1;N;3/5/2026 02:15;-10;;D;99,82;224200;59195;0;CBN8;N;9;102;1;16354;;1,49;0;;;;4,14;48;35;129;0;0;0;0;0;0;0
3/5/2026 00:00;1;2026050311;7076;3;3868;3868;;12,1;12,7;;;;;;;4,9;2;;14401;;;;;;;;;18;16;;21;20;1;1;1;1;1;1;224979,1166;100;;;0;;;;;;;;;;;2300;;10,2;;;;;0;0;0;470;5;0;0;0;0;0;0;0;0;0;3;3;0;1;0;;0;0;0;0;0;0;0;117,3333;0;12,216;0,25;;12,26;0,07;;;0,3;1,92;;0;42,9787;9;;957;955;0;1056;1056;0;78;14;463;463;0;4,4087;;59;0;;0;1;;;;11,35;1;161;0;117;0;94;0;320;2;;;0;60;;;;;;;0;-1;N;3/5/2026 06:15;-101;;D;99,81;224200;59196;1;CBN8;N;14;78;1;16354;;1,49;3;;;;4,06;55;39;131;0;0;0;0;0;0;0
3/5/2026 00:00;2;2026050312;7076;3;3868,1667;3868,1667;;12,1;12,7;;;;;;;4,9;23;;14399;;;;;;;;;18;16;;21;20;1;1;1;1;1;1;224981,5852;100;;;0;;;;;;;;;;;2300;;10,2;;;;;0;0;0;455;5;0;0;0;0;0;0;0;0;0;3;2;0;3;0;;1;0;0;0;0;0;0;180,5;0;12,0463;0,25;;12,1167;0,07;;;0,3;1,92;;0;49,6703;9;;957;955;0;;1056;0;;;;463;0;4,3764;;61;0;;0;1;;;;11,35;6;161;0;117;0;94;0;320;2;;;0;60;;;;;;;0;-1;N;3/5/2026 10:15;-101;;D;99,81;224200;59197;2;CBN8;N;14;78;1;16355;;1,49;3;;;;3,97;55;39;131;0;0;0;0;0;0;0
3/5/2026 00:00;3;2026050323;7076;3;3868,3333;3868,3333;;12,1;12,7;;;;;;;4,9;8;;14399;;;;;;80;4;;18;16;;21;20;1;1;1;1;1;1;224981,1614;100;;;0;;;;;;;;;2384;2384;2300;2380;10,2;;;;;0;0;0;530;5;0;0;0;0;0;0;0;0;0;4;3;0;0;0;;0;0;0;0;0;0;0;222,6667;0;11,8789;0,25;;11,9665;0,07;;;0,3;1,92;;0;20,1887;9;;957;955;0;1078;1078;0;103;20;464;464;0;4,3427;;82;0;;0;1;;;;11,35;3;161;0;117;0;94;0;320;2;;;0;60;;;;;;;0;-1;N;3/5/2026 14:15;69;;D;99,81;224200;59198;3;CBN8;N;20;103;1;16355;;1,49;3;2360;;9;3,87;55;39;133;0;0;0;0;0;0;0
3/5/2026 00:00;4;2026050324;7076;3;3868,5;3868,5;;12,1;12,7;;;;;;;4,9;9;;14401;;8;;;;;;;18;16;;21;20;1;1;1;1;1;1;224319,0083;100;;;0;;;;;;;;;;;;;10,2;;;;;20;10;0;520;6;0;0;0;0;1;0;0;0;0;2;2;0;0;0;;0;0;0;0;0;0;0;184;0;11,8068;0,25;;11,8141;0,07;;;0,3;1,92;;0;11,7308;9;;957;955;67,3842;1089;1089;54,8851;103;13;469;469;0;4,3006;;172;0;;0;1;;;;11,35;9;161;0;117;0;94;0;320;2;;;0;60;;;;;;;0;-1;N;3/5/2026 18:15;134;;D;99,81;224200;59199;4;CBN8;N;13;103;1;16356;;1,49;3;;;;3,77;55;39;133;0,0791;0;0;0;0;0;0
3/5/2026 00:00;5;2026050335;7076;3;3868,6667;3868,6667;;12,1;12,7;;;;;;;4,9;20;;14399;;4,5;439;;439;;;18;18;18;22;21;22;1;1;1;1;1;1;224175,2448;100;;;0,4375;;;;;;;;;;;2300;;10,2;;;0;;10;5;0;630;5;0;0;0;0;2;0;1;0;0;1;1;0;0;0;;0;1;0;0;0;0;0;256;0;11,859;0,25;;11,9749;0,0075;;;0,3;1,92;;0,0197;5,873;9;960;957;960;67,5741;1089;1089;67,5741;121;12;469;469;0;4,3349;;138;0;;0;1;16;19,875;;11,35;16;161;318;117;16;94;0;320;2;;;0;60;;;;;;;0;-1;N;3/5/2026 22:15;0;;D;99,81;224200;59200;5;CBN8;N;12;121;;;;1,49;4;;;;3,9;54;38;132;0,2649;7,3;7;0;0;0;0
3/5/2026 00:00;6;2026050336;7076;3;3868,8333;3868,8333;;12,1;12,7;;;;;;;4,9;12;;14400;;8;;;;;;;18;18;;21;22;1;1;1;1;1;1;224177,0593;100;;;0;;;;;;;;;;;2300;;10,2;;;;;0;0;0;534;5;0;1;0;0;1;0;0;1;0;3;3;0;0;1;;0;0;0;0;0;0;0;181,6667;0;11,6;0,25;;11,6432;-0,05;;;0,3;1,92;;0;15,9176;9;;957;960;0;;1089;0;;;;469;0;4,2606;1,9;68;0;;0;0;;;;11,35;5;161;0;117;0;94;0;320;2;;;0;60;;;;;;;0;1;N;4/5/2026 02:15;0;;D;99,81;224200;59201;6;CBN8;N;12;121;1;16357;;1,49;4;;;;3,69;54;38;132;0;0;0;0;0;0;0
4/5/2026 00:00;1;2026050411;7076;3;3869;3869;;12,1;12,7;;;;;;;4,9;9;;14399;;;;;;;;;18;18;;21;22;1;1;1;1;1;1;224176,8654;100;;;0;;;;;;;;;;;2300;;10,2;;;;;0;0;0;531;5;0;0;0;0;0;0;0;0;0;4;2;0;0;0;;0;0;0;0;0;0;0;226,5;0;11,74;0,25;;11,8061;-0,05;;;0,3;1,92;;0;19,9623;9;;957;960;0;1066;1066;0;68;15;485;485;0;4,2972;;90;0;;0;1;;;;11,35;5;161;0;117;0;94;0;320;2;;;0;60;;;;;;;0;1;N;4/5/2026 06:15;183;;D;99,81;224200;59202;7;CBN8;N;15;68;1;16357;;1,49;8;;;;3,79;53;43;130;0;0;0;0;0;0;0
4/5/2026 00:00;2;2026050412;7076;3;3869,1667;3869,1667;;12,1;12,7;;;;;;;4,9;13;;14401;;16,5;;;;;;;18;18;;21;22;1;1;1;1;1;1;224392,3536;100;;;0;;;;;;;;;;;2300;;10,2;;;;;0;0;1;466;3;0;0;0;0;2;0;0;0;0;1;1;0;0;0;;0;0;0;0;0;0;0;183;0;12,1963;0,25;;12,282;-0,05;;;0,3;1,92;;0;18,0258;9;;957;960;0;;1066;0;;;;485;0;4,4064;;60;0;;0;1;;;;11,35;4;161;0;117;0;94;0;320;2;;;0;60;;;;;;;0;1;N;4/5/2026 10:15;183;;D;99,81;224422,6;59203;0;CBN8;N;15;68;1;16358;;1,49;8;;;;4,1;53;43;130;0;0;0;0;0;0;0
4/5/2026 00:00;3;2026050423;7076;3;3869,3333;3869,3333;;12,1;12,7;;;;;;;4,9;6;;14399;;;;;;;;;18;18;;21;22;1;1;1;1;1;1;224475,6374;100;;;0;;;;;;;;;;;2300;;10,2;;;;;0;0;0;513;5;0;0;0;0;0;0;0;0;0;5;3;0;0;0;;0;0;0;0;0;0;0;134,3333;0;12,0165;0,25;;12,0833;-0,05;;;0,3;1,92;;0;27,6803;9;;957;960;0;1065;1065;0;62;15;491;491;0;4,3629;;60;0;;0;1;;;;11,32;2;161;0;117;0;94;0;320;2;;;0;60;;;;;;;0;1;N;4/5/2026 14:15;-3;;D;99,81;224500;59204;1;CBN8;N;15;62;1;16358;;1,49;3;;;;3,97;55;40;132;0;0;0;0;0;0;0
4/5/2026 00:00;4;2026050424;7076;3;3869,5;3869,5;;12,1;12,7;;;;;;;4,9;13;;14400;;;;;;;;;18;18;;21;22;1;1;1;1;1;1;224476,5421;100;;;0;;;;;;;;;;;2300;;10,2;;;;;0;0;0;523;6;0;0;0;0;0;0;0;0;0;4;4;0;0;0;;0;0;0;0;0;0;0;155,5;0;11,8491;0,25;;11,9;-0,0489;;;0,3;1,92;;0;24,4742;9;;957;960;0;;1065;0;;;;491;0;4,3217;;62;0;;0;1;;;;11,32;3;161;0;117;0;94;0;320;2;;;0;60;;;;;;;0;1;N;4/5/2026 18:15;-3;;D;99,81;224500;59205;2;CBN8;N;15;62;1;16359;;1,49;3;;;;3,85;55;40;132;0;0;0;0;0;0;0
4/5/2026 00:00;5;2026050435;7076;3;3869,6667;3869,6667;;12,1;12,7;;;;;;;4,9;22;;14399;;;;;;-60;0;;18;18;;21;22;1;1;1;1;1;1;224476,603;100;;;0;;;;;;;;;2240;2264;2300;2240;10,2;;;;;0;0;0;555;5;0;0;0;0;0;0;0;0;0;3;2;0;0;0;;0;0;0;0;0;0;0;112;0;11,6813;0,25;;11,7446;-0,05;;;0,3;1,92;;0;26,8468;9;;957;960;0;1001;1001;0;51;9;488;488;0;4,2868;;65;0;;0;1;;;;11,32;6;161;0;117;0;94;1;320;2;;;0;60;;;;;;;0;1;N;4/5/2026 22:15;-167;;D;99,82;224500;59206;3;CBN8;N;9;51;;;;1,49;3;;;;3,75;51;38;125;0;0;0;0;0;0;0
4/5/2026 00:00;6;2026050436;7076;3;3869,8333;3869,8333;;12,1;12,7;;;;;;;4,9;3;;14401;16;;;;;;;;18;18;;21;22;1;1;1;1;1;1;224476,5278;100;;;0;;;;;;;;;;;;;10,2;400;;;;0;0;0;471;6;0;0;0;1;0;0;0;0;0;3;3;0;0;0;;0;0;0;0;0;0;0;136;0;11,5721;0,25;;11,629;-0,05;;;0,3;1,92;;0;33,121;9;;957;960;0;;1001;0;;;;488;0;4,2609;;58;0;;1;0;;;;11,32;1;161;0;117;0;94;0;320;2;;;0;60;;;;;;;0;1;N;5/5/2026 02:15;-167;;D;99,82;224500;59207;4;CBN8;N;9;51;1;16360;;1,49;3;2240;;7;3,68;51;38;125;0;0;0;0;0;0;0
5/5/2026 00:00;1;2026050511;7076;3;3870;3870;12,2;12,1;12,2;;;;;;4,9;4,9;3;;14398;;;;;;;;16;18;16;21;21;21;1;1;1;1;1;1;224476,7959;100;;;0;;;;;;;;;;;2300;;10,2;;;;;0;0;0;534;5;0;0;0;0;0;0;0;0;0;4;4;0;0;0;;0;0;0;0;0;0;0;173;0;11,5652;0,25;;11,6285;-0,0548;;;0,3;1,92;;0;20,9738;9;961;957;961;0;946;946;0;50;15;475;475;0;4,2608;;59;0;;0;1;;;;11,32;1;161;0;117;0;94;0;320;2;;;0;60;;;;;;;0;1;N;5/5/2026 06:15;-184;;D;99,83;224500;59208;5;CBN8;N;15;50;1;16360;;1,49;3;;;;3,68;50;38;124;0;0;0;0;0;0;0
5/5/2026 00:00;2;2026050512;7076;3;3870,1667;3870,1667;;12,1;12,2;;;;;;;4,9;2;;14402;;13;;;;;;;18;16;;21;21;1;1;1;1;1;1;224478,4499;100;;;0;;;;;;;;;;;2300;;10,2;;;;;0;0;0;519;5;0;0;0;0;1;0;0;0;0;4;4;0;0;1;;0;0;0;0;0;0;0;205,75;0;11,56;0,25;;11,6683;-0,06;;;0,3;1,92;;0;19,4605;9;;957;961;0;;946;0;;;;475;0;4,2697;;60;0;;0;1;;;;11,32;1;161;0;117;0;94;0;320;2;;;0;60;;;;;;;0;0;N;5/5/2026 10:15;-184;;D;99,83;224500;59209;6;CBN8;N;15;50;1;16361;;1,49;3;;;;3,71;50;38;124;0;0;0;0;0;0;0
5/5/2026 00:00;3;2026050523;7076;3;3870,3333;3870,3333;;12,1;12,2;;;;;;;4,9;14;;14398;;;;;;;;;18;16;;21;21;1;1;1;1;1;1;224476,9327;100;;;0;;;;;;;;;;;2300;;10,2;;;;;0;0;0;605;5;0;0;0;0;0;0;0;0;0;2;2;0;0;0;;0;0;0;0;0;0;0;201;0;11,7204;0,25;;11,8001;-0,06;;;0,3;1,92;;0;17,686;12;;957;961;0;959;959;0;49;15;474;474;0;4,2993;;80;0;;0;1;;;;11,32;10;161;0;117;0;94;1;320;2;;;0;60;;;;;;;0;0;N;5/5/2026 14:15;34;;D;99,83;224500;59210;7;CBN8;N;15;49;1;16361;;1,49;3;;;;3,81;52;39;127;0;0;0;0;0;0;0
5/5/2026 00:00;4;2026050524;7076;3;3870,5;3870,5;;12,1;12,2;;;;;;;4,9;15;;14400;;26,5;;;;;;;18;16;;21;21;1;1;1;1;1;1;224475,033;100;;;0;;;;;;;;;;;2300;;10,2;;;;;0;0;1;407;3;0;0;0;0;2;0;0;0;0;0;0;0;0;0;;0;0;0;0;0;0;0;;0;12,171;0,25;;12,1674;-0,06;;;0,3;1,92;;0;24,3243;12;;957;961;0;;959;0;;;;474;0;4,3818;;62;0;;0;1;;;;11,32;9;161;0;117;0;94;0;320;2;;;0;60;;;;;;;0;0;N;5/5/2026 18:15;34;;D;99,83;224500;59211;0;CBN8;N;15;49;1;16362;;1,49;3;;;;4,06;52;39;127;0;0;0;0;0;0;0
5/5/2026 00:00;5;2026050535;7076;3;3870,6667;3870,6667;;12,1;12,2;;;;;;;4,9;19;;14399;;;;;;;;;18;16;;21;21;1;1;1;1;1;1;224474,1021;100;;;0;;;;;;;;;;;2300;;10,2;;;;;0;0;0;509;5;0;0;0;0;0;0;0;0;0;5;5;0;0;0;;0;0;0;0;0;0;0;180;0;11,9991;0,25;;12,0529;-0,06;;;0,3;1,92;;0;29,2731;12;;957;961;0;949;949;0;46;10;484;484;0;4,356;;61;0;;0;1;;;;11,32;5;161;0;117;0;94;0;320;2;;;0;60;;;;;;;0;0;N;5/5/2026 22:15;-36;;D;99,84;224500;59212;1;CBN8;N;10;46;;;;1,49;3;;;;3,98;50;37;130;0;0;0;0;0;0;0
5/5/2026 00:00;6;2026050536;7076;3;3870,8333;3870,8333;;12,1;12,2;;;;;;;4,9;15;;14401;;;;;;;;;18;16;;21;21;1;1;1;1;1;1;224475,7727;100;;;0;;;;;;;;;;;2300;;10,2;;;;;0;0;0;534;6;0;0;0;0;0;0;0;0;0;4;4;0;0;0;;0;0;0;0;0;0;0;186;0;11,8317;0,25;;11,8763;-0,06;;;0,3;1,92;;0;21,161;12;;957;961;0;;949;0;;;;484;0;4,3164;;68;0;;0;0;;;;11,32;3;161;0;117;0;94;0;320;2;;;0;60;;;;;;;0;0;N;6/5/2026 02:15;-36;;D;99,84;224500;59213;2;CBN8;N;10;46;1;16363;;1,49;3;;;;3,86;50;37;130;0;0;0;0;0;0;0
6/5/2026 00:00;1;2026050611;7076;3;3871;3871;;12,1;12,2;;;;;;;4,9;14;;14400;;;;;;0;0;;18;16;;21;21;1;1;1;1;1;1;224472,7096;100;;;0;;;;;;;;;2300;2280;2300;2300;10,2;;;;;0;0;0;503;5;0;0;0;0;0;0;0;0;0;4;4;0;0;0;;0;0;0;0;0;0;0;135,25;0;11,6623;0,25;;11,7314;-0,06;;;0,3;1,92;;0;31,0139;12;;957;961;0;982;982;0;68;12;498;498;0;4,2839;;70;0;;0;1;;;;11,32;3;161;0;117;0;94;0;320;2;;;0;60;;;;;;;0;0;N;6/5/2026 06:15;94;;D;99,82;224500;59214;3;CBN8;N;12;68;1;16363;;1,49;4;2320;;12;3,77;55;37;143;0;0;0;0;0;0;0
6/5/2026 00:00;2;2026050612;7076;3;3871,1667;3871,1667;;12,1;12,2;;;;;;;4,9;21;;14399;18;;;;;;;;18;16;;21;21;1;1;1;1;1;1;224474,809;100;;;0;;;;;;;;;;;;;10,2;;;;;0;0;0;604;5;0;0;0;1;0;0;0;0;0;2;1;0;0;0;;0;0;0;0;0;0;0;144;0;11,5606;0,25;;11,6683;-0,06;;;0,3;1,92;;0;14,404;12;;957;961;0;;982;0;;;;498;0;4,2697;;69;0;;0;1;;;;11,32;10;161;0;117;0;94;2;320;2;;;0;60;;;;;;;0;0;N;6/5/2026 10:15;94;;D;99,82;224500;59215;4;CBN8;N;12;68;1;16364;;1,49;4;;;;3,73;55;37;143;0;0;0;0;0;0;0
6/5/2026 00:00;3;2026050623;7076;3;3871,3333;3871,3333;;12,1;12,2;;;;;;;4,9;17;;14401;;;;;;;;17;18;17;22;21;22;1;1;1;1;1;1;224475,5347;100;;;0;;;;;;;;;;;2300;;10,2;;;;;0;0;0;532;6;0;0;0;0;0;0;0;0;0;3;3;0;0;0;;0;0;0;0;0;0;0;136;0;11,5787;0,25;;11,6677;-0,0413;;;0,3;1,92;;0;34,0226;12;956;957;956;0;944;944;0;49;14;482;482;0;4,2696;;60;0;;0;1;;;;11,32;4;161;0;117;0;94;1;320;2;;;0;60;;;;;;;0;0;N;6/5/2026 14:15;-135;;D;99,84;224500;59216;5;CBN8;N;14;49;1;16364;;1,49;3;;;;3,7;52;38;133;0;0;0;0;0;0;0
6/5/2026 00:00;4;2026050624;7076;3;3871,5;3871,5;;12,1;12,2;;;;;;;4,9;8;;14399;;18;;;;;;;18;17;;21;22;1;1;1;1;1;1;224478,1289;100;;;0;;;;;;;;;;;2300;;10,2;;;;;0;0;0;452;5;0;0;0;0;1;0;0;0;0;2;2;0;0;1;;0;0;0;0;0;0;0;104;0;11,64;0,25;;11,6786;0,02;;;0,3;1,92;;0;37,6106;12;;957;956;0;;944;0;;;;482;0;4,272;;55;0;;0;1;;;;11,32;5;161;0;117;0;94;0;320;2;;;0;60;;;;;;;0;1;N;6/5/2026 18:15;-135;;D;99,84;224500;59217;6;CBN8;N;14;49;1;16365;;1,49;3;;;;3,71;52;38;133;0;0;0;0;0;0;0
6/5/2026 00:00;5;2026050635;7076;3;3871,6667;3871,6667;;12,1;12,2;;;;;;;4,9;18;;14400;;26;;;;;;;18;17;;21;22;1;1;1;1;1;1;224475,4619;100;;;0;;;;;;;;;;;2300;;10,2;;;;;0;0;1;485;4;0;0;0;0;1;0;0;0;0;2;2;0;0;0;;0;0;0;0;0;0;0;143,5;0;12,1404;0,25;;12,185;0,02;;;0,3;1,92;;0;16,4948;12;;957;956;0;;944;0;;;;482;0;4,3857;;93;0;;0;1;;;;11,32;9;161;0;117;0;94;0;320;2;;;0;60;;;;;;;0;1;N;6/5/2026 22:15;-135;;D;99,84;224500;59218;0;CBN8;N;14;49;;;;1,49;3;;;;4,04;52;38;133;0;0;0;0;0;0;0
6/5/2026 00:00;6;2026050636;7076;3;3871,8333;3871,8333;;12,1;12,2;;;;;;;4,9;1;;14399;;17;;;;;;;18;17;;21;22;1;1;1;1;1;1;224474,875;100;;;0;;;;;;;;;;;2300;;10,2;;;;;0;0;0;500;5;0;0;0;0;1;0;0;0;0;3;3;0;0;0;;0;0;0;0;0;0;0;174;0;12,1633;0,25;;12,2605;0,02;;;0,3;1,92;;0;19,6;12;;957;956;0;880;880;0;40;14;471;471;0;4,4027;;54;0;;0;0;;;;11,32;1;161;0;117;0;94;0;320;2;;;0;60;;;;;;;0;1;N;7/5/2026 02:15;-141;;D;99,84;224500;59219;1;CBN8;N;14;40;1;16366;;1,49;4;;;;4,09;50;38;126;0;0;0;0;0;0;0
7/5/2026 00:00;1;2026050711;7076;3;3872;3872;;12,1;12,2;;;;;;;4,9;6;;14401;;15;;;;;;;18;17;;21;22;1;1;1;1;1;1;224472,8725;100;;;2,7153;;;;;;;;;;;2300;;10,2;;;;;0;0;0;518;5;0;0;0;0;1;0;0;0;0;3;3;0;0;0;;0;0;0;0;0;0;0;168,6667;0;11,9954;0,25;;12,0572;0,02;;;0,3;1,92;;0;15,0579;12;;957;956;0;896;896;0;43;12;474;474;0;4,357;;57;1;;0;1;;;;11,32;2;161;0;117;0;94;0;320;2;;;0;60;;;;;;;0;1;N;7/5/2026 06:15;65;;D;99,84;224500;59220;2;CBN8;N;12;43;1;16366;;1,49;3;;;;3,96;51;38;127;0;0;0;0;0;0;0
7/5/2026 00:00;2;2026050712;7076;3;3872,1667;3872,1667;;12,1;12,2;;;;;;;4,9;14;;14398;;;;;;;;;18;17;;21;22;1;1;1;1;1;1;224473,086;100;;;0;;;;;;;;;;;2300;;10,2;;;;;0;0;0;526;5;0;0;0;0;0;0;0;0;0;4;3;0;0;0;;0;0;0;0;0;0;0;183;0;11,8283;0,25;;11,9394;0,02;;;0,3;1,92;;0;23,0038;12;;957;956;0;;896;0;;;;474;0;4,3306;;76;0;;0;1;;;;11,32;5;161;0;117;0;94;0;320;2;;;0;60;;;;;;;0;1;N;7/5/2026 10:15;65;;D;99,84;224500;59221;3;CBN8;N;12;43;1;16367;;1,49;3;;;;3,88;51;38;127;0;0;0;0;0;0;0
7/5/2026 00:00;3;2026050723;7076;3;3872,3333;3872,3333;;12,1;12,2;;;;;;;4,9;24;;14400;;;;;;;;;18;17;;21;22;1;1;1;1;1;1;224472,4159;100;;;0;;;;;;;;;;2240;2300;;10,2;;;;;0;0;0;523;5;0;0;0;0;0;0;0;0;0;5;5;0;0;0;;0;0;0;0;0;0;0;190,4;0;11,672;0,25;;11,7702;0,02;;;0,3;1,92;;0;24,4742;12;;957;956;0;882;882;0;51;13;466;466;0;4,2926;;82;0;;0;1;;;;11,32;6;161;0;117;0;94;0;320;2;;;0;60;;;;;;;0;1;N;7/5/2026 14:15;-47;;D;99,83;224500;59222;4;CBN8;N;13;51;1;16367;;1,49;3;;;;3,77;50;38;126;0;0;0;0;0;0;0
7/5/2026 00:00;4;2026050724;7076;3;3872,5;3872,5;;12,1;12,2;;;;;;;4,9;23;;14400;;;;;;;;;18;17;;21;22;1;1;1;1;1;1;224474,0136;100;;;0;;;;;;;;;;;;2240;10,2;;;;;2;0;0;514;6;0;0;0;0;0;0;0;0;0;4;3;0;0;0;;0;0;0;0;0;0;0;157,6667;0;11,64;0,25;;11,7232;0,02;;;0,3;1,92;;0;27,2374;12;;957;956;8,3333;937;937;0;59;11;476;476;0;4,282;;105;0;;0;1;;;;11,32;9;161;0;117;0;94;0;320;2;;;0;60;;;;;;;0;1;N;7/5/2026 18:15;234;;D;99,84;224500;59223;5;CBN8;N;11;59;1;16368;;1,49;0;2220;;6;3,74;48;35;130;0;0;0;0;0;0;0
7/5/2026 00:00;5;2026050735;7076;3;3872,6667;3872,6667;12,3;12,1;12,3;;;;;;5,2;5,2;7;;14400;20;;;;;;;18;18;18;21;21;21;1;1;1;1;1;1;224470,5841;100;;;0;;;;;;;;;;;2300;;10,2;;;;;1;0;0;495;4;0;0;0;1;0;0;0;0;0;3;3;0;0;0;;0;0;0;0;0;0;0;204;0;11,64;0,25;;11,6885;0,02;;;0,3;1,92;;0;21,8182;12;956;957;956;0;833;833;0;30;15;454;454;0;4,2742;;123;0;;0;1;;;;11,32;4;161;0;117;0;94;0;320;2;;;0;60;;;;;;;0;1;N;7/5/2026 22:15;-761;;D;99,86;224500;59224;6;CBN8;N;15;30;;;;1,49;3;;;;3,72;49;38;123;0;0;0;0;0;0;0
7/5/2026 00:00;6;2026050736;7076;3;3872,8333;3872,8333;;12,1;12,3;;;;;;;5,2;10;;14400;;;;;;;;;18;18;;21;21;1;1;1;1;1;1;224471,3432;100;;;0;;;;;;;;;;;2300;;10,2;;;;;0;0;0;503;6;0;0;0;0;0;0;0;0;0;4;4;0;0;1;;0;0;0;0;0;0;0;206;0;11,6445;0,25;;11,7107;0,02;;;0,3045;1,93;1,93;0;24,2545;12;;957;956;0;;833;0;;;;454;0;4,2792;1,5;92;0;;0;0;;;;11,32;3;161;0;117;0;94;0;320;2;;;0;60;;;;;;;0;0;N;8/5/2026 02:15;-761;;D;99,86;224500;59225;7;CBN8;N;15;30;1;16369;;1,49;3;;;;3,72;49;38;123;0;0;0;0;0;0;0
8/5/2026 00:00;1;2026050811;7076;3;3873;3873;;12,1;12,3;;;;;;;5,2;18;;14399;;12;;;;;;;18;18;;21;21;1;1;1;1;1;1;224471,6657;100;;;0;;;;;;;;;;;2300;;10,2;;;;;2;0;0;624;5;0;0;0;0;1;0;0;0;0;2;1;0;0;0;;0;0;0;0;0;0;0;166;0;11,8738;0,25;;11,9088;0,02;;;0,37;1,93;;0;11,6987;8;;957;956;0;864;864;0;80;12;465;465;0;4,3237;;152;0;;0;1;;;;11,32;15;161;0;117;0;94;1;320;2;;;0;60;;;;;;;0;0;N;8/5/2026 06:15;92;;D;99,83;224500;59226;8;CBN8;N;12;80;1;16369;;1,49;3;;;;3,84;52;39;132;0;0;0;0;0;0;0
8/5/2026 00:00;2;2026050812;7076;3;3873,1667;3873,1667;;12,1;12,3;;;;;;;5,2;21;;14400;;22;;;;;;;18;18;;21;21;1;1;1;1;1;1;224470,7112;100;;;0;;;;;;;;;;;2300;;10,2;;;;;0;0;1;518;3;0;0;0;0;2;0;0;0;0;1;0;0;0;0;;0;0;0;0;0;0;0;;0;12,3228;0,25;;12,4159;0,02;;;0,37;1,93;;0;10,0386;8;;957;956;0;;864;0;;;;465;0;4,4375;;64;0;;0;1;;;;11,32;7;161;0;117;0;94;1;320;2;;;0;60;;;;;;;0;0;N;8/5/2026 10:15;92;;D;99,83;224500;59227;0;CBN8;N;12;80;1;16370;;1,49;3;;;;4,17;52;39;132;0;0;0;0;0;0;0
8/5/2026 00:00;3;2026050823;7076;3;3873,3333;3873,3333;;12,1;12,3;;;;;;;5,2;4;;14400;;;;;;;;;18;18;;21;21;1;1;1;1;1;1;224472,1211;100;;;0;;;;;;;;;;;2300;;10,2;;;;;0;0;0;560;5;0;0;0;0;0;0;0;0;0;4;4;0;0;0;;0;0;0;0;0;0;0;133,5;0;12,1528;0,25;;12,2493;0,02;;;0,37;1,93;;0;25,7143;8;;957;956;0;887;887;0;33;15;508;508;0;4,4001;;60;0;;0;1;;;;11,32;3;161;0;117;0;94;1;320;2;;;0;60;;;;;;;0;0;N;8/5/2026 14:15;63;;D;99,84;224500;59228;1;CBN8;N;15;33;1;16370;;1,49;3;;;;4,06;51;38;130;0;0;0;0;0;0;0
8/5/2026 00:00;4;2026050824;7076;3;3873,5;3873,5;;12,1;12,3;;;;;;;5,2;48;;14399;;;;;;;;;18;18;;21;21;1;1;1;1;1;1;224473,1333;100;;;0;;;;;;;;;;;2300;;10,2;;;;;1;1;0;521;6;0;0;0;0;0;0;0;0;0;2;2;0;0;0;;0;0;0;0;0;0;0;122;0;11,9836;0,25;;12,0344;0,02;;;0,37;1,93;;0;37,0441;8;;957;956;0;;887;0;;;;508;0;4,3519;;64;0;;0;1;;;;11,32;16;161;0;117;0;94;1;320;2;;;0;60;;;;;;;0;0;N;8/5/2026 18:15;63;;D;99,84;224500;59229;2;CBN8;N;15;33;1;16371;;1,49;3;;;;3,92;51;38;130;0;0;0;0;0;0;0
8/5/2026 00:00;5;2026050835;7076;3;3873,6667;3873,6667;;12,1;12,3;;;;;;;5,2;12;;14401;;;;;;0;233;;18;18;;21;21;1;1;1;1;1;1;224472,7254;100;;;0;;;;;;;;;2533;2533;2300;2300;10,2;;;;;0;0;0;459;5;0;0;0;0;0;0;0;0;0;3;3;0;0;0;;0;0;0;0;0;0;0;108,3333;0;11,8123;0,25;;11,8626;0,02;;;0,37;1,93;;0;44,8802;8;;957;956;0;2722;2722;0;95;11;400;400;0;4,3133;;54;0;;0;1;;;;11,32;4;161;0;117;0;94;0;320;2;;;0;60;;;;;;;0;0;N;8/5/2026 22:15;5439;;D;99,66;224500;59230;3;CBN8;N;11;95;;;;1,49;6;800;;7;3,81;53;44;135;0;0;0;0;0;0;0
8/5/2026 00:00;6;2026050836;7076;3;3873,8333;3873,8333;;12,1;12,3;;;;;;;5,2;11;;14400;20;;;;;;;;18;18;;21;21;1;1;1;1;1;1;224476,0436;100;;;0;;;;;;;;;;;;;10,2;;;;;0;0;0;487;5;0;0;0;1;0;0;0;0;0;3;3;0;0;0;;0;0;0;0;0;0;0;128,3333;0;11,7106;0,25;;11,7823;0,02;;;0,37;1,93;;0;23,2033;8;;957;956;0;867;867;0;44;16;537;537;0;4,2953;;53;0;;0;0;;;;11,32;6;161;0;117;0;94;0;320;2;;;0;60;;;;;;;0;0;N;9/5/2026 02:15;-13192;;D;99,84;224500;59231;4;CBN8;N;16;44;1;16372;;1,49;3;1500;;7;3,76;54;38;137;0;0;0;0;0;0;0
9/5/2026 00:00;1;2026050911;7076;3;3874;3874;;12,1;12,3;;;;;;;5,2;11;;14398;;;;;;;;18;18;18;21;21;21;1;1;1;1;1;1;224474,0414;100;;;0;;;;;;;;;;;2300;;10,2;;;;;0;0;0;498;5;0;0;0;0;0;0;0;0;0;3;3;0;0;0;;0;0;0;0;0;0;0;152,6667;0;11,7372;0,25;;11,7788;0,0472;;;0,37;1,93;;0;32,1285;8;952;957;952;0;871;871;0;55;14;541;541;0;4,2945;;56;0;;0;1;;;;11,32;3;161;0;117;0;94;0;320;2;;;0;60;;;;;;;0;0;N;9/5/2026 06:15;24;;D;99,83;224500;59232;5;CBN8;N;14;55;1;16372;;1,49;3;;;;3,74;53;38;137;0;0;0;0;0;0;0
9/5/2026 00:00;2;2026050912;7076;3;3874,1667;3874,1667;;12,1;12,3;;;;;;;5,2;5;;14401;;16,5;;;;;;;18;18;;21;21;1;1;1;1;1;1;224475,0851;100;;;0;;;;;;;;;;;2300;;10,2;;;;;0;0;0;481;5;0;0;0;0;2;0;0;0;0;2;2;0;0;1;;0;0;0;0;0;0;0;124,5;0;11,79;0,25;;11,8684;0,1;;;0,37;1,93;;0;17,0478;8;;957;952;0;;871;0;;;;541;0;4,3146;;57;0;;0;1;;;;11,32;2;161;0;117;0;94;0;320;2;;;0;60;;;;;;;0;0;N;9/5/2026 10:15;24;;D;99,83;224500;59233;6;CBN8;N;14;55;1;16373;;1,49;3;;;;3,79;53;38;137;0;0;0;0;0;0;0
9/5/2026 00:00;3;2026050923;7076;3;3874,3333;3874,3333;;12,1;12,3;;;;;;;5,2;20;;14399;;;;;;;;;18;18;;21;21;1;1;1;1;1;1;224470,1494;100;;;0;;;;;;;;;;;2300;;10,2;;;;;0;0;0;509;6;0;0;0;0;0;0;0;0;0;4;4;0;0;0;;0;0;0;0;0;0;0;177,75;0;11,79;0,25;;11,861;0,1;;;0,37;1,93;;0;26,9155;8;;957;952;0;875;875;0;43;20;554;554;0;4,313;;78;0;;0;1;;;;11,32;8;161;0;117;0;94;0;320;2;;;0;60;;;;;;;0;0;N;9/5/2026 14:15;457;;D;99,83;224500;59234;7;CBN8;N;20;43;1;16373;;1,49;3;;;;3,79;54;39;139;0;0;0;0;0;0;0
9/5/2026 00:00;4;2026050924;7076;3;3874,5;3874,5;;12,1;12,3;;;;;;;5,2;23;;14400;;15;;;;;;;18;18;;21;21;1;1;1;1;1;1;224475,3646;100;;;0;;;;;;;;;;;2300;;10,2;;;;;0;0;1;497;3;0;0;0;0;1;0;0;0;0;0;0;0;0;0;;0;0;0;0;0;0;0;;0;12,3396;0,25;;12,3417;0,1;;;0,37;1,93;;0;29,9799;8;;957;952;0;;875;0;;;;554;0;4,4209;;76;0;;0;1;;;;11,32;16;161;0;117;0;94;0;320;2;;;0;60;;;;;;;0;0;N;9/5/2026 18:15;457;;D;99,83;224500;59235;0;CBN8;N;20;43;1;16374;;1,49;3;;;;4,1;54;39;139;0;0;0;0;0;0;0
9/5/2026 00:00;5;2026050935;7076;3;3874,6667;3874,6667;;12,1;12,3;;;;;;;5,2;0;;14400;;17;;;;;;;18;18;;21;21;1;1;1;1;1;1;224468,7365;100;;;0;;;;;;;;;;;2300;;10,2;;;;;0;0;0;486;5;0;0;0;0;1;0;0;0;0;3;3;0;0;0;;0;0;0;0;0;0;0;155,3333;0;12,3022;0,25;;12,3911;0,1;;;0,37;1,93;;0;27,1605;8;;957;952;0;853;853;0;68;16;556;556;0;4,432;;59;0;;0;1;;;;11,32;0;161;0;117;0;94;0;320;2;;;0;60;;;;;;;0;0;N;9/5/2026 22:15;-70;;D;99,82;224500;59236;1;CBN8;N;16;68;;;;1,49;3;;;;4,13;53;38;135;0;0;0;0;0;0;0
9/5/2026 00:00;6;2026050936;7076;3;3874,8333;3874,8333;;12,1;12,3;;;;;;;5,2;11;;14400;;;;;;;;;18;18;;21;21;1;1;1;1;1;1;224469,3985;100;;;0;;;;;;;;;;;2300;;10,2;;;;;0;0;0;480;5;0;0;0;0;0;0;0;0;0;3;3;0;1;0;;0;0;0;0;0;0;0;126,3333;0;12,1328;0,25;;12,1937;0,1;;;0,37;1,93;;0;38,75;8;;957;952;0;;853;0;;;;556;0;4,3877;;53;0;;0;0;;;;11,32;3;161;0;117;0;94;0;320;2;;;0;60;;;;;;;0;0;N;10/5/2026 02:15;-70;;D;99,82;224500;59237;2;CBN8;N;16;68;1;16375;;1,49;3;;;;4,01;53;38;135;0;0;0;0;0;0;0
10/5/2026 00:00;1;2026051011;7076;3;3875;3875;;12,1;12,3;;;;;;;5,2;3;;14400;;;;;;;;;18;18;;21;21;1;1;1;1;1;1;224476,9396;100;;;0;;;;;;;;;;1900;2300;;10,2;;;;;0;0;0;481;6;0;0;0;0;0;0;0;0;0;4;4;0;0;0;;0;0;0;0;0;0;0;110,5;0;11,9617;0,25;;11,9971;0,1;;;0,37;1,93;;0;38,6694;8;;957;952;0;846;846;0;46;16;555;555;0;4,3435;;54;0;;0;1;;;;11,32;1;161;0;117;0;94;0;320;2;;;0;60;;;;;;;0;0;N;10/5/2026 06:15;-23;;D;99,84;224500;59238;3;CBN8;N;16;46;1;16375;;1,49;3;;;;3,88;53;38;131;0;0;0;0;0;0;0
10/5/2026 00:00;2;2026051012;7076;3;3875,1667;3875,1667;;12,1;12,3;;;;;;;5,2;8;;14399;;;;;;;;;18;18;;21;21;1;1;1;1;1;1;224477,3618;100;;;0;;;;;;;;;;;;1900;10,2;240;;;;0;0;0;478;5;0;0;0;0;0;0;0;0;0;3;3;0;0;0;;0;0;0;0;0;0;0;124,3333;0;11,8113;0,25;;11,8256;0,1;;;0,37;1,93;;0;37,8661;8;;957;952;0;;846;0;;;;555;0;4,305;;55;0;;0;1;;;;11,32;3;161;0;117;0;94;0;320;2;;;0;60;;;;;;;0;0;N;10/5/2026 10:15;-23;;D;99,84;224500;59239;4;CBN8;N;16;46;1;16376;;1,49;3;1920;;7;3,77;53;38;131;0;0;0;0;0;0;0
10/5/2026 00:00;3;2026051023;7076;3;3875,3333;3875,3333;11,6;12,1;11,6;;;;;;4,8;4,8;2;;14400;17;;;;;;;19;18;19;22;21;22;1;1;1;1;1;1;224477,9468;100;;;0;;;;;;;;;;;2300;;10,2;;;;;0;0;0;518;5;0;0;0;1;0;0;0;0;0;3;3;0;0;0;;0;0;0;0;0;0;0;189;0;11,7039;0,25;;11,7785;0,0139;;;0,37;1,93;;0;16,4093;8;961;957;961;0;811;811;0;23;16;559;559;0;4,2944;;54;0;;0;1;;;;11,32;1;161;0;117;0;94;0;320;2;;;0;60;;;;;;;0;0;N;10/5/2026 14:15;-90;;D;99,84;224500;59240;5;CBN8;N;16;23;1;16376;;1,49;3;;;;3,78;51;39;129;0;0;0;0;0;0;0
10/5/2026 00:00;4;2026051024;7076;3;3875,5;3875,5;;12,1;11,6;;;;;;;4,8;4;;14400;;15;;;;;;;18;19;;21;22;1;1;1;1;1;1;224480,489;100;;;0;;;;;;;;;;;2300;;10,2;;;;;0;0;0;505;5;0;0;0;0;1;0;0;0;0;3;3;0;0;1;;0;0;0;0;0;0;0;156;0;11,61;0,25;;11,665;-0,08;;;0,37;1,93;;0;22,5743;8;;957;961;0;;811;0;;;;559;0;4,269;1,4;56;0;;0;1;;;;11,32;1;161;0;117;0;94;0;320;2;;;0;60;;;;;;;0;1;N;10/5/2026 18:15;-90;;D;99,84;224500;59241;6;CBN8;N;16;23;1;16377;;1,49;3;;;;3,71;51;39;129;0;0;0;0;0;0;0
10/5/2026 00:00;5;2026051035;7076;3;3875,6667;3875,6667;;12,1;11,6;;;;;;;4,8;15;;14400;;;;;;;;;18;19;;21;22;1;1;1;1;1;1;224476,3268;100;;;0;;;;;;;;;;;2300;;10,2;;;;;0;0;0;524;6;0;0;0;0;0;0;0;0;0;4;4;0;0;0;;0;0;0;0;0;0;0;175,5;0;11,7622;0,25;;11,8213;-0,08;;;0,37;1,93;;0;19,6565;9;;957;961;0;831;831;0;44;12;568;568;0;4,3041;;79;0;;0;1;;;;11,32;7;161;0;117;0;94;0;320;2;;;0;60;;;;;;;0;1;N;10/5/2026 22:15;58;;D;99,84;224500;59242;7;CBN8;N;12;44;;;;1,49;3;;;;3,85;51;38;129;0;0;0;0;0;0;0
10/5/2026 00:00;6;2026051036;7076;3;3875,8333;3875,8333;;12,1;11,6;;;;;;;4,8;7;;14400;;19;;;;;;;18;19;;21;22;1;1;1;1;1;1;224474,5451;100;;;0;;;;;;;;;;;2300;;10,2;;;;;0;0;1;441;3;0;0;0;0;2;0;0;0;0;1;1;0;0;0;;0;0;0;0;0;0;0;107;0;12,2246;0,25;;12,2939;-0,08;;;0,37;1,93;;0;25,8503;9;;957;961;0;;831;0;;;;568;0;4,4102;;54;0;;0;0;;;;11,32;2;161;0;117;0;94;0;320;2;;;0;60;;;;;;;0;1;N;11/5/2026 02:15;58;;D;99,84;224500;59243;0;CBN8;N;12;44;1;16378;;1,49;3;;;;4,16;51;38;129;0;0;0;0;0;0;0
11/5/2026 00:00;1;2026051111;7076;3;3876;3876;;12,1;11,6;;;;;;;4,8;6;;14399;;;;;;;;;18;19;;21;22;1;1;1;1;1;1;224468,6115;100;;;0;;;;;;;;;;;2300;;10,2;;;;;0;0;0;504;5;0;0;0;0;0;0;0;0;0;4;4;0;1;0;;0;0;0;0;0;0;0;130,5;0;12,0511;0,25;;12,1239;-0,08;;;0,37;1,93;;0;30,5556;9;;957;961;0;843;843;0;43;16;568;568;0;4,372;;55;0;;0;1;;;;11,32;2;161;0;117;0;94;0;320;2;;;0;60;;;;;;;0;1;N;11/5/2026 06:15;44;;D;99,84;224500;59244;1;CBN8;N;16;43;1;16378;;1,49;3;;;;4,05;52;39;131;0;0;0;0;0;0;0
11/5/2026 00:00;2;2026051112;7076;3;3876,1667;3876,1667;;12,1;11,6;;;;;;;4,8;2;;14399;;;;;;;;;18;19;;21;22;1;1;1;1;1;1;224471,2093;100;;;0;;;;;;;;;;;2300;;10,2;;;;;0;0;0;498;6;0;0;0;0;0;0;0;0;0;4;4;0;1;0;;0;0;0;0;0;0;0;116;0;11,88;0,25;;11,9321;-0,08;;;0,37;1,93;;0;32,5301;9;;957;961;0;;843;0;;;;568;0;4,3289;;54;0;;0;1;;;;11,32;1;161;0;117;0;94;0;320;2;;;0;60;;;;;;;0;1;N;11/5/2026 10:15;44;;D;99,84;224500;59245;2;CBN8;N;16;43;1;16379;;1,49;3;;;;3,92;52;39;131;0;0;0;0;0;0;0
11/5/2026 00:00;3;2026051123;7076;3;3876,3333;3876,3333;;12,1;11,6;;;;;;;4,8;6;;14401;;;;;;-140;88;;18;19;;21;22;1;1;1;1;1;1;222996,18;100;;;0;;;;;;;;;2248;2248;2300;2160;10,2;;;;;0;0;0;502;5;0;0;0;0;0;0;0;0;0;3;3;0;0;0;;0;0;0;0;0;0;0;115,6667;0;11,7085;0,25;;11,7576;-0,08;;;0,37;1,93;;0;28,2869;9;;957;961;0;822;822;0;37;11;555;555;0;4,2724;;53;0;;0;1;;;;11,32;2;161;0;117;0;94;0;320;2;;;0;60;;;;;;;0;1;N;11/5/2026 14:15;-57;;D;99,84;224500;59246;3;CBN8;N;11;37;1;16379;;1,49;3;2160;;2;3,81;53;39;130;0;0;0;0;0;0;0
11/5/2026 00:00;4;2026051124;7076;3;3876,5;3876,5;;12,1;11,6;;;;;;;4,8;5;;14400;17;;;;;;;;18;19;;21;22;1;1;1;1;1;1;224812,6971;100;;;0;;;;;;;;;;;;;10,2;;;;;0;0;0;498;5;0;0;0;1;0;0;0;0;0;3;3;0;0;0;;0;0;0;0;0;0;0;116,6667;0;11,6104;0,25;;11,6351;-0,08;;;0,37;1,93;;0;22,8916;9;;957;961;0;;822;0;;;;555;0;4,2662;;54;0;;0;1;;;;11,32;2;161;0;117;0;94;0;320;2;;;0;60;;;;;;;0;1;N;11/5/2026 18:15;-57;;D;99,84;224500;59247;4;CBN8;N;11;37;1;16380;;1,49;3;;;;3,72;53;39;130;0;0;0;0;0;0;0
11/5/2026 00:00;5;2026051135;7076;3;3876,6667;3876,6667;;12,1;11,6;;;;;;;4,8;12;;14400;;16;;;;;;19;18;19;21;21;21;1;1;1;1;1;1;224971,7044;100;;;0;;;;;;;;;;;2300;;10,2;;;;;0;0;0;449;6;0;0;0;0;1;0;0;0;0;2;2;0;0;0;;0;0;0;0;0;0;0;176,5;0;11,6083;0,25;;11,6496;-0,0817;;;0,37;1,93;;0;41,6481;9;963;957;963;0;791;791;0;40;10;541;541;0;4,2713;;60;0;;0;1;;;;11,32;5;161;0;117;0;94;0;320;2;;;0;60;;;;;;;0;1;N;11/5/2026 22:15;-88;;D;99,85;224500;59248;5;CBN8;N;10;40;;;;1,49;3;;;;3,74;53;39;131;0;0;0;0;0;0;0
11/5/2026 00:00;6;2026051136;7076;3;3876,8333;3876,8333;;12,1;11,6;;;;;;;4,8;13;;14400;;13;;;;;;;18;19;;21;21;1;1;1;1;1;1;224938,8596;100;;;0;;;;;;;;;;;2300;;10,2;;;;;0;0;0;573;5;0;0;0;0;1;0;0;0;0;3;3;0;0;1;;0;0;0;0;0;0;0;176,3333;0;11,6;0,25;;11,6624;-0,09;;;0,37;1,93;;0;14,8342;9;;957;963;0;;791;0;;;;541;0;4,2738;1,7;70;0;;0;0;;;;11,32;4;161;0;117;0;94;1;320;2;;;0;60;;;;;;;0;0;N;12/5/2026 02:15;-88;;D;99,85;224500;59249;6;CBN8;N;10;40;1;16381;;1,49;3;;;;3,75;53;39;131;0;0;0;0;0;0;0
12/5/2026 00:00;1;2026051211;7076;3;3877;3877;;12,1;11,6;;;;;;;4,8;6;;14399;;31;;;;;;;18;19;;21;21;1;1;1;1;1;1;224474,4582;100;;;0;;;;;;;;;;;2300;;10,2;;;;;0;0;1;462;4;0;0;0;0;1;0;0;0;0;1;1;0;1;0;;0;0;0;0;0;0;0;213;0;12,0877;0,25;;12,1631;-0,09;;;0,37;1,93;;0;18,3983;9;;957;963;0;847;847;0;52;11;537;537;0;4,3808;;74;0;;0;1;;;;11,32;5;161;0;117;0;94;0;320;2;;;0;60;;;;;;;0;0;N;12/5/2026 06:15;193;;D;99,84;224500;59250;0;CBN8;N;11;52;1;16381;;1,49;3;;;;4,09;53;38;132;0;0;0;0;0;0;0
12/5/2026 00:00;2;2026051212;7076;3;3877,1667;3877,1667;;12,1;11,6;;;;;;;4,8;2;;14400;;14;;;;;;;18;19;;21;21;1;1;1;1;1;1;224472,4526;100;;;0;;;;;;;;;;;2300;;10,2;;;;;0;0;0;509;4;0;0;0;0;1;0;0;0;0;3;3;0;0;0;;0;0;0;0;0;0;0;153;0;12,127;0,25;;12,2418;-0,09;;;0,37;1,93;;0;17,8782;9;;957;963;0;;847;0;;;;537;0;4,3984;;58;0;;0;1;;;;11,32;2;161;0;117;0;94;0;320;2;;;0;60;;;;;;;0;0;N;12/5/2026 10:15;193;;D;99,84;224500;59251;1;CBN8;N;11;52;1;16382;;1,46;3;;;;4,14;53;38;132;0;0;0;0;0;0;0
12/5/2026 00:00;3;2026051223;7076;3;3877,3333;3877,3333;;12,1;11,6;;;;;;;4,8;13;;14399;;;;;;;;;18;19;;21;21;1;1;1;1;1;1;224477,2367;100;;;0;;;;;;;;;;;2300;;10,2;;;;;0;0;0;510;6;0;0;0;0;0;0;0;0;0;4;4;0;1;0;;0;0;0;0;0;0;0;151,25;0;11,9591;0,25;;12,054;-0,09;;;0,37;1,93;;0;28,2353;9;;957;963;0;858;858;0;48;13;549;549;0;4,3563;;70;0;;0;1;;;;11,32;4;161;0;117;0;94;0;320;2;;;0;60;;;;;;;0;0;N;12/5/2026 14:15;30;;D;99,84;224500;59252;2;CBN8;N;13;48;1;16382;;1,46;3;;;;4,01;56;39;136;0;0;0;0;0;0;0
12/5/2026 00:00;4;2026051224;7076;3;3877,5;3877,5;;12,1;11,6;;;;;;;4,8;24;;14400;;;;;;;;;18;19;;21;21;1;1;1;1;1;1;224475,4932;100;;;0;;;;;;;;;;;2300;;10,2;;;;;0;0;0;507;6;0;0;0;0;0;0;0;0;0;4;4;0;0;0;;0;0;0;0;0;0;0;153,25;0;11,7917;0,25;;11,8718;-0,09;;;0,37;1,93;;0;29,783;9;;957;963;0;;858;0;;;;549;0;4,3154;;90;0;;0;1;;;;11,32;5;161;0;117;0;94;0;320;2;;;0;60;;;;;;;0;0;N;12/5/2026 18:15;30;;D;99,84;224500;59253;3;CBN8;N;13;48;1;16383;;1,46;3;;;;3,89;56;39;136;0;0;0;0;0;0;0
12/5/2026 00:00;5;2026051235;7076;3;3877,6667;3877,6667;;12,1;11,6;;;;;;;4,8;21;;14400;;;;;;;;;18;19;;21;21;1;1;1;1;1;1;224476,4032;100;;;0;;;;;;;;;;2077;2300;;10,2;;;;;0;0;0;506;6;0;0;0;0;0;0;0;0;0;4;4;0;0;0;;0;0;0;0;0;0;0;167,5;0;11,6343;0,25;;11,7292;-0,09;;;0,37;1,93;;0;29,6443;9;;957;963;0;905;905;0;60;15;552;552;0;4,2834;;101;0;;0;1;;;;11,32;7;161;0;117;0;94;0;320;2;;;0;60;;;;;;;0;0;N;12/5/2026 22:15;141;;D;99,82;224500;59254;4;CBN8;N;15;60;;;;1,46;3;;;;3,8;52;38;130;0;0;0;0;0;0;0
12/5/2026 00:00;6;2026051236;7076;3;3877,8333;3877,8333;;12,1;11,6;;;;;;;4,8;7;;14400;;;;;;;;;18;19;;21;21;1;1;1;1;1;1;224477,8827;100;;;0;;;;;;;;;;;;2100;10,2;;;;;0;0;0;566;6;0;0;0;0;0;0;0;0;0;4;4;0;0;0;;0;0;0;0;0;0;0;181,5;0;11,6;0,25;;11,6731;-0,09;;;0,37;1,93;;0;18,7279;9;;957;963;0;;905;0;;;;552;0;4,2708;;79;0;;0;0;;;;11,32;3;161;0;117;0;94;1;320;2;;;0;60;;;;;;;0;0;N;13/5/2026 02:15;141;;D;99,82;224500;59255;5;CBN8;N;15;60;1;16384;;1,46;3;2100;;12;3,76;52;38;130;0;0;0;0;0;0;0
13/5/2026 00:00;1;2026051311;7076;3;3878;3878;12,3;12,1;12,3;;;;;;5,1;5,1;8;;14399;19;;;;;;;21;18;21;21;21;21;1;1;1;1;1;1;224477,2992;100;;;0;;;;;;;;;;;2300;;10,2;;;;;0;0;0;501;5;0;0;0;1;0;0;0;0;0;3;3;0;1;0;;0;0;0;0;0;0;0;110,3333;0;11,6774;0,25;;11,719;-0,0126;;;0,37;1,93;;0;28,7425;9;955;957;955;0;877;877;0;78;16;529;529;0;4,2811;;75;0;;0;1;;;;11,32;3;161;0;117;0;94;0;320;2;;;0;60;;;;;;400;0;0;N;13/5/2026 06:15;-97;;D;99,83;224500;59256;6;CBN8;N;16;78;1;16384;;1,46;3;;;;3,75;54;38;130;0;0;0;0;0;0;0
13/5/2026 00:00;2;2026051312;7076;3;3878,1667;3878,1667;;12,1;12,3;;;;;;;5,1;4;;14401;;;;;;;;;18;21;;21;21;1;1;1;1;1;1;224475,9983;100;;;0;;;;;;;;;;;2300;;10,2;;;;;0;0;0;507;6;0;0;0;0;0;0;0;0;0;4;2;0;1;0;;0;0;0;0;0;0;0;161;0;11,74;0,25;;11,8205;0,05;;;0,37;1,93;;0;29,3886;9;;957;955;0;;877;0;;;;529;0;4,3039;1,5;88;0;;0;1;;;;11,32;3;161;0;117;0;94;0;320;2;;;0;60;;;;;;400;0;0;N;13/5/2026 10:15;-97;;D;99,83;224500;59257;7;CBN8;N;16;78;1;16385;;1,46;3;;;;3,82;54;38;130;0;0;0;0;0;0;0
13/5/2026 00:00;3;2026051323;7076;3;3878,3333;3878,3333;;12,1;12,3;;;;;;;5,1;16;;14399;;;;;;;;;18;21;;21;21;1;1;1;1;1;1;224477,0823;100;;;0;;;;;;;;;;;2300;;10,2;;;;;0;0;1;550;4;0;0;0;0;0;0;0;0;0;2;2;0;1;1;;0;0;0;0;0;0;0;147;0;12,1317;0,25;;12,1851;0,05;;;0,37;1,93;;0;14;7;;957;955;0;906;906;0;85;13;532;532;0;4,3857;;97;0;;0;1;;;;11,32;10;161;0;117;0;94;0;320;2;;;0;60;;;;;;400;0;0;N;13/5/2026 14:15;76;;D;99,83;224500;59258;0;CBN8;N;13;85;1;16385;;1,46;3;;;;4,02;52;38;130;0;0;0;0;0;0;0
13/5/2026 00:00;4;2026051324;7076;3;3878,5;3878,5;;12,1;12,3;;;;;;;5,1;4;;14399;;16;;;;;;;18;21;;21;21;1;1;1;1;1;1;224476,1217;100;;;0;;;;;;;;;;;2300;;10,2;;;;;0;0;0;474;5;0;0;0;0;1;0;0;0;0;2;2;0;1;0;;0;0;0;0;0;0;0;146,5;0;12,2943;0,25;;12,3586;0,05;;;0,37;1,93;;0;27,8481;7;;957;955;0;;906;0;;;;532;0;4,4247;;59;0;;0;1;;;;11,32;3;161;0;117;0;94;0;320;2;;;0;60;;;;;;400;0;0;N;13/5/2026 18:15;76;;D;99,83;224500;59259;1;CBN8;N;13;85;1;16386;;1,46;3;;;;4,13;52;38;130;0;0;0;0;0;0;0
13/5/2026 00:00;5;2026051335;7076;3;3878,6667;3878,6667;;12,1;12,3;;;;;;;5,1;11;;14400;;;;;;;;;18;21;;21;21;1;1;1;1;1;1;224469,7111;100;;;0;;;;;;;;;;;2300;;10,2;;;;;0;0;0;578;6;0;0;0;0;0;0;0;0;0;4;3;0;0;0;;0;0;0;0;0;0;0;155,6667;0;12,1228;0,25;;12,1973;0,05;;;0,37;1,93;;0;20,2422;7;;957;955;0;913;913;0;99;11;529;529;0;4,3885;;66;0;;0;1;;;;11,32;3;161;0;117;0;94;1;320;2;;;0;60;;;;;;400;0;0;N;13/5/2026 22:15;21;;D;99,83;224500;59260;2;CBN8;N;11;99;;;;1,46;3;;;;4,03;52;37;129;0;0;0;0;0;0;0
13/5/2026 00:00;6;2026051336;7076;3;3878,8333;3878,8333;;12,1;12,3;;;;;;;5,1;4;;14400;;;;;;;;;18;21;;21;21;1;1;1;1;1;1;224474,2359;100;;;0;;;;;;;;;;;2300;;10,2;;;;;0;0;0;507;5;0;0;0;0;0;0;0;0;0;4;4;0;0;0;;0;0;0;0;0;0;0;150,25;0;11,9537;0,25;;12,0042;0,05;;;0,37;1,93;;0;29,783;7;;957;955;0;;913;0;;;;529;0;4,3451;;72;0;;0;0;;;;11,32;2;161;0;117;0;94;0;320;2;;;0;60;;;;;;400;0;0;N;14/5/2026 02:15;21;;D;99,83;224500;59261;3;CBN8;N;11;99;1;16387;;1,46;3;;;;3,9;52;37;129;0;0;0;0;0;0;0
14/5/2026 00:00;1;2026051411;7076;3;3879;3879;;12,1;12,3;;;;;;;5,1;18;;14400;;;;;;100;33;;18;21;;21;21;1;1;1;1;1;1;224476,1114;100;;;0;;;;;;;;;2433;2433;2300;2400;10,2;;;;;0;0;0;556;6;0;0;0;0;0;0;0;0;0;4;4;0;1;0;;0;0;0;0;0;0;0;142;0;11,7887;0,25;;11,8283;0,05;;;0,37;1,93;;0;25;7;;957;955;0;924;924;0;54;14;523;523;0;4,3056;;71;0;;0;1;;;;11,32;6;161;0;117;0;94;1;320;2;;;0;60;;;;;;400;0;0;N;14/5/2026 06:15;38;;D;99,83;224500;59262;4;CBN8;N;14;54;1;16387;;1,46;5;2400;;2;3,79;54;37;131;0;0;0;0;0;0;0
14/5/2026 00:00;2;2026051412;7076;3;3879,1667;3879,1667;;12,1;12,3;;;;;;;5,1;6;;14400;15;;;;;;;;18;21;;21;21;1;1;1;1;1;1;224477,7037;100;;;2,0347;;400;400;;;;;;;;;;10,2;;;;;0;0;0;523;6;0;0;0;1;0;0;0;0;0;2;2;0;0;0;;0;0;0;0;0;0;0;176;0;11,74;0,25;;11,8235;0,05;;;0,37;1,93;;0;18,738;7;;957;955;0;;924;0;;;;523;0;4,3045;;60;0;;0;1;;;;11,32;3;161;0;117;0;94;0;320;2;;;0;60;;;;;;;0;0;N;14/5/2026 10:15;38;;D;99,83;224500;59263;5;CBN8;N;14;54;1;16388;;1,46;5;;;;3,78;54;37;131;0;0;0;0;0;0;0
14/5/2026 00:00;3;2026051423;7076;3;3879,3333;3879,3333;;12,1;12,3;;;;;;;5,1;34;;14399;;;;;;;;19;18;19;20;21;20;1;1;1;1;1;1;205494,2063;100;;;0;;;;;;;;;;;2300;;10,2;;;;;0;0;0;560;5;0;0;0;0;0;0;0;0;0;2;0;0;0;0;;0;0;0;0;0;0;0;;0;11,7954;0,25;;11,9418;0,1054;;;0,37;1,92;1,92;0;20,8929;7;947;957;947;0;;924;0;;;;523;0;4,2214;;86;0;;0;1;;;;11,32;16;161;0;117;0;94;2;320;2;;;0;60;;;;;;;0;0;N;14/5/2026 14:15;-7;;D;99,83;224500;59264;6;CBN8;N;16;96;1;16388;;1,46;3;;;;4,18;53;39;130;0;0;0;0;0;0;0
14/5/2026 00:00;4;2026051424;7076;3;3879,5;3879,5;;12,1;12,3;;;;;;;5,1;12;;14401;;;;;;;;;18;19;;21;20;1;1;1;1;1;1;226801,7086;100;;;0;;;;;;;;;;;2300;;10,2;;;;;0;0;0;494;5;0;0;0;0;0;0;0;0;0;3;3;0;0;1;;0;0;0;0;0;0;0;155,3333;0;11,91;0,25;;11,9501;0,22;;;0,37;1,92;;0;31,3765;7;;957;947;0;921;921;0;96;16;523;523;0;4,3608;;70;0;;0;1;;;;11,32;7;161;0;117;0;94;0;320;2;;;0;60;;;;;;;0;-1;N;14/5/2026 18:15;-7;;D;99,83;224500;59265;7;CBN8;N;16;96;1;16389;;1,46;3;;;;3,82;53;39;130;0;0;0;0;0;0;0
14/5/2026 00:00;5;2026051435;7076;3;3879,6667;3879,6667;;12,1;12,3;;;;;;;5,1;20;;14398;;16;;;;;;;18;19;;21;20;1;1;1;1;1;1;225912,3585;100;;;0;;;;;;;;;;;2300;;10,2;;;;;0;0;1;487;4;0;0;0;0;2;0;0;0;0;1;1;0;0;0;;0;0;0;0;0;0;0;176;0;12,4468;0,25;;12,5453;0,22;;;0,37;1,92;;0;13,7577;7;;957;947;0;;921;0;;;;523;0;4,4848;;88;0;;0;1;;;;11,32;11;161;0;117;0;94;0;320;2;;;0;60;;;;;;;0;-1;N;14/5/2026 22:15;-7;;D;99,83;224500;59266;0;CBN8;N;16;96;;;;1,46;3;;;;4,21;53;39;130;0;0;0;0;0;0;0
14/5/2026 00:00;6;2026051436;7076;3;3879,8333;3879,8333;;12,1;12,3;;;;;;;5,1;10;;14401;;18;;;;;;;18;19;;21;20;1;1;1;1;1;1;225241,1695;100;;;0;;;;;;;;;;;2300;;10,2;;;;;0;0;0;569;3;0;0;0;0;1;0;0;0;0;3;2;0;0;0;;0;0;0;0;0;0;0;166,5;0;12,424;0,25;;12,4959;0,22;;;0,37;1,92;;0;14,2355;7;;957;947;0;881;881;0;93;19;507;507;0;4,4655;;81;0;;0;0;;;;11,32;7;161;0;117;0;94;1;320;2;;;0;60;;;;;;;0;-1;N;15/5/2026 02:15;-85;;D;99,83;224500;59267;1;CBN8;N;19;93;1;16390;;1,46;3;;;;4,18;54;37;132;0;0;0;0;0;0;0
15/5/2026 00:00;1;2026051511;7076;3;3880;3880;;12,1;12,3;;;;;;;5,1;27;;14399;;;;;;;;;18;19;;21;20;1;1;1;1;1;1;225244,429;100;;;0;;;;;;;;;;;2300;;10,2;;;;;0;0;0;508;5;0;0;0;0;0;0;0;0;0;4;4;0;0;0;;0;0;0;0;0;0;0;166,25;0;12,2528;0,25;;12,3274;0,22;;;0,37;1,92;;0;29,5276;7;;957;947;0;897;897;0;71;17;526;526;0;4,4276;;67;0;;0;1;;;;11,32;7;161;0;117;0;94;0;320;2;;;0;60;;;;;;;0;-1;N;15/5/2026 06:15;135;;D;99,83;224500;59268;2;CBN8;N;17;71;1;16390;;1,46;4;;;;4,07;54;38;137;0;0;0;0;0;0;0
15/5/2026 00:00;2;2026051512;7076;3;3880,1667;3880,1667;;12,1;12,3;;;;;;;5,1;25;;14400;;;;;;;;;18;19;;21;20;1;1;1;1;1;1;225242,6617;100;;;0;;;;;;;;;;;2300;;10,2;;;;;0;0;0;508;5;0;0;0;0;0;0;0;0;0;4;4;0;0;0;;0;0;0;0;0;0;0;192,5;0;12,0817;0,25;;12,1509;0,22;;;0,37;1,92;;0;29,7244;7;;957;947;0;;897;0;;;;526;0;4,3878;;77;0;;0;1;;;;11,32;8;161;0;117;0;94;0;320;2;;;0;60;;;;;;;0;-1;N;15/5/2026 10:15;135;;D;99,83;224500;59269;3;CBN8;N;17;71;1;16391;;1,46;4;;;;3,96;54;38;137;0;0;0;0;0;0;0
15/5/2026 00:00;3;2026051523;7076;3;3880,3333;3880,3333;;12,1;12,3;;;;;;;5,1;9;;14400;;;;;;-1200;0;;18;19;;21;20;1;1;1;1;1;1;225242,3967;100;;;0;;;;;;;;;1100;1100;2300;1100;10,2;;;;;0;0;0;515;5;0;0;0;0;0;0;0;0;0;4;4;0;0;0;;0;0;0;0;0;0;0;181,75;0;11,9317;0,25;;11,9816;0,22;;;0,37;1,92;;0;25,4369;7;;957;947;0;917;917;0;80;16;509;509;0;4,3496;;79;0;;0;1;;;;11,32;2;161;0;117;0;94;0;320;2;;;0;60;;;;;;;0;-1;N;15/5/2026 14:15;63;;D;99,83;224500;59270;4;CBN8;N;16;80;1;16391;;1,46;3;2180;;4;3,85;55;38;132;0;0;0;0;0;0;0
15/5/2026 00:00;4;2026051524;7076;3;3880,5;3880,5;;12,1;12,3;;;;;;;5,1;15;;14399;11;;;;;;;;18;19;;21;20;1;1;1;1;1;1;225242,7728;100;;;0;;;;;;;;;;;;;10,2;140;;;;0;0;0;561;5;0;0;0;1;0;0;0;0;0;3;2;0;0;0;;0;0;0;0;0;0;0;158,5;0;11,91;0,25;;11,9208;0,22;;;0,37;1,92;;0;19,9643;7;;957;947;0;;917;0;;;;509;0;4,3359;;67;0;;1;1;;;;11,32;9;161;0;117;0;94;1;320;2;;;0;60;;;;;;;0;-1;N;15/5/2026 18:15;63;;D;99,83;224500;59271;5;CBN8;N;16;80;1;16392;;1,46;3;;;;3,81;55;38;132;0;0;0;0;0;0;0
15/5/2026 00:00;5;2026051535;7076;3;3880,6667;3880,6667;13,4;12,1;13,4;;;;;;5,1;5,1;36;;14400;;;;;;;;19;18;19;23;21;23;1;1;1;1;1;1;224711,3966;100;;;0;;;;;;;;;;;2700;;10,2;;;;;0;0;0;681;5;0;0;0;0;0;0;0;0;0;3;3;0;0;0;;0;0;0;0;0;0;0;165,6667;0;11,8653;0,25;;11,9639;0,1753;;;0,37;1,92;;0;15,5653;7;953;957;953;0;;917;0;;;;509;0;4,339;;64;0;;0;1;;;;11,32;13;161;0;117;0;94;3;320;2;;;0;60;;;;;;;0;-1;N;15/5/2026 22:15;-140;;D;99,83;224500;59272;6;CBN8;N;19;77;;;;1,46;3;;;;3,87;51;37;127;0;0;0;0;0;0;0
15/5/2026 00:00;6;2026051536;7076;3;3880,8333;3880,8333;;12,1;13,4;;;;;;;5,1;15;;14400;;19;;;;;;;18;19;;21;23;1;1;1;1;1;1;224475,948;100;;;0;;;;;;;;;;;2700;;10,2;;;;;0;0;0;480;6;0;0;0;0;1;0;0;0;0;3;3;0;0;1;;0;0;0;0;0;0;0;114,6667;0;11,77;0,25;;11,8267;0,08;;;0,37;1,92;;0;27,7083;7;;957;953;0;858;858;0;77;19;489;489;0;4,3053;;49;0;;0;0;;;;11,32;5;161;0;117;0;94;0;320;2;;;0;60;;;;;;;0;2;N;16/5/2026 02:15;-140;;D;99,83;224500;59273;7;CBN8;N;19;77;1;16393;;1,46;3;;;;3,78;51;37;127;0;0;0;0;0;0;0
16/5/2026 00:00;1;2026051611;7076;3;3881;3881;;12,1;13,4;;;;;;;5,1;13;;14399;;;;;;;;;18;19;;21;23;1;1;1;1;1;1;224471,4296;100;;;0;;;;;;;;;;;2700;;10,2;;;;;0;0;0;537;6;0;0;0;0;0;0;0;0;0;3;3;0;0;0;;0;0;0;0;0;0;0;188;0;11,8765;0,25;;11,9793;0,08;;;0,37;1,92;;0;17,1322;11;;957;953;0;885;885;0;55;19;515;515;0;4,3395;;68;0;;0;1;;;;11,32;5;161;0;117;0;94;0;320;2;;;0;60;;;;;;;0;2;N;16/5/2026 06:15;86;;D;99,83;224500;59274;8;CBN8;N;19;55;1;16393;;1,46;3;;;;3,84;51;37;127;0;0;0;0;0;0;0
16/5/2026 00:00;2;2026051612;7076;3;3881,1667;3881,1667;;12,1;13,4;;;;;;;5,1;14;;14401;;21;;;;;;;18;19;;21;23;1;1;1;1;1;1;224476,7292;100;;;0;;;;;;;;;;;2700;;10,2;;;;;0;0;1;436;3;0;0;0;0;2;0;0;0;0;0;0;0;0;0;;0;0;0;0;0;0;0;;0;12,395;0,25;;12,4868;0,08;;;0,37;1,92;;0;18,3486;11;;957;953;0;;885;0;;;;515;0;4,4535;;52;0;;0;1;;;;11,32;8;161;0;117;0;94;0;320;2;;;0;60;;;;;;;0;2;N;16/5/2026 10:15;86;;D;99,83;224500;59275;0;CBN8;N;19;55;1;16394;;1,46;3;;;;4,16;51;37;127;0;0;0;0;0;0;0
16/5/2026 00:00;3;2026051623;7076;3;3881,3333;3881,3333;;12,1;13,4;;;;;;;5,1;7;;14399;;;;;;;;;18;19;;21;23;1;1;1;1;1;1;224478,7178;100;;;0;;;;;;;;;;;2700;;10,2;;;;;0;0;0;504;5;0;0;0;0;0;0;0;0;0;4;4;0;0;0;;0;0;0;0;0;0;0;114;0;12,2221;0,25;;12,2907;0,08;;;0,37;1,92;;0;30,1587;11;;957;953;0;891;891;0;63;15;519;519;0;4,4094;;53;0;;0;1;;;;11,32;2;161;0;117;0;94;0;320;2;;;0;60;;;;;;;0;2;N;16/5/2026 14:15;20;;D;99,83;224500;59276;1;CBN8;N;15;63;1;16394;;1,46;3;;;;4,04;52;37;127;0;0;0;0;0;0;0
16/5/2026 00:00;4;2026051624;7076;3;3881,5;3881,5;;12,1;13,4;;;;;;;5,1;12;;14400;;;;;;;;;18;19;;21;23;1;1;1;1;1;1;224476,5069;100;;;0;;;;;;;;;;;2700;;10,2;;;;;0;0;0;506;6;0;0;0;0;0;0;0;0;0;4;4;0;0;0;;0;0;0;0;0;0;0;141,5;0;12,049;0,25;;12,1324;0,08;;;0,37;1,92;;0;29,6443;11;;957;953;0;;891;0;;;;519;0;4,3739;;65;0;;0;1;;;;11,32;2;161;0;117;0;94;0;320;2;;;0;60;;;;;;;0;2;N;16/5/2026 18:15;20;;D;99,83;224500;59277;2;CBN8;N;15;63;1;16395;;1,46;3;;;;3,93;52;37;127;0;0;0;0;0;0;0
16/5/2026 00:00;5;2026051635;7076;3;3881,6667;3881,6667;;12,1;13,4;;;;;;;5,1;16;;14400;;;;;;0;0;;18;19;;21;23;1;1;1;1;1;1;224476,4518;100;;;0;;;;;;;;;2700;2685;2700;2700;10,2;;;;;0;0;0;543;5;0;0;0;0;0;0;0;0;0;3;3;0;0;0;;0;0;0;0;0;0;0;141,3333;0;11,8778;0,25;;11,9356;0,08;;;0,37;1,92;;0;30,5709;11;;957;953;0;927;927;0;26;28;522;522;0;4,3297;;76;0;;0;1;;;;11,32;7;161;0;117;0;94;1;320;2;;;0;60;;;;;;;0;2;N;16/5/2026 22:15;96;;D;99,84;224500;59278;3;CBN8;N;28;26;;;;1,46;3;1440;;6;3,81;52;37;129;0;0;0;0;0;0;0
16/5/2026 00:00;6;2026051636;7076;3;3881,8333;3881,8333;;12,1;13,4;;;;;;;5,1;31;;14399;40;;;;;;;;18;19;;21;23;1;1;1;1;1;1;224475,9272;100;;;0;;;;;;;;;;;;;10,2;;;;;3;2;0;532;4;0;0;0;1;0;0;0;0;0;2;2;0;0;0;;0;0;0;0;0;0;0;104,5;0;11,7715;0,25;;11,8268;0,08;;;0,37;1,92;;0;21,8045;11;;957;953;6,2504;;927;0;;;;522;0;4,3053;;74;0;;0;0;;;;11,32;14;161;0;117;0;94;2;320;2;;;0;60;;;;;;;0;2;N;17/5/2026 02:15;96;;D;99,84;224500;59279;4;CBN8;N;28;26;1;16396;;1,46;3;1180;;6;3,74;52;37;129;0;0;0;0;0;0;0
17/5/2026 00:00;1;2026051711;7076;3;3882;3882;;12,1;13,4;;;;;;;5,1;5;;14400;;19,5;;;;;;17;18;17;22;21;22;1;1;1;1;1;1;224471,0625;100;;;0;;;;;;;;;;;2300;;10,2;;;;;0;0;0;486;4;0;0;0;0;2;0;0;0;0;1;1;0;0;0;;0;0;0;0;0;0;0;123;0,3929;12,0692;0,25;;12,1155;-0,0138;;;0,37;1,92;;0;11,9342;11;966;957;966;0;882;882;0;32;16;497;497;0;4,3701;;52;0;;0;1;;;;11,32;5;161;0;117;0;94;0;320;2;;;0;60;;;;;;;0;2;N;17/5/2026 06:15;-140;;D;99,84;224500;59280;5;CBN8;N;16;32;1;16396;;1,46;3;;;;3,99;52;36;126;0;0;0;0;0;0;0
17/5/2026 00:00;2;2026051712;7076;3;3882,1667;3882,1667;;12,1;13,4;;;;;;;5,1;7;;14399;;15;;;;;;;18;17;;21;22;1;1;1;1;1;1;224476,7954;100;;;0;;;;;;;;;;;2300;;10,2;;;;;0;0;0;543;6;0;0;0;0;1;0;0;0;0;3;3;0;1;1;;0;0;0;0;0;0;0;142;0,2181;11,7381;0,25;;11,846;-0,17;;;0,37;1,92;;0;20,442;11;;957;966;0;;882;0;;;;497;0;4,3096;1,6;56;0;;0;1;;;;11,32;4;161;0;117;0;94;1;320;2;;;0;60;;;;;;;0;1;N;17/5/2026 10:15;-140;;D;99,84;224500;59281;6;CBN8;N;16;32;1;16397;;1,46;3;;;;3,81;52;36;126;0;0;0;0;0;0;0
17/5/2026 00:00;3;2026051723;7076;3;3882,3333;3882,3333;;12,1;13,4;;;;;;;5,1;20;;14401;;;;;;;;;18;17;;21;22;1;1;1;1;1;1;224474,8263;100;;;0;;;;;;;;;;;2300;;10,2;;;;;0;0;1;527;6;0;0;0;0;0;0;0;0;0;3;3;0;0;0;;0;0;0;0;0;0;0;170,3333;0;11,7176;0,25;;11,8091;-0,17;;;0,37;1,92;;0;14,8008;11;;957;966;0;923;923;0;56;10;511;511;0;4,3013;;65;0;;0;1;;;;11,32;10;161;0;117;0;94;0;320;2;;;0;60;;;;;;;0;1;N;17/5/2026 14:15;177;;D;99,84;224500;59282;0;CBN8;N;10;56;1;16397;;1,46;1;;;;3,79;49;35;125;0;0;0;0;0;0;0
17/5/2026 00:00;4;2026051724;7076;3;3882,5;3882,5;;12,1;13,4;;;;;;;5,1;16;;14400;;24;;;;;;;18;17;;21;22;1;1;1;1;1;1;224479,2694;100;;;0;;;;;;;;;;;2300;;10,2;;;;;0;0;0;453;3;0;0;0;0;2;0;0;0;0;1;1;0;0;0;;0;0;0;0;0;0;0;101;0;12,1238;0,25;;12,2558;-0,17;;;0,37;1,92;;0;16,1148;11;;957;966;0;;923;0;;;;511;0;4,4016;;60;0;;0;1;;;;11,32;7;161;0;117;0;94;0;320;2;;;0;60;;;;;;;0;1;N;17/5/2026 18:15;177;;D;99,84;224500;59283;1;CBN8;N;10;56;1;16398;;1,46;1;;;;4,08;49;35;125;0;0;0;0;0;0;0
17/5/2026 00:00;5;2026051735;7076;3;3882,6667;3882,6667;;12,1;13,4;;;;;;;5,1;7;;14399;;17;;;;;;;18;17;;21;22;1;1;1;1;1;1;224476,0525;100;;;2,6875;;;;;;;;;;;2300;;10,2;;;;;0;0;0;464;6;0;0;0;0;1;0;0;0;0;3;3;0;0;0;;0;0;0;0;0;0;0;141,3333;0;11,95;0,25;;12,0568;-0,17;;;0,37;1,92;;0;31,681;11;;957;966;0;936;936;0;49;18;517;517;0;4,3569;;67;1;;0;1;;;;11,32;4;161;0;117;0;94;0;320;2;;;0;60;;;;;;;0;1;N;17/5/2026 22:15;32;;D;99,84;224500;59284;2;CBN8;N;18;49;;;;1,46;3;;;;3,95;55;38;127;0;0;0;0;0;0;0
17/5/2026 00:00;6;2026051736;7076;3;3882,8333;3882,8333;;12,1;13,4;;;;;;;5,1;18;;14400;;;;;;;;;18;17;;21;22;1;1;1;1;1;1;224475,191;100;;;0;;;;;;;;;;;2300;;10,2;;;;;0;0;0;524;6;0;0;0;0;0;0;0;0;0;4;3;0;0;0;;0;0;0;0;0;0;0;176;0;11,7791;0,25;;11,8849;-0,17;;;0,37;1,92;;0;24,2366;11;;957;966;0;;936;0;;;;517;0;4,3183;;85;0;;0;0;;;;11,32;5;161;0;117;0;94;0;320;2;;;0;60;;;;;;;0;1;N;18/5/2026 02:15;32;;D;99,84;224500;59285;3;CBN8;N;18;49;1;16399;;1,46;3;;;;3,84;55;38;127;0;0;0;0;0;0;0
18/5/2026 00:00;1;2026051811;7076;3;3883;3883;;12,1;13,4;;;;;;;5,1;9;;14400;;;;;;-300;0;;18;17;;21;22;1;1;1;1;1;1;224475,4359;100;;;0;;;;;;;;;2000;2031;2300;2000;10,2;;;;;3;2;0;575;6;0;0;0;0;0;0;0;0;0;4;2;0;0;0;;0;0;0;0;0;0;0;242,5;0;11,6111;0,25;;11,6862;-0,17;;;0,37;1,92;;0;21,2174;11;;957;966;8,3333;937;937;8,3333;62;19;505;505;0;4,2737;;132;0;;0;1;;;;11,32;5;161;0;117;0;94;1;320;2;;;0;60;;;;;;;0;1;N;18/5/2026 06:15;3;;D;99,83;224500;59286;4;CBN8;N;19;62;1;16399;;1,46;3;2000;;6;3,71;56;37;128;0;0;0;0;0;0;0
18/5/2026 00:00;2;2026051812;7076;3;3883,1667;3883,1667;;12,1;13,4;;;;;;;5,1;11;;14400;22;;;;;;;;18;17;;21;22;1;1;1;1;1;1;224476,4845;100;;;0;;;;;;;;;;;;;10,2;;;;;8;5;0;548;5;0;0;0;1;0;0;0;0;0;2;1;0;0;0;;0;0;0;0;0;0;0;184;0;11,5658;0,25;;11,6829;-0,17;;;0,37;1,92;;0;12,5912;11;;957;966;21,5694;;937;9,0694;;;;505;0;4,273;;120;0;;0;1;;;;11,32;11;161;0;117;0;94;1;320;2;;;0;60;;;;;;;0;1;N;18/5/2026 10:15;3;;D;99,83;224500;59287;5;CBN8;N;19;62;1;16400;;1,46;3;;;;3,71;56;37;128;0,0585;0;0;0;0;0;0
18/5/2026 00:00;3;2026051823;7076;3;3883,3333;3883,3333;14,68;12,1;14,68;;;;;;6,86;6,86;20;;14400;;18;;;;;;16;18;16;23;21;23;1;1;1;1;1;1;224477,8287;100;;;0;;;;;;;;;;;2700;;10,2;;;;;0;0;0;508;5;0;0;0;0;1;0;0;0;0;3;3;0;0;0;;0;0;0;0;0;0;0;182,6667;0;11,853;0,25;;11,9496;0,0387;;;0,37;1,92;;0;14,9606;11;951;957;951;36,7639;902;902;36,7639;95;15;484;484;0;4,3329;;86;0;;0;1;;;;11,32;10;161;0;117;0;94;0;320;2;;;0;60;;;;;;;0;1;N;18/5/2026 14:15;-111;;D;99,83;224500;59288;6;CBN8;N;15;95;1;16400;;1,43;6;;;;3,81;53;36;121;0,1133;0;0;0;0;0;0
18/5/2026 00:00;4;2026051824;7076;3;3883,5;3883,5;;12,1;14,68;;;;;;;6,86;3;;14399;;16;;;;;;;18;16;;21;23;1;1;1;1;1;1;224476,3754;100;;;0;;;;;;;;;;;2700;;10,2;;;;;2;0;0;554;6;0;0;0;0;1;0;0;0;0;3;2;0;0;1;;0;0;0;0;0;0;0;187;0;11,82;0,25;;11,883;0,13;;;0,37;1,92;;0;16,9675;11;;957;951;8,3339;;902;0;;;;484;0;4,3179;1,4;88;0;;0;1;;;;11,32;2;161;0;117;0;94;1;320;2;;;0;60;;;;;;;0;2;N;18/5/2026 18:15;-111;;D;99,83;224500;59289;7;CBN8;N;15;95;1;16401;;1,43;6;;;;3,76;53;36;121;0;0;0;0;0;0;0
18/5/2026 00:00;5;2026051835;7076;3;3883,6667;3883,6667;;12,1;14,68;;;;;;;6,86;8;;14399;;;;;;;;;18;16;;21;23;1;1;1;1;1;1;224476,7334;100;;;0;;;;;;;;;;;2700;;10,2;;;;;0;0;1;521;5;0;0;0;0;0;0;0;0;0;3;3;0;0;0;;0;0;0;0;0;0;0;203,3333;0;12,0176;0,25;;12,0996;0,13;;;0,37;1,92;;0;17,4664;21;;957;951;0;916;916;0;89;14;477;477;0;4,3665;;81;0;;0;1;;;;11,32;4;161;0;117;0;94;0;320;2;;;0;60;;;;;;;0;2;N;18/5/2026 22:15;42;;D;99,83;224500;59290;0;CBN8;N;14;89;;;;1,43;3;;;;3,82;52;36;119;0;0;0;0;0;0;0
18/5/2026 00:00;6;2026051836;7076;3;3883,8333;3883,8333;;12,1;14,68;;;;;;;6,86;10;;14400;;17,5;;;;;;;18;16;;21;23;1;1;1;1;1;1;224478,4762;100;;;0;;;;;;;;;;;2700;;10,2;;;;;0;0;0;546;2;0;0;0;0;2;0;0;0;0;2;1;0;0;0;;0;0;0;0;0;0;0;189;0;12,4255;0,25;;12,551;0,13;;;0,37;1,92;;0;9,5238;21;;957;951;0;;916;0;;;;477;0;4,4679;;68;0;;0;0;;;;11,32;6;161;0;117;0;94;1;320;2;;;0;60;;;;;;;0;2;N;19/5/2026 02:15;42;;D;99,83;224500;59291;1;CBN8;N;14;89;1;16402;;1,43;3;;;;4,1;52;36;119;0;0;0;0;0;0;0
19/5/2026 00:00;1;2026051911;7076;3;3884;3884;;12,1;14,68;;;;;;;6,86;9;;14400;;;;;;;;;18;16;;21;23;1;1;1;1;1;1;224478,1552;100;;;0;;;;;;;;;;;2700;;10,2;;;;;0;0;0;489;4;0;0;0;0;0;0;0;0;0;3;3;0;0;0;;0;0;0;0;0;0;0;147,6667;0;12,2536;0,25;;12,3239;0,13;;;0,37;1,92;;0;35,5828;21;;957;951;0;1002;1002;0;72;23;486;486;0;4,4169;;71;0;;0;1;;;;11,32;3;161;0;117;0;94;0;320;2;;;0;60;;;;;;;0;2;N;19/5/2026 06:15;250;;D;99,82;224500;59292;2;CBN8;N;23;72;1;16402;;1,43;3;;;;3,96;53;37;125;0;0;0;0;0;0;0
19/5/2026 00:00;2;2026051912;7076;3;3884,1667;3884,1667;;12,1;14,68;;;;;;;6,86;12;;14400;;;;;;;;;18;16;;21;23;1;1;1;1;1;1;224477,7037;100;;;0;;;;;;;;;;;2700;;10,2;;;;;0;0;0;578;4;0;0;1;0;0;0;0;0;0;4;1;0;0;0;;0;0;0;0;0;0;0;167;0;12,0913;0,25;;12,1593;0,13;;;0,3785;1,92;;0;20,5882;;;957;951;0;;1002;0;;;;486;0;4,3799;;71;0;;0;1;;;;11,32;4;161;0;117;0;94;1;320;2;;;0;60;;;;;;;0;2;N;19/5/2026 10:15;250;;D;99,82;224500;59293;3;CBN8;N;23;72;1;16403;;1,43;3;;;;;53;37;125;0;0;0;0;0;0;0
19/5/2026 00:00;3;2026051923;7076;3;3884,3333;3884,3333;;12,1;14,68;;;;;;;6,86;9;;14399;;;;;;0;-60;;18;16;;21;23;1;1;1;1;1;1;224476,9257;100;;;0;;;;;;;;;2640;2640;2700;2700;10,2;;;;;0;0;0;579;4;0;0;0;0;0;0;0;0;0;4;4;0;0;0;;0;0;0;0;0;0;0;187,75;0;11,9213;0,25;;12,0141;0,13;;;0,38;1,92;;0;17,962;;;957;951;0;967;967;0;91;15;484;484;0;4,3473;;60;0;;0;1;;;;11,32;3;161;0;117;0;94;1;320;2;;;0;60;;;;;;;0;2;N;19/5/2026 14:15;-112;;D;99,82;224500;59294;4;CBN8;N;15;91;1;16403;;1,43;3;2600;;10;;51;37;120;0;0;0;0;0;0;0
19/5/2026 00:00;4;2026051924;7076;3;3884,5;3884,5;;12,1;14,68;;;;;;;6,86;18;;14401;19;;;;;;;;18;16;;21;23;1;1;1;1;1;1;224476,625;100;;;0;;;;;;;;;;;;;10,2;;;;;0;0;0;546;4;0;0;0;1;0;0;0;0;0;2;2;0;0;0;;0;0;0;0;0;0;0;159,5;0;11,83;0,25;;11,8601;0,13;;;0,38;1,92;;0;16,6667;;;957;951;0;;967;0;;;;484;0;4,3128;;78;0;;0;1;;;;11,32;11;161;0;117;0;94;1;320;2;;;0;60;;;;;;;0;2;N;19/5/2026 18:15;-112;;D;99,82;224500;59295;5;CBN8;N;15;91;1;16404;;1,43;3;;;;;51;37;120;0;0;0;0;0;0;0
19/5/2026 00:00;5;2026051935;7076;3;3884,6667;3884,6667;;12,1;14,68;;;;;;;6,86;14;;14398;;;;;;;;17;18;17;23;21;23;1;1;1;1;1;1;224476,339;100;;;0;;;;;;;;;;;2700;;10,2;;;;;1;1;0;683;3;0;0;0;0;0;0;0;0;0;3;2;0;0;0;;0;0;0;0;0;0;0;211,5;0;11,8066;0,25;;11,9696;0,1066;;;0,38;1,92;;0;14,9341;;956;957;956;0;963;963;0;67;14;476;476;0;4,3373;;75;0;;0;1;;;;11,32;6;161;0;117;0;94;3;320;2;;;0;60;;;;;;;0;2;N;19/5/2026 22:15;-12;;D;99,82;224500;59296;6;CBN8;N;14;67;;;;1,43;3;;;;;51;37;119;0;0;0;0;0;0;0
19/5/2026 00:00;6;2026051936;7076;3;3884,8333;3884,8333;;12,1;14,68;;;;;;;6,86;23;;14401;;41;;;;;;;18;17;;21;23;1;1;1;1;1;1;224477,9028;100;;;0;;;;;;;;;;;2700;;10,2;;;;;4;3;0;485;4;0;0;0;0;1;0;0;0;0;1;1;0;0;1;;0;0;0;0;0;0;0;162;0,3336;12,0536;0,25;;11,9466;0,02;;;0,38;1,92;;0;16,2887;;;957;956;16,6725;;963;16,6725;;;;476;0;4,3322;2;102;0;;0;0;;;;11,32;15;161;0;117;0;94;1;320;2;;;0;60;;;;;;;0;2;N;20/5/2026 02:15;-12;;D;99,82;224500;59297;7;CBN8;N;14;67;1;16405;;1,43;3;;;;;51;37;119;0;0;0;0;0;0;0
20/5/2026 00:00;1;2026052011;7076;3;3885;3885;;12,1;14,68;;;;;;;6,86;13;;14400;;13;;;;;;;18;17;;21;23;1;1;1;1;1;1;224475,1007;100;;;0;;;;;;;;;;;2700;;10,2;;;;;0;0;1;502;4;0;0;0;0;1;0;0;0;0;1;1;0;0;0;;0;0;0;0;0;0;0;167;0,56;12,455;0,25;;12,5543;0,02;;;0,38;1,92;;0;26,6932;;;957;956;0;1024;1024;0;63;16;503;503;0;4,4686;;78;0;;0;1;;;;11,32;9;161;0;117;0;94;0;320;2;;;0;60;;;;;;;0;2;N;20/5/2026 06:15;418;;D;99,82;224500;59298;0;CBN8;N;16;63;1;16405;;1,43;3;;;;;54;38;126;0;0;0;0;0;0;0
20/5/2026 00:00;2;2026052012;7076;3;3885,1667;3885,1667;;12,1;14,68;;;;;;;6,86;8;;14399;;30;;;;;;;18;17;;21;23;1;1;1;1;1;1;224476,3456;100;;;0;;;;;;;;;;;2700;;10,2;;;;;0;0;0;377;2;0;0;0;0;2;0;0;0;0;0;0;0;0;0;;0;0;0;0;0;0;0;;0,46;12,7873;0,25;;12,7822;0,02;;;0,38;1,92;;0;19,6286;;;957;956;0;;1024;0;;;;503;0;4,5198;;58;0;;0;1;;;;11,32;4;161;0;117;0;94;0;320;2;;;0;60;;;;;;;0;2;N;20/5/2026 10:15;418;;D;99,82;224500;59299;1;CBN8;N;16;63;1;16406;;1,43;3;;;;;54;38;126;0;0;0;0;0;0;0
20/5/2026 00:00;3;2026052023;7076;3;3885,3333;3885,3333;;12,1;14,68;;;;;;;6,86;14;;14401;;;;;;;;;18;17;;21;23;1;1;1;1;1;1;224479,8444;100;;;0;;;;;;;;;;;2700;;10,2;;;;;0;0;0;469;5;0;0;0;0;0;0;0;0;0;3;3;0;0;0;;0;0;0;0;0;0;0;122,3333;0,36;12,5136;0,25;;12,536;0,02;;;0,38;1,92;;0;43,0704;;;957;956;0;;1024;0;;;;503;0;4,4645;;57;0;;0;1;;;;11,32;4;161;0;117;0;94;0;320;2;;;0;60;;;;;;;0;2;N;20/5/2026 14:15;-112;;D;99,83;224500;59300;2;CBN8;N;23;42;1;16406;;1,43;3;;;;;50;37;122;0;0;0;0;0;0;0
20/5/2026 00:00;4;2026052024;7076;3;3885,5;3885,5;;12,1;14,68;;;;;;;6,86;2;;14398;;;;;;;;;18;17;;21;23;1;1;1;1;1;1;224479,7527;100;;;0;;;;;;;;;;;2700;;10,2;;;;;0;0;0;540;5;0;0;0;0;0;0;0;0;0;3;2;0;0;0;;0;0;0;0;0;0;0;115,5;0,2706;12,2534;0,25;;12,3656;0,02;;;0,38;1,92;;0;31,1111;;;957;956;0;984;984;0;42;23;501;501;0;4,4263;;61;0;;0;1;;;;11,32;1;161;0;117;0;94;1;320;2;;;0;60;;;;;;;0;2;N;20/5/2026 18:15;-112;;D;99,83;224500;59301;3;CBN8;N;23;42;1;16407;;1,43;3;;;;;50;37;122;0;0;0;0;0;0;0
20/5/2026 00:00;5;2026052035;7076;3;3885,6667;3885,6667;;12,1;14,68;;;;;;;6,86;6;;14401;;;;;;;;;18;17;;21;23;1;1;1;1;1;1;224475,4949;100;;;0;;;;;;;;;;2660;2700;;10,2;;;;;0;0;0;478;5;0;0;0;0;0;0;0;0;0;4;4;0;2;0;;1;0;0;0;0;0;0;134,75;0,0313;11,8443;0,25;;11,8961;0,02;;;0,38;1,92;;0;39,9582;;;957;956;0;950;950;0;48;17;484;484;0;4,3208;;62;0;;0;1;;;;11,32;2;161;0;117;0;94;0;320;2;;;0;60;;;;;;;0;2;N;20/5/2026 22:15;-117;;D;99,83;224500;59302;4;CBN8;N;17;48;;;;1,43;3;2240;;4;;50;37;118;0;0;0;0;0;0;0
20/5/2026 00:00;6;2026052036;7076;3;3885,8333;3885,8333;;12,1;14,68;;;;;;;6,86;8;;14399;;;;;;;;;18;17;;21;23;1;1;1;1;1;1;224475,7572;100;;;0;;;;;;;;;;;;2700;10,2;180;;;;0;0;0;485;5;0;0;0;0;0;0;0;0;0;3;3;0;0;0;;0;0;0;0;0;0;0;127;0;11,7202;0,25;;11,7543;0,02;;;0,38;1,92;;0;35,2577;;;957;956;0;;950;0;;;;484;0;4,289;;56;0;;0;0;;;;11,32;2;161;0;117;0;94;0;320;2;;;0;60;;;;;;;0;2;N;21/5/2026 02:15;-117;;D;99,83;224500;59303;5;CBN8;N;17;48;1;16408;;1,43;3;;;;;50;37;118;0;0;0;0;0;0;0
21/5/2026 00:00;1;2026052111;7076;3;3886;3886;12,8;12,1;12,8;;;;;;5,3;5,3;4;;14399;17;;;;;;;17;18;17;22;21;22;1;1;1;1;1;1;224472,3067;100;;;0;;;;;;;;;;;2300;;10,2;;;;;0;0;0;504;5;0;0;0;1;0;0;0;0;0;3;3;0;0;0;;0;0;0;0;0;0;0;149,3333;0;11,6819;0,25;;11,7726;-0,0113;;;0,3732;1,87;1,87;0;21,0317;;960;957;960;0;;950;0;;;;484;0;4,2931;;61;0;;0;1;;;;11,32;2;161;0;117;0;94;0;320;2;;;0;60;;;;;;;0;2;N;21/5/2026 06:15;-117;;D;99,83;224500;59304;6;CBN8;N;17;48;1;16408;;1,43;3;;;;;50;37;118;0;0;0;0;0;0;0
21/5/2026 00:00;2;2026052112;7076;3;3886,1667;3886,1667;;12,1;12,8;;;;;;;5,3;14;;14401;;21;;;;;;;18;17;;21;22;1;1;1;1;1;1;224473,8644;100;;;0;;;;;;;;;;;2300;;10,2;;;;;0;0;0;504;5;0;0;0;0;1;0;0;0;0;3;3;0;0;1;;0;0;0;0;0;0;0;166,6667;0;11,61;0,25;;11,709;-0,05;;;0,34;1,87;;0;16,8651;;;957;960;0;984;984;0;49;13;484;484;0;4,2788;1,6;75;0;;0;1;;;;11,32;5;161;0;117;0;94;0;320;2;;;0;60;;;;;;;0;1;N;21/5/2026 10:15;90;;D;99,83;224500;59305;7;CBN8;N;13;49;1;16409;;1,43;3;;;;;52;37;123;0;0;0;0;0;0;0
21/5/2026 00:00;3;2026052123;7076;3;3886,3333;3886,3333;;12,1;12,8;;;;;;;5,3;18;;14399;;19;;;;;;;18;17;;21;22;1;1;1;1;1;1;224478,2231;100;;;0,0139;;;;;;;;;;;2300;;10,2;;;;;5;3;0;480;5;0;0;0;0;1;0;0;0;0;2;2;0;1;0;;0;0;0;0;0;0;0;177;0,2291;11,8757;0,25;;11,8991;-0,05;;;0,34;1,87;;0;24,5833;15;;957;960;15,6122;996;996;7,2783;75;17;487;487;0;4,3215;;121;0;;0;1;;;;11,32;10;161;0;117;0;94;0;320;2;;;0;60;;;;;;;0;1;N;21/5/2026 14:15;39;;D;99,82;224500;59306;8;CBN8;N;17;75;1;16409;;1,43;3;;;;3,87;51;37;122;0,0365;0;0;0;0;0;0
21/5/2026 00:00;4;2026052124;7076;3;3886,5;3886,5;;12,1;12,8;;;;;;;5,3;18;;14400;;15;;;;;;;18;17;;21;22;1;1;1;1;1;1;224475,5574;100;;;0;;;;;;;;;;;2300;;10,2;;;;;4;1;1;541;5;0;0;0;0;2;0;0;0;0;1;1;0;1;0;;0;0;0;0;0;0;0;172;0,0174;12,1385;0,25;;12,2733;-0,05;;;0,34;1,87;;0;7,5786;15;;957;960;4,1944;;996;0;;;;487;0;4,4055;;119;0;;0;1;;;;11,32;14;161;0;117;0;94;0;320;2;;;0;60;;;;;;;0;1;N;21/5/2026 18:15;39;;D;99,82;224500;59307;0;CBN8;N;17;75;1;16410;;1,43;3;;;;4,12;51;37;122;0;0;0;0;0;0;0
21/5/2026 00:00;5;2026052135;7076;3;3886,6667;3886,6667;;12,1;12,8;;;;;;;5,3;8;;14400;;;;;;;;;18;17;;21;22;1;1;1;1;1;1;224468,7804;100;;;0;;;;;;;;;;;2300;;10,2;;;;;0;0;0;471;5;0;0;0;0;0;0;0;0;0;3;3;0;1;0;;0;0;0;0;0;0;0;112,3333;0;12,1296;0,25;;12,1971;-0,05;;;0,34;1,87;;0;42,6752;15;;957;960;0;950;950;0;53;16;474;474;0;4,3884;;60;0;;0;1;;;;11,32;2;161;0;117;0;94;0;320;2;;;0;60;;;;;;;0;1;N;21/5/2026 22:15;-146;;D;99,82;224500;59308;1;CBN8;N;16;53;;;;1,43;3;;;;4,07;52;38;121;0;0;0;0;0;0;0
21/5/2026 00:00;6;2026052136;7076;3;3886,8333;3886,8333;;12,1;12,8;;;;;;;5,3;26;;14400;;;;;;;;;18;17;;21;22;1;1;1;1;1;1;224467,2293;100;;;0;;;;;;;;;;;2300;;10,2;;;;;0;0;0;506;6;0;0;0;0;0;0;0;0;0;4;4;0;0;0;;0;0;0;0;0;0;0;164,5;0;11,9583;0,25;;12,0345;-0,05;;;0,34;1,87;;0;29,8419;15;;957;960;0;;950;0;;;;474;0;4,3519;;74;0;;0;0;;;;11,32;6;161;0;117;0;94;0;320;2;;;0;60;;;;;;;0;1;N;22/5/2026 02:15;-146;;D;99,82;224500;59309;2;CBN8;N;16;53;1;16411;;1,43;3;;;;3,96;52;38;121;0;0;0;0;0;0;0
22/5/2026 00:00;1;2026052211;7076;3;3887;3887;;12,1;12,8;;;;;;;5,3;26;;14400;;;;;;0;0;;18;17;;21;22;1;1;1;1;1;1;224476,5229;100;;;0;;;;;;;;;2300;2419;2300;2300;10,2;;;;;0;0;0;519;6;0;0;0;0;0;0;0;0;0;5;5;0;0;0;;0;0;0;0;0;0;0;200,6;0;11,7909;0,25;;11,878;-0,05;;;0,34;1,87;;0;26,0116;15;;957;960;0;1044;1044;0;83;17;499;499;0;4,3168;;79;0;;0;1;;;;11,32;7;161;0;117;0;94;0;320;2;;;0;60;;;;;;;0;1;N;22/5/2026 06:15;264;;D;99,82;224500;59310;3;CBN8;N;17;83;1;16411;;1,43;3;2320;;4;3,86;52;38;123;0;0;0;0;0;0;0
22/5/2026 00:00;2;2026052212;7076;3;3887,1667;3887,1667;;12,1;12,8;;;;;;;5,3;27;;14399;20;;;;;;;;18;17;;21;22;1;1;1;1;1;1;224477,7454;100;;;0;;;;;;;;;;;;;10,2;;;;;3;2;0;616;6;0;0;0;1;0;0;0;0;0;2;2;0;0;0;;0;0;0;0;0;0;0;210;0;11,637;0,25;;11,748;-0,05;;;0,34;1,87;;0;11,3636;15;;957;960;10,4243;;1044;10,4243;;;;499;0;4,2876;;77;0;;0;1;;;;11,32;13;161;0;117;0;94;2;320;2;;;0;60;;;;;;;0;1;N;22/5/2026 10:15;264;;D;99,82;224500;59311;4;CBN8;N;17;83;1;16412;;1,43;3;;;;3,78;52;38;123;0;0;0;0;0;0;0
22/5/2026 00:00;3;2026052223;7076;3;3887,3333;3887,3333;;12,1;12,8;;;;;;;5,3;24;;14400;;;;;;;;19;18;19;21;21;21;1;1;1;1;1;1;224475,7016;100;;;0;;;;;;;;;;;2300;;10,2;;;;;0;0;0;511;6;0;0;0;0;0;0;0;0;0;4;4;0;0;0;;0;0;0;0;0;0;0;172,5;0;11,6241;0,25;;11,7008;-0,0359;;;0,34;1,87;;0;27,7886;15;957;957;957;0;964;964;0;54;18;469;469;0;4,277;;62;0;;0;1;;;;11,32;6;161;0;117;0;94;0;320;2;;;0;60;;;;;;300;0;1;N;22/5/2026 14:15;-236;;D;99,82;224500;59312;5;CBN8;N;18;54;1;16412;;1,43;3;;;;3,73;52;37;123;0;0;0;0;0;0;0
22/5/2026 00:00;4;2026052224;7076;3;3887,5;3887,5;;12,1;12,8;;;;;;;5,3;21;;14399;;17;;;;;;;18;19;;21;21;1;1;1;1;1;1;224472,8346;100;;;0;;;;;;;;;;;2300;;10,2;;;;;3;2;0;483;5;0;0;0;0;1;0;0;0;0;3;3;0;0;1;;0;0;0;0;0;0;0;168;0;11,7653;0,25;;11,8243;0;;;0,34;1,87;;0;24,2236;15;;957;957;18,1679;;964;18,1679;;;;469;0;4,3047;;108;0;;0;1;;;;11,32;8;161;0;117;0;94;0;320;2;;;0;60;;;;;;300;0;0;N;22/5/2026 18:15;-236;;D;99,82;224500;59313;6;CBN8;N;18;54;1;16413;;1,43;3;;;;3,81;52;37;123;0,1155;0;0;0;0;0;0
22/5/2026 00:00;5;2026052235;7076;3;3887,6667;3887,6667;;12,1;12,8;;;;;;;5,3;12;;14400;;15;;;;;;;18;19;;21;21;1;1;1;1;1;1;224475,1615;100;;;0;;;;;;;;;;;2300;;10,2;;;;;0;0;1;544;5;0;0;0;0;1;0;0;0;0;1;1;0;0;0;;0;0;0;0;0;0;0;172;0;12,2615;0,25;;12,3373;0;;;0,34;1,87;;0;11,3971;15;;957;957;16,3889;943;943;16,3889;54;21;453;453;0;4,4199;;106;0;;0;1;;;;11,32;8;161;0;117;0;94;0;320;2;;;0;60;;;;;;300;0;0;N;22/5/2026 22:15;-1996;;D;99,83;224500;59314;0;CBN8;N;21;54;;;;1,43;3;;;;4,14;52;37;125;0,056;0;0;0;0;0;0
22/5/2026 00:00;6;2026052236;7076;3;3887,8333;3887,8333;;12,1;12,8;;;;;;;5,3;9;;14401;;31;;;;;;;18;19;;21;21;1;1;1;1;1;1;224476,29;100;;;0;;;;;;;;;;;2300;;10,2;;;;;0;0;0;530;5;0;0;0;0;1;0;0;0;0;3;3;0;0;0;;0;0;0;0;0;0;0;173,3333;0;12,1704;0,25;;12,2474;0;;;0,34;1,87;;0;16,4151;15;;957;957;0;;943;0;;;;453;0;4,3997;;76;0;;0;0;;;;11,32;5;161;0;117;0;94;1;320;2;;;0;60;;;;;;300;0;0;N;23/5/2026 02:15;-1996;;D;99,83;224500;59315;1;CBN8;N;21;54;1;16414;;1,43;3;;;;4,08;52;37;125;0;0;0;0;0;0;0
23/5/2026 00:00;1;2026052311;7076;3;3888;3888;;12,1;12,8;;;;;;;5,3;4;;14400;;;;;;;;;18;19;;21;21;1;1;1;1;1;1;224476,9519;100;;;0;;;;;;;;;;;2300;;10,2;;;;;0;0;0;513;6;0;0;0;0;0;0;0;0;0;4;4;0;0;0;;0;0;0;0;0;0;0;164,25;0;12,0027;0,25;;12,0637;0;;;0,34;1,87;;0;27,6803;15;;957;957;0;953;953;0;78;20;456;456;0;4,3585;;77;0;;0;1;;;;11,32;1;161;0;117;0;94;0;320;2;;;0;60;;;;;;300;0;0;N;23/5/2026 06:15;32;;D;99,82;224500;59316;2;CBN8;N;20;78;1;16414;;1,43;3;;;;3,97;51;37;123;0;0;0;0;0;0;0
23/5/2026 00:00;2;2026052312;7076;3;3888,1667;3888,1667;;12,1;12,8;;;;;;;5,3;10;;14400;;;;;;;;;18;19;;21;21;1;1;1;1;1;1;224478,4732;100;;;0;;;;;;;;;;;2300;;10,2;;;;;1;0;0;518;6;0;0;0;0;0;0;0;0;0;4;4;0;0;0;;0;0;0;0;0;0;0;176;0;11,8353;0,25;;11,8961;0;;;0,34;1,87;;0;25,6757;15;;957;957;0;;953;0;;;;456;0;4,3208;;119;0;;0;1;;;;11,32;3;161;0;117;0;94;0;320;2;;;0;60;;;;;;300;0;0;N;23/5/2026 10:15;32;;D;99,82;224500;59317;3;CBN8;N;20;78;1;16415;;1,43;3;;;;3,86;51;37;123;0;0;0;0;0;0;0
23/5/2026 00:00;3;2026052323;7076;3;3888,3333;3888,3333;;12,1;12,8;;;;;;;5,3;8;;14399;;5;845;;845;-900;0;;18;19;;21;21;1;1;1;1;1;1;224474,0517;100;;;0;;;;;;;;;1400;1400;2300;1400;10,2;;;5;;16;6;0;631;6;0;0;0;0;1;0;1;0;0;3;3;0;0;0;;0;1;0;0;0;0;0;222;0;11,8276;0,25;;12,1182;0;;;0,34;1,87;;0,0973;11,7274;15;;957;957;62,5946;;953;25,092;;;;456;0;4,3681;;164;0;;0;1;99;17,9192;;11,32;8;161;1774;117;99;94;0;320;2;;;0;60;;;;;;300;0;0;N;23/5/2026 14:15;32;;D;99,82;224500;59318;4;CBN8;N;20;78;1;16415;;1,43;3;2315;;6;3,99;51;37;123;0,1433;14,1167;53;0;0;0;0
23/5/2026 00:00;4;2026052324;7076;3;3888,5;3888,5;;12,1;12,8;;;;;;;5,3;3;;14399;;;;;;;;;18;19;;21;21;1;1;1;1;1;1;224473,5116;100;;;3,0347;;300;300;;;;;;;;;;10,2;;;;;0;0;0;520;6;0;1;0;0;0;0;0;0;0;4;4;0;0;0;;0;0;0;0;0;0;0;176,5;0;11,66;0,25;;11,7395;0;;;0,34;1,87;;0;21,5385;15;;957;957;0;966;966;0;58;17;459;459;0;4,2857;;60;0;;0;1;;;;11,32;2;161;0;117;0;94;0;320;2;;;0;60;;;;;;;0;0;N;23/5/2026 18:15;33;;D;99,82;224500;59319;5;CBN8;N;17;58;1;16416;;1,43;3;;;;3,76;52;37;122;0;0;0;0;0;0;0
23/5/2026 00:00;5;2026052335;7076;3;3888,6667;3888,6667;12,2;12,1;12,2;;;;;;5,5;5,5;6;;14400;;;;;;;;14;18;14;22;21;22;1;1;1;1;1;1;224476,3701;100;;;0;;;;;;;;;;;2300;;10,2;;;;;0;0;0;515;6;0;0;0;0;0;0;0;0;0;4;4;0;0;0;;0;0;0;0;0;0;0;162,5;0;11,6643;0,25;;11,7449;0,0043;;;0,34;1,87;;0;26,6019;15;955;957;955;0;966;966;0;66;14;449;449;0;4,2869;;60;0;;0;1;;;;11,32;2;161;0;117;0;94;0;320;2;;;0;60;;;;;;-400;0;0;N;23/5/2026 22:15;0;;D;99,84;224500;59320;6;CBN8;N;14;66;;;;1,43;3;;;;3,75;49;36;117;0;0;0;0;0;0;0
23/5/2026 00:00;6;2026052336;7076;3;3888,8333;3888,8333;;12,1;12,2;;;;;;;5,5;13;;14400;;14;;;;;;;18;14;;21;22;1;1;1;1;1;1;224478,2524;100;;;0;;;;;;;;;;;2300;;10,2;;;;;0;0;0;502;5;0;0;0;0;1;0;0;0;0;3;3;0;1;1;;0;0;0;0;0;0;0;149;0;11,7;0,25;;11,7573;0,04;;;0,34;1,87;;0;21,9124;15;;957;955;0;;966;0;;;;449;0;4,2897;1,6;68;0;;0;0;;;;11,32;3;161;0;117;0;94;0;320;2;;;0;60;;;;;;-400;0;1;N;24/5/2026 02:15;0;;D;99,84;224500;59321;7;CBN8;N;14;66;1;16417;;1,43;3;;;;3,76;49;36;117;0;0;0;0;0;0;0
24/5/2026 00:00;1;2026052411;7076;3;3889;3889;;12,1;12,2;;;;;;;5,5;11;;14400;;12;;;;;;;18;14;;21;22;1;1;1;1;1;1;224481,042;100;;;0;;;;;;;;;;;2300;;10,2;;;;;0;0;1;508;5;0;0;0;0;1;0;0;0;0;3;2;0;0;0;;0;0;0;0;0;0;0;191;0;11,9478;0,25;;12,0207;0,04;;;0,34;1,87;;0;17,7165;7;;957;955;0;933;933;0;74;14;439;439;0;4,3488;;103;0;;0;1;;;;11,32;6;161;0;117;0;94;0;320;2;;;0;60;;;;;;-400;0;1;N;24/5/2026 06:15;-112;;D;99,85;224500;59322;0;CBN8;N;14;74;1;16417;;1,43;3;;;;3,95;48;36;115;0;0;0;0;0;0;0
24/5/2026 00:00;2;2026052412;7076;3;3889,1667;3889,1667;;12,1;12,2;;;;;;;5,5;13;;14400;;15;;;;;;;18;14;;21;22;1;1;1;1;1;1;224480,5251;100;;;0;;;;;;;;;;;2300;;10,2;;;;;1;0;0;565;4;0;0;0;0;1;0;0;0;0;2;2;0;1;0;;0;0;0;0;0;0;0;182,5;0;12,2945;0,25;;12,4397;0,04;;;0,34;1,87;;0;14,3363;7;;957;955;0;;933;0;;;;439;0;4,4429;;71;0;;0;1;;;;11,32;7;161;0;117;0;94;1;320;2;;;0;60;;;;;;-400;0;1;N;24/5/2026 10:15;-112;;D;99,85;224500;59323;1;CBN8;N;14;74;1;16418;;1,43;3;;;;4,22;48;36;115;0;0;0;0;0;0;0
24/5/2026 00:00;3;2026052423;7076;3;3889,3333;3889,3333;;12,1;12,2;;;;;;;5,5;4;;14400;;;;;;;;;18;14;;21;22;1;1;1;1;1;1;224479,9764;100;;;0;;;;;;;;;;;2300;;10,2;;;;;0;0;0;521;6;0;0;0;0;0;0;0;0;0;4;4;0;0;0;;0;0;0;0;0;0;0;152,75;0;12,1228;0,25;;12,1867;0,04;;;0,34;1,87;;0;24,952;7;;957;955;0;;933;0;;;;439;0;4,3861;;59;0;;0;1;;;;11,32;1;161;0;117;0;94;0;320;2;;;0;60;;;;;;-400;0;1;N;24/5/2026 14:15;-112;;D;99,85;224500;59324;2;CBN8;N;14;74;1;16418;;1,43;3;;;;4,06;48;36;115;0;0;0;0;0;0;0
24/5/2026 00:00;4;2026052424;7076;3;3889,5;3889,5;;12,1;12,2;;;;;;;5,5;12;;14400;;;;;;;;;18;14;;21;22;1;1;1;1;1;1;224473,2981;100;;;0;;;;;;;;;;;2300;;10,2;;;;;0;0;0;507;5;0;0;0;0;0;0;0;0;0;4;4;0;0;0;;0;0;0;0;0;0;0;143;0;11,9556;0,25;;11,9912;0,04;;;0,34;1,87;;0;29,783;7;;957;955;0;;933;0;;;;439;0;4,3422;;64;0;;0;1;;;;11,32;3;161;0;117;0;94;0;320;2;;;0;60;;;;;;-400;0;1;N;24/5/2026 18:15;-112;;D;99,85;224500;59325;3;CBN8;N;14;74;1;16419;;1,43;3;;;;3,93;48;36;115;0;0;0;0;0;0;0
24/5/2026 00:00;5;2026052435;7076;3;3889,6667;3889,6667;;12,1;12,2;;;;;;;5,5;10;;14399;;;;;;-260;0;;18;14;;21;22;1;1;1;1;1;1;224478,4077;100;;;0;;;;;;;;;2040;2040;2300;2040;10,2;;;;;0;0;0;521;6;0;0;0;0;0;0;0;0;0;5;5;0;0;0;;0;0;0;0;0;0;0;194,6;0;11,7893;0,25;;11,883;0,04;;;0,34;1,87;;0;24,3762;7;;957;955;0;;933;0;;;;439;0;4,3179;;65;0;;0;1;;;;11,32;4;161;0;117;0;94;0;320;2;;;0;60;;;;;;-400;0;1;N;24/5/2026 22:15;-112;;D;99,85;224500;59326;4;CBN8;N;14;74;;;;1,43;3;;;;3,86;48;36;115;0;0;0;0;0;0;0
24/5/2026 00:00;6;2026052436;7076;3;3889,8333;3889,8333;;12,1;12,2;;;;;;;5,5;10;;14400;16;;;;;;;;18;14;;21;22;1;1;1;1;1;1;224478,2177;100;;;0,5903;400;-400;;;;;;;;;;;10,2;;;;;0;0;0;516;6;0;0;0;1;0;0;0;0;0;3;3;0;0;0;;0;0;0;0;0;0;0;182,3333;0;11,7;0,25;;11,8144;0,04;;;0,34;1,87;;0;18,0233;7;;957;955;0;;933;0;;;;439;0;4,3025;;61;0;;0;0;;;;11,32;4;161;0;117;0;94;0;320;2;;;0;60;;;;;;;0;1;N;25/5/2026 02:15;-112;;D;99,85;224500;59327;5;CBN8;N;14;74;1;16420;;1,43;3;2040;;10;3,81;48;36;115;0;0;0;0;0;0;0
25/5/2026 00:00;1;2026052511;7076;3;3890;3890;;12,1;12,2;;;;;;;5,5;13;;14400;;;;;;;;20;18;20;20;21;20;1;1;1;1;1;1;224478,1899;100;;;0;;;;;;;;;;;2300;;10,2;;;;;0;0;0;508;6;0;0;0;0;0;0;0;0;0;4;4;0;0;0;;0;0;0;0;0;0;0;140,75;0;11,6643;0,25;;11,7315;0,0043;;;0,34;1,87;;0;29,1339;7;959;957;959;0;;933;0;;;;439;0;4,2839;;67;0;;0;1;;;;11,32;4;161;0;117;0;94;0;320;2;;;0;60;;;;;;300;0;1;N;25/5/2026 06:15;-112;;D;99,85;224500;59328;6;CBN8;N;14;74;1;16420;;1,43;3;;;;3,78;48;36;115;0;0;0;0;0;0;0
25/5/2026 00:00;2;2026052512;7076;3;3890,1667;3890,1667;;12,1;12,2;;;;;;;5,5;3;;14399;;;;;;;;;18;20;;21;20;1;1;1;1;1;1;224478,1452;100;;;0;;;;;;;;;;;2300;;10,2;;;;;0;0;0;521;6;0;0;0;0;0;0;0;0;0;4;4;0;0;1;;0;0;0;0;0;0;0;166,25;0;11,63;0,25;;11,7074;-0,03;;;0,34;1,87;;0;22,4568;7;;957;959;0;;933;0;;;;439;0;4,2785;1,3;71;0;;0;1;;;;11,32;2;161;0;117;0;94;0;320;2;;;0;60;;;;;;300;0;-1;N;25/5/2026 10:15;-112;;D;99,85;224500;59329;7;CBN8;N;14;74;1;16421;;1,43;3;;;;3,76;48;36;115;0;0;0;0;0;0;0
25/5/2026 00:00;3;2026052523;7076;3;3890,3333;3890,3333;;12,1;12,2;;;;;;;5,5;3;;14400;;16;;;;;;;18;20;;21;20;1;1;1;1;1;1;224477,2955;100;;;0;;;;;;;;;;;2300;;10,2;;;;;0;0;0;506;5;0;0;0;0;1;0;0;0;0;4;4;0;0;0;;0;0;0;0;0;0;0;171,5;0;11,63;0,25;;11,7217;-0,03;;;0,34;1,87;;0;21,3439;7;;957;959;0;993;993;0;54;8;441;441;0;4,2817;;69;0;;0;1;;;;11,32;1;161;0;117;0;94;0;320;2;;;0;60;;;;;;300;0;-1;N;25/5/2026 14:15;48;;D;99,84;224500;59330;8;CBN8;N;8;54;1;16421;;1,43;0;;;;3,77;49;35;123;0;0;0;0;0;0;0
25/5/2026 00:00;4;2026052524;7076;3;3890,5;3890,5;;12,1;12,2;;;;;;;5,5;10;;14399;;17;;;;;;;18;20;;21;20;1;1;1;1;1;1;224475,2796;100;;;0;;;;;;;;;;;2300;;10,2;;;;;0;0;1;496;5;0;0;0;0;2;0;0;0;0;0;0;0;0;0;;0;0;0;0;0;0;0;;0;12,2172;0,25;;12,3063;-0,03;;;0,34;1,87;;0;6,4516;7;;957;959;0;;993;0;;;;441;0;4,4129;;105;0;;0;1;;;;11,32;8;161;0;117;0;94;0;320;2;;;0;60;;;;;;300;0;-1;N;25/5/2026 18:15;48;;D;99,84;224500;59331;0;CBN8;N;8;54;1;16422;;1,43;0;;;;4,16;49;35;123;0;0;0;0;0;0;0
25/5/2026 00:00;5;2026052535;7076;3;3890,6667;3890,6667;;12,1;12,2;;;;;;;5,5;7;;14401;;;;;;;;;18;20;;21;20;1;1;1;1;1;1;224478,4623;100;;;0;;;;;;;;;;;2300;;10,2;;;;;0;0;0;519;6;0;0;0;0;0;0;0;0;0;5;5;0;0;0;;0;0;0;0;0;0;0;162,8;0;12,1296;0,25;;12,2157;-0,03;;;0,34;1,87;;0;25,6262;7;;957;959;0;;993;0;;;;441;0;4,3926;;65;0;;0;1;;;;11,32;3;161;0;117;0;94;0;320;2;;;0;60;;;;;;300;0;-1;N;25/5/2026 22:15;-310;;D;99,84;224500;59332;1;CBN8;N;15;92;;;;1,43;2;;;;4,1;53;37;123;0;0;0;0;0;0;0
25/5/2026 00:00;6;2026052536;7076;3;3890,8333;3890,8333;;12,1;12,2;;;;;;;5,5;23;;14399;;;;;;;;;18;20;;21;20;1;1;1;1;1;1;224477,6674;100;;;0;;;;;;;;;;;2300;;10,2;;;;;0;0;0;581;6;0;0;0;0;0;0;0;0;0;4;3;0;0;0;;0;0;0;0;0;0;0;193,6667;0;11,9581;0,25;;12,0354;-0,03;;;0,34;1,87;;0;19,4492;7;;957;959;0;850;850;0;92;15;410;410;0;4,3521;;68;0;;0;0;;;;11,32;7;161;0;117;0;94;1;320;2;;;0;60;;;;;;300;0;-1;N;26/5/2026 02:15;-310;;D;99,84;224500;59333;2;CBN8;N;15;92;1;16423;;1,43;2;;;;3,98;53;37;123;0;0;0;0;0;0;0
26/5/2026 00:00;1;2026052611;7076;3;3891;3891;;12,1;12,2;;;;;;;5,5;16;;14400;;;;;;-40;0;;18;20;;21;20;1;1;1;1;1;1;224476,6741;100;;;0;;;;;;;;;2260;2277;2300;2260;10,2;;;;;0;0;0;507;6;0;0;0;0;0;0;0;0;0;3;3;0;1;0;;0;0;0;0;0;0;0;146;0;11,7889;0,25;;11,8394;-0,03;;;0,34;1,87;;0;25,641;7;;957;959;0;919;919;0;83;12;426;426;0;4,3081;;63;0;;0;1;;;;11,32;5;161;0;117;0;94;0;320;2;;;0;60;;;;;;300;0;-1;N;26/5/2026 06:15;247;;D;99,84;224500;59334;3;CBN8;N;12;83;1;16423;;1,43;2;2300;;6;3,85;51;36;121;0;0;0;0;0;0;0
26/5/2026 00:00;2;2026052612;7076;3;3891,1667;3891,1667;;12,1;12,2;;;;;;;5,5;20;;14399;15;;;;;;;;18;20;;21;20;1;1;1;1;1;1;224474,2063;100;;;0,5625;;300;300;;;;;;;;;;10,2;180;;;;1;1;0;575;5;0;0;0;1;0;0;0;0;0;3;1;0;0;0;;0;0;0;0;0;0;0;187;0;11,6465;0,25;;11,7368;-0,03;;;0,34;1,87;;0;12,3478;7;;957;959;0;;919;0;;;;426;0;4,2851;;65;0;;1;1;;;;11,32;6;161;0;117;0;94;1;320;2;;;0;60;;;;;;;0;-1;N;26/5/2026 10:15;247;;D;99,84;224500;59335;4;CBN8;N;12;83;1;16424;;1,43;2;;;;3,78;51;36;121;0;0;0;0;0;0;0
26/5/2026 00:00;3;2026052623;7076;3;3891,3333;3891,3333;13,4;12,1;13,4;;;;;;5,8;5,8;3;;14400;;;;;;;;17;18;17;22;21;22;1;1;1;1;1;1;224474,2151;100;;;0;;;;;;;;;;;2500;;10,2;;;;;0;0;0;580;6;0;0;0;0;0;0;0;0;0;4;2;0;0;0;;0;0;0;0;0;0;0;190;0;11,6352;0,25;;11,7001;-0,0248;;;0,34;1,87;;0;19,8276;7;957;957;957;0;3076;3076;0;71;16;342;342;0;4,2768;;64;0;;0;1;;;;11,32;2;161;0;117;0;94;1;320;2;;;0;60;;;;;;;0;-1;N;26/5/2026 14:15;5993;;D;99,63;224500;59336;5;CBN8;N;16;71;1;16424;;1,43;4;;;;3,75;55;38;133;0;0;0;0;0;0;0
26/5/2026 00:00;4;2026052624;7076;3;3891,5;3891,5;;12,1;13,4;;;;;;;5,8;16;;14400;;;;;;;;;18;17;;21;22;1;1;1;1;1;1;224470,987;100;;;0;;;;;;;;;;;2500;;10,2;;;;;0;0;0;517;6;0;0;0;0;0;0;0;0;0;5;5;0;0;1;;0;0;0;0;0;0;0;202,4;0;11,66;0,25;;11,7269;0;;;0,34;1,87;;0;25,9188;7;;957;957;0;851;851;0;59;15;407;407;0;4,2829;1;64;0;;0;1;;;;11,32;5;161;0;117;0;94;0;320;2;;;0;60;;;;;;;0;1;N;26/5/2026 18:15;-12053;;D;99,84;224500;59337;6;CBN8;N;15;59;1;16425;;1,43;2;;;;3,77;51;36;118;0;0;0;0;0;0;0
26/5/2026 00:00;5;2026052635;7076;3;3891,6667;3891,6667;;12,1;13,4;;;;;;;5,8;19;;14401;;14;;;;;;;18;17;;21;22;1;1;1;1;1;1;224474,9878;100;;;0;;;;;;;;;;;2500;;10,2;;;;;0;0;1;574;5;0;0;0;0;1;0;0;0;0;2;1;0;0;0;;0;0;0;0;0;0;0;171;0;12,1822;0,25;;12,3067;0;;;0,34;1,87;;0;10,9756;17;;957;957;0;839;839;0;82;14;404;404;0;4,413;;77;0;;0;1;;;;11,32;10;161;0;117;0;94;1;320;2;;;0;60;;;;;;;0;1;N;26/5/2026 22:15;-77;;D;99,85;224500;59338;0;CBN8;N;14;82;;;;1,43;2;;;;4,09;51;36;119;0;0;0;0;0;0;0
26/5/2026 00:00;6;2026052636;7076;3;3891,8333;3891,8333;;12,1;13,4;;;;;;;5,8;28;;14398;;23;;;;;;;18;17;;21;22;1;1;1;1;1;1;224467,2548;100;;;0;;;;;;;;;;;2500;;10,2;;;;;0;0;0;482;5;0;0;0;0;1;0;0;0;0;2;2;0;0;0;;0;0;0;0;0;0;0;237,5;0;12,1796;0,25;;12,2259;0;;;0,34;1,87;;0;17,4274;17;;957;957;0;;839;0;;;;404;0;4,3948;;72;0;;0;0;;;;11,32;16;161;0;117;0;94;0;320;2;;;0;60;;;;;;;0;1;N;27/5/2026 02:15;-77;;D;99,85;224500;59339;1;CBN8;N;14;82;1;16426;;1,43;2;;;;4,03;51;36;119;0;0;0;0;0;0;0
27/5/2026 00:00;1;2026052711;7076;3;3892;3892;;12,1;13,4;;;;;;;5,8;21;;14399;;;;;;;;;18;17;;21;22;1;1;1;1;1;1;224475,6252;100;;;0;;;;;;;;;;;2500;;10,2;;;;;0;0;0;611;5;0;0;0;0;0;0;0;0;0;3;3;0;1;0;;0;0;0;0;0;0;0;159,3333;0;12,01;0,25;;12,1065;0;;;0,34;1,87;;0;21,9313;17;;957;957;0;900;900;0;105;16;424;424;0;4,3681;;63;0;;0;1;;;;11,32;6;161;0;117;0;94;2;320;2;;;0;60;;;;;;;0;1;N;27/5/2026 06:15;214;;D;99,85;224500;59340;2;CBN8;N;16;105;1;16426;;1,43;2;;;;3,96;49;36;117;0;0;0;0;0;0;0
27/5/2026 00:00;2;2026052712;7076;3;3892,1667;3892,1667;;12,1;13,4;;;;;;;5,8;23;;14401;;;;;;;;;18;17;;21;22;1;1;1;1;1;1;224473,8297;100;;;0;;;;;;;;;;;2500;;10,2;;;;;0;0;0;546;6;0;0;0;0;0;0;0;0;0;4;4;0;0;0;;0;0;0;0;0;0;0;137,25;0;11,8428;0,25;;11,9217;0;;;0,34;1,87;;0;29,4872;17;;957;957;0;;900;0;;;;424;0;4,3266;;59;0;;0;1;;;;11,32;7;161;0;117;0;94;1;320;2;;;0;60;;;;;;;0;1;N;27/5/2026 10:15;214;;D;99,85;224500;59341;3;CBN8;N;16;105;1;16427;;1,43;2;;;;3,84;49;36;117;0;0;0;0;0;0;0
27/5/2026 00:00;3;2026052723;7076;3;3892,3333;3892,3333;;12,1;13,4;;;;;;;5,8;21;;14399;;;;;;-180;0;;18;17;;21;22;1;1;1;1;1;1;224476,0056;100;;;0;;;;;;;;;2320;2258;2500;2320;10,2;;;;;0;0;0;475;6;0;0;0;0;0;0;0;0;0;2;2;0;0;0;;0;0;0;0;0;0;0;116;0;11,687;0,25;;11,7535;0;;;0,34;1,87;;0;37,8947;17;;957;957;0;;900;0;;;;424;0;4,2888;;63;0;;0;1;;;;11,32;7;161;0;117;0;94;0;320;2;;;0;60;;;;;;;0;1;N;27/5/2026 14:15;-196;;D;99,86;224500;59342;4;CBN8;N;16;57;1;16427;;1,43;2;2320;;6;3,73;49;36;114;0;0;0;0;0;0;0
27/5/2026 00:00;4;2026052724;7076;3;3892,5;3892,5;;12,1;13,4;;;;;;;5,8;23;;14401;;25;;;;;;;18;17;;21;22;1;1;1;1;1;1;224476,4081;100;;;0;;;;;;;;1626;;1626;;;10,2;;;;;3;3;0;521;5;0;0;0;0;1;0;0;0;0;2;2;0;0;0;;0;0;0;0;0;0;0;114;0;11,6915;0,25;;11,728;0;;;0,34;1,87;;0;22,8407;17;;957;957;25,0052;822;822;25,0052;57;16;406;406;0;4,2831;;82;0;;0;1;;;;11,32;13;161;0;117;0;94;1;320;2;;;0;60;;;;;;;0;1;N;27/5/2026 18:15;-196;;D;99,86;224500;59343;5;CBN8;N;16;57;1;16428;;1,43;2;;;;3,71;49;36;114;0,0309;0;0;0;0;0;0
27/5/2026 00:00;5;2026052735;7076;3;3892,6667;3892,6667;;12,1;13,4;;;;;;;5,8;1;;14399;19;;;;;;;19;18;19;21;21;21;1;1;1;1;1;1;224474,3349;100;;;0;;;;;;;;;;;2300;;10,2;;;;;0;0;0;495;5;0;0;0;1;0;0;0;0;0;3;3;0;0;0;;0;0;0;0;0;0;0;139;0,4209;12,0738;0,25;;12,1152;0;;;0,333;1,86;1,86;0;22,8283;17;957;957;957;0;;822;0;;;;406;0;4,37;;62;0;;0;1;;;;11,32;1;161;0;117;0;94;0;320;2;;;0;60;;;;;;;0;1;N;27/5/2026 22:15;-196;;D;99,86;224500;59344;6;CBN8;N;16;57;;;;1,43;2;;;;3,97;49;36;114;0;0;0;0;0;0;0
27/5/2026 00:00;6;2026052736;7076;3;3892,8333;3892,8333;;12,1;13,4;;;;;;;5,8;5;;14399;;15;538;;538;;;;18;19;;21;21;1;1;1;1;1;1;224474,9149;100;;;0;;;;;;;;;;;2300;;10,2;;;2;;0;0;0;620;5;0;0;0;0;1;0;1;0;0;3;2;0;0;1;;0;1;0;0;0;0;0;178,5;0,46;12,09;0,25;;12,4186;0;;;0,31;1,86;;0,0645;17,5806;17;;957;957;0;816;816;0;50;19;401;401;0;4,4382;1,5;56;0;;0;0;51;22,3529;;11,32;5;161;1140;117;51;94;1;320;2;;;0;60;;;;;;;0;0;N;28/5/2026 02:15;-16;;D;99,86;224500;59345;7;CBN8;N;19;50;1;16429;;1,43;2;;;;4,16;49;35;115;0;9,0167;52;0;0;0;0
28/5/2026 00:00;1;2026052811;7076;3;3893;3893;;12,1;13,4;;;;;;;5,8;5;;14401;;;;;;;;;18;19;;21;21;1;1;1;1;1;1;224476,252;100;;;0;;;;;;;;;;;2300;;10,2;;;;;0;0;1;514;6;0;0;0;0;0;0;0;0;0;3;3;0;0;0;;0;0;0;0;0;0;0;177;0,46;12,3026;0,25;;12,3869;0;;;0,31;1,86;;0;17,1206;17;;957;957;0;883;883;0;91;8;411;411;0;4,431;;83;0;;0;1;;;;11,32;4;161;0;117;0;94;0;320;2;;;0;60;;;;;;;0;0;N;28/5/2026 06:15;343;;D;99,85;224500;59346;0;CBN8;N;8;91;1;16429;;1,43;1;;;;4,14;46;34;117;0;0;0;0;0;0;0
28/5/2026 00:00;2;2026052812;7076;3;3893,1667;3893,1667;;12,1;13,4;;;;;;;5,8;4;;14399;;24,5;;;;;;;18;19;;21;21;1;1;1;1;1;1;224477,6011;100;;;0;;;;;;;;;;;2300;;10,2;;;;;0;0;0;463;3;0;0;0;0;2;0;0;0;0;2;2;0;0;0;;0;0;0;0;0;0;0;217;0,3791;12,6111;0,25;;12,6801;0;;;0,31;1,86;;0;16,8467;17;;957;957;0;841;841;0;70;15;407;407;0;4,4968;;56;0;;0;1;;;;11,32;1;161;0;117;0;94;0;320;2;;;0;60;;;;;;;0;0;N;28/5/2026 10:15;-333;;D;99,86;224500;59347;1;CBN8;N;15;70;1;16430;;1,43;2;;;;4,33;49;35;116;0;0;0;0;0;0;0
28/5/2026 00:00;3;2026052823;7076;3;3893,3333;3893,3333;;12,1;13,4;;;;;;;5,8;5;;14400;;11;;;;;;;18;19;;21;21;1;1;1;1;1;1;222752,327;100;;;2,7847;;;;;;;;;;;2300;;10,2;;;;;0;0;0;514;6;0;0;0;0;1;0;0;0;0;3;3;0;0;0;;0;0;0;0;0;0;0;177,6667;0,26;12,32;0,25;;12,4359;0;;;0,31;1,86;;0;17,7043;17;;957;957;0;;841;0;;;;407;0;4,4202;;57;1;;0;1;;;;11,32;2;161;0;117;0;94;0;320;2;;;0;60;;;;;;;0;0;N;28/5/2026 14:15;-333;;D;99,86;224500;59348;2;CBN8;N;15;70;1;16430;;1,43;2;;;;4,18;49;35;116;0;0;0;0;0;0;0
28/5/2026 00:00;4;2026052824;7076;3;3893,5;3893,5;;12,1;13,4;;;;;;;5,8;4;;14400;;;;;;;;;18;19;;21;21;1;1;1;1;1;1;226234,8107;100;;;0;;;;;;;;;;;2300;;10,2;;;;;0;0;0;534;6;0;0;0;0;0;0;0;0;0;5;4;0;0;0;;0;0;0;0;0;0;0;226,75;0,26;12,1527;0,25;;12,2638;0;;;0,31;1,86;;0;20,7865;17;;957;957;0;827;827;0;58;13;402;402;0;4,425;;57;0;;0;1;;;;11,32;3;161;0;117;0;94;0;320;2;;;0;60;;;;;;;0;0;N;28/5/2026 18:15;-42;;D;99,86;224500;59349;3;CBN8;N;13;58;1;16431;;1,43;3;;;;4,06;49;37;115;0;0;0;0;0;0;0
28/5/2026 00:00;5;2026052835;7076;3;3893,6667;3893,6667;;12,1;13,4;;;;;;;5,8;8;;14402;;;;;;-40;38;;18;19;;21;21;1;1;1;1;1;1;224473,6264;100;;;0;;;;;;;;;2298;2298;2300;2260;10,2;;;;;0;0;0;526;5;0;0;0;0;0;0;0;0;0;4;4;0;0;0;;0;0;0;0;0;0;0;178,25;0,26;11,9867;0,25;;12,0489;0;;;0,31;1,86;;0;23,1939;17;;957;957;0;;827;0;;;;402;0;4,3551;;60;0;;0;1;;;;11,32;2;161;0;117;0;94;0;320;2;;;0;60;;;;;;;0;0;N;28/5/2026 22:15;-42;;D;99,86;224500;59350;4;CBN8;N;13;58;;;;1,43;3;2260;;6;3,93;49;37;115;0;0;0;0;0;0;0
28/5/2026 00:00;6;2026052836;7076;3;3893,8333;3893,8333;;12,1;13,4;;;;;;;5,8;13;;14398;13;;;;;;;;18;19;;21;21;1;1;1;1;1;1;224477,9353;100;;;0;;;;;;;;;;;;;10,2;;;;;0;0;0;525;6;0;0;0;1;0;0;0;0;0;4;3;0;0;0;;0;0;0;0;0;0;0;205,6667;0,2035;11,8339;0,25;;11,9195;0;;;0,31;1,86;;0;17,1429;17;;957;957;0;814;814;0;44;18;403;403;0;4,3261;;64;0;;0;0;;;;11,32;3;161;0;117;0;94;0;320;2;;;0;60;;;;;;;0;0;N;29/5/2026 02:15;-39;;D;99,86;224500;59351;5;CBN8;N;18;44;1;16432;;1,43;3;;;;3,84;50;37;116;0;0;0;0;0;0;0
29/5/2026 00:00;1;2026052911;7076;3;3894;3894;11,4;12,1;11,4;;;;;;5,3;5,3;30;;14399;;;;;;;;20;18;20;21;21;21;1;1;1;1;1;1;224479,6124;100;;;0;;;;;;;;;;;2300;;10,2;;;;;0;0;0;585;7;0;0;0;0;0;0;0;0;0;4;2;0;0;0;;0;0;0;0;0;0;0;224;0;11,5296;0,25;;11,6034;-0,1004;;;0,31;1,86;;0;18,2906;17;969;957;969;0;;814;0;;;;403;0;4,2551;;65;0;;0;1;;;;11,32;9;161;0;117;0;94;1;320;2;;;0;60;;;;;;300;0;0;N;29/5/2026 06:15;-39;;D;99,86;224500;59352;6;CBN8;N;18;44;1;16432;;1,43;3;;;;3,7;50;37;116;0;0;0;0;0;0;0
29/5/2026 00:00;2;2026052912;7076;3;3894,1667;3894,1667;;12,1;11,4;;;;;;;5,3;10;;14401;;;;;;;;;18;20;;21;21;1;1;1;1;1;1;224476,9188;100;;;0;;;;;;;;;;;2300;;10,2;;;;;0;0;0;585;7;0;0;0;0;0;0;0;0;0;4;2;0;0;1;;0;0;0;0;0;0;0;256,5;0;11,42;0,25;;11,4835;-0,21;;;0,31;1,86;;0;18,4615;17;;957;969;0;;814;0;;;;403;0;4,2282;1,4;73;0;;0;1;;;;11,32;7;161;0;117;0;94;1;320;2;;;0;60;;;;;;300;0;0;N;29/5/2026 10:15;-39;;D;99,86;224500;59353;7;CBN8;N;18;44;1;16433;;1,43;3;;;;3,62;50;37;116;0;0;0;0;0;0;0
29/5/2026 00:00;3;2026052923;7076;3;3894,3333;3894,3333;;12,1;11,4;;;;;;;5,3;23;;14399;;;;;;;;;18;20;;21;21;1;1;1;1;1;1;224476,0942;100;;;0;;;;;;;;;;;2300;;10,2;;;;;0;0;1;541;6;0;0;0;0;0;0;0;0;0;3;3;0;0;0;;0;0;0;0;0;0;0;193,3333;0;11,6326;0,25;;11,6759;-0,21;;;0,31;1,86;;0;17,3752;17;;957;969;0;;814;0;;;;403;0;4,2714;;89;0;;0;1;;;;11,32;8;161;0;117;0;94;0;320;2;;;0;60;;;;;;300;0;0;N;29/5/2026 14:15;-39;;D;99,86;224500;59354;0;CBN8;N;18;44;1;16433;;1,43;3;;;;3,84;50;37;116;0;0;0;0;0;0;0
29/5/2026 00:00;4;2026052924;7076;3;3894,5;3894,5;;12,1;11,4;;;;;;;5,3;7;;14400;;16,5;;;;;;;18;20;;21;21;1;1;1;1;1;1;224471,6975;100;;;0;;;;;;;;;;;2300;;10,2;;;;;0;0;0;507;4;0;0;0;0;2;0;0;0;0;2;2;0;0;0;;0;0;0;0;0;0;0;159;0;12,0219;0,25;;12,1136;-0,21;;;0,31;1,86;;0;15,7791;17;;957;969;0;;814;0;;;;403;0;4,3697;;51;0;;0;1;;;;11,32;7;161;0;117;0;94;0;320;2;;;0;60;;;;;;300;0;0;N;29/5/2026 18:15;-39;;D;99,86;224500;59355;1;CBN8;N;18;44;1;16434;;1,43;3;;;;4,13;50;37;116;0;0;0;0;0;0;0
29/5/2026 00:00;5;2026052935;7076;3;3894,6667;3894,6667;;12,1;11,4;;;;;;;5,3;21;;14399;;;;;;;;;18;20;;21;21;1;1;1;1;1;1;224476,4587;100;;;0;;;;;;;;;;;2300;;10,2;;;;;0;0;0;541;7;0;0;0;0;0;0;0;0;0;3;3;0;1;0;;0;0;0;0;0;0;0;166;0;11,8481;0,25;;11,927;-0,21;;;0,31;1,86;;0;30,8688;17;;957;969;0;;814;0;;;;403;0;4,3278;;60;0;;0;1;;;;11,32;5;161;0;117;0;94;1;320;2;;;0;60;;;;;;300;0;0;N;29/5/2026 22:15;-39;;D;99,86;224500;59356;2;CBN8;N;18;44;;;;1,43;3;;;;4,01;50;37;116;0;0;0;0;0;0;0
29/5/2026 00:00;6;2026052936;7076;3;3894,8333;3894,8333;;12,1;11,4;;;;;;;5,3;9;;14399;;;;;;;;;18;20;;21;21;1;1;1;1;1;1;224479,4512;100;;;0;;;;;;;;;;;2300;;10,2;;;;;0;0;0;520;7;0;0;0;0;0;0;0;0;0;5;5;0;0;0;;0;0;0;0;0;0;0;189;0;11,6774;0,25;;11,774;-0,21;;;0,31;1,86;;0;25,5769;17;;957;969;0;;814;0;;;;403;0;4,2934;;77;0;;0;0;;;;11,32;2;161;0;117;0;94;0;320;2;;;0;60;;;;;;300;0;0;N;30/5/2026 02:15;-39;;D;99,86;224500;59357;3;CBN8;N;18;44;1;16435;;1,43;3;;;;3,91;50;37;116;0;0;0;0;0;0;0
30/5/2026 00:00;1;2026053011;7076;3;3895;3895;;12,1;11,4;;;;;;;5,3;27;;14401;;;1092;;1092;0;24;;18;20;;21;21;1;1;1;1;1;1;224479,1971;100;;;0;;;;;;;;;2324;2324;2300;2300;10,2;;;4;;5;4;0;627;7;0;0;0;0;0;0;1;0;0;2;1;0;0;0;;0;1;0;0;0;0;0;187;0;11,5733;0,25;;11,7126;-0,21;;;0,31;1,86;;0,058;13,2376;17;;957;969;17,6654;;814;17,6654;;;;403;0;4,2793;;129;0;;0;1;47;19,3191;;11,32;14;161;908;117;47;94;0;320;2;;;0;60;;;;;;300;0;0;N;30/5/2026 06:15;-39;;D;99,86;224500;59358;4;CBN8;N;18;44;1;16435;;1,43;3;2200;;2;3,86;50;37;116;0,0639;18,2;11;0;0;0;0
30/5/2026 00:00;2;2026053012;7076;3;3895,1667;3895,1667;;12,1;11,4;;;;;;;5,3;8;;14401;;;;;;;;;18;20;;21;21;1;1;1;1;1;1;224481,7184;100;;;3,3125;;300;300;;;;;;;;;;10,2;;;;;0;0;0;528;6;0;0;0;0;0;0;0;0;0;4;4;0;0;0;;0;0;0;0;0;0;0;180;0;11,42;0,25;;11,4871;-0,21;;;0,31;1,86;;0;21,7803;17;;957;969;0;;814;0;;;;403;0;4,229;;51;0;;0;1;;;;11,32;5;161;0;117;0;94;0;320;2;;;0;60;;;;;;;0;0;N;30/5/2026 10:15;-39;;D;99,86;224500;59359;5;CBN8;N;18;44;1;16436;;1,43;3;;;;3,71;50;37;116;0;0;0;0;0;0;0
30/5/2026 00:00;3;2026053023;7076;3;3895,3333;3895,3333;;12,1;11,4;;;;;;;5,3;5;;14400;;;;;;;;17;18;17;21;21;21;1;1;1;1;1;1;224480,3667;100;;;0;;;;;;;;;;;2300;;10,2;;;;;0;0;0;509;7;0;0;0;0;0;0;0;0;0;4;4;0;0;0;;0;0;0;0;0;0;0;165,5;0;11,4725;0,25;;11,5537;-0,1575;;;0,31;1,86;;0;28,8802;17;960;957;960;0;;814;0;;;;403;0;4,244;;50;0;;0;1;;;;11,32;2;161;0;117;0;94;0;320;2;;;0;60;;;;;;;0;0;N;30/5/2026 14:15;-39;;D;99,86;224500;59360;6;CBN8;N;18;44;1;16436;;1,43;3;;;;3,71;50;37;116;0;0;0;0;0;0;0
30/5/2026 00:00;4;2026053024;7076;3;3895,5;3895,5;;12,1;11,4;;;;;;;5,3;6;;14398;;;;;;;;;18;17;;21;21;1;1;1;1;1;1;224478,0479;100;;;0;;;;;;;;;;;2300;;10,2;;;;;0;0;0;517;6;0;0;0;0;0;0;0;0;0;4;4;0;0;1;;0;0;0;0;0;0;0;166;0;11,6;0,25;;11,6562;-0,03;;;0,31;1,86;;0;23,5977;17;;957;960;0;;814;0;;;;403;0;4,267;;52;0;;0;1;;;;11,32;3;161;0;117;0;94;0;320;2;;;0;60;;;;;;;0;0;N;30/5/2026 18:15;-39;;D;99,86;224500;59361;7;CBN8;N;18;44;1;16437;;1,43;3;;;;3,78;50;37;116;0;0;0;0;0;0;0
30/5/2026 00:00;5;2026053035;7076;3;3895,6667;3895,6667;;12,1;11,4;;;;;;;5,3;21;;14399;;23;;;;;;;18;17;;21;21;1;1;1;1;1;1;224479,6902;100;;;0;;;;;;;;;;;2300;;10,2;;;;;8;4;1;488;4;0;0;0;0;2;0;0;0;0;0;0;0;0;0;;0;0;0;0;0;0;0;;0;12,1438;0,25;;12,1359;-0,03;;;0,31;1,86;;0;1,6393;17;;957;960;25,5573;871;871;23,4739;75;5;426;426;0;4,3747;;114;0;;0;1;;;;11,32;19;161;0;117;0;94;0;320;2;;;0;60;;;;;;;0;0;N;30/5/2026 22:15;-856;;D;99,87;224500;59362;0;CBN8;N;14;19;;;;1,43;3;;;;4,1;47;37;109;0;0;0;0;0;0;0
30/5/2026 00:00;6;2026053036;7076;3;3895,8333;3895,8333;;12,1;11,4;;;;;;;5,3;12;;14401;;14;;;;;;;18;17;;21;21;1;1;1;1;1;1;224478,622;100;;;0,2014;;;;;;;;;;;2300;;10,2;;;;;1;0;0;491;6;0;0;0;0;1;0;0;0;0;2;2;0;1;0;;0;0;0;0;0;0;0;199,5;0;12,136;0,25;;12,2066;-0,03;;;0,31;1,86;;0;18,5336;17;;957;960;11,9436;766;766;11,9436;19;14;406;406;0;4,3906;;102;0;;0;0;;;;11,32;7;161;0;117;0;94;0;320;2;;;0;60;;;;;;;0;0;N;31/5/2026 02:15;-856;;D;99,87;224500;59363;1;CBN8;N;14;19;1;16438;;1,43;3;;;;4,14;47;37;109;0,0628;0;0;0;0;0;0
31/5/2026 00:00;1;2026053111;7076;3;3896;3896;;12,1;11,4;;;;;;;5,3;6;;14399;;;;;;;;;18;17;;21;21;1;1;1;1;1;1;224478,826;100;;;0;;;;;;;;;;;2300;;10,2;;;;;0;0;0;534;6;0;0;0;0;0;0;0;0;0;5;3;0;0;0;;0;0;0;0;0;0;0;222;0;11,9591;0,25;;12,0596;-0,03;;;0,31;1,86;;0;20,9738;17;;957;960;0;;766;0;;;;406;0;4,3575;;59;0;;0;1;;;;11,32;2;161;0;117;0;94;0;320;2;;;0;60;;;;;;;0;0;N;31/5/2026 06:15;-856;;D;99,87;224500;59364;2;CBN8;N;14;19;1;16438;;1,43;3;;;;4,05;47;37;109;0;0;0;0;0;0;0
31/5/2026 00:00;2;2026053112;7076;3;3896,1667;3896,1667;;12,1;11,4;;;;;;;5,3;2;;14400;;;;;;;;;18;17;;21;21;1;1;1;1;1;1;224480,5141;100;;;0;;;;;;;;;;;2300;;10,2;;;;;0;0;0;531;5;0;0;0;0;0;0;0;0;0;5;4;0;0;0;;0;0;0;0;0;0;0;229,25;0;11,7936;0,25;;11,9003;-0,03;;;0,31;1,86;;0;21,8456;17;;957;960;0;;766;0;;;;406;0;4,3218;;62;0;;0;1;;;;11,32;2;161;0;117;0;94;0;320;2;;;0;60;;;;;;;0;0;N;31/5/2026 10:15;-856;;D;99,87;224500;59365;3;CBN8;N;14;19;1;16439;;1,43;3;;;;3,94;47;37;109;0;0;0;0;0;0;0
31/5/2026 00:00;3;2026053123;7076;3;3896,3333;3896,3333;;12,1;11,4;;;;;;;5,3;22;;14400;;;;;;-200;0;;18;17;;21;21;1;1;1;1;1;1;224480,2154;100;;;0;;;;;;;;;2100;2061;2300;2100;10,2;;;;;0;0;0;529;6;0;0;0;0;0;0;0;0;0;4;4;0;0;0;;0;0;0;0;0;0;0;178,5;0;11,6367;0,25;;11,7044;-0,03;;;0,31;1,86;;0;22,4953;17;;957;960;0;;766;0;;;;406;0;4,2778;;68;0;;0;1;;;;11,32;6;161;0;117;0;94;0;320;2;;;0;60;;;;;;;0;0;N;31/5/2026 14:15;-856;;D;99,87;224500;59366;4;CBN8;N;14;19;1;16439;;1,43;3;2100;;2;3,81;47;37;109;0;0;0;0;0;0;0
31/5/2026 00:00;4;2026053124;7076;3;3896,5;3896,5;;12,1;11,4;;;;;;;5,3;3;;14399;15;;;;;;;;18;17;;21;21;1;1;1;1;1;1;224478,5759;100;;;0;;;;;;;;;;;;;10,2;120;;;;0;0;0;503;6;0;0;0;1;0;0;0;0;0;4;4;0;0;0;;0;0;0;0;0;0;0;180;0;11,6;0,25;;11,6617;-0,03;;;0,31;1,86;;0;23,2604;17;;957;960;0;;766;0;;;;406;0;4,2682;;60;0;;1;1;;;;11,32;2;161;0;117;0;94;0;320;2;;;0;60;;;;;;;0;0;N;31/5/2026 18:15;-856;;D;99,87;224500;59367;5;CBN8;N;14;19;1;16440;;1,43;3;;;;3,78;47;37;109;0;0;0;0;0;0;0
31/5/2026 00:00;5;2026053135;7076;3;3896,6667;3896,6667;12,1;12,1;12,1;;;;;;5,3;5,3;7;;14401;;;;;;;;22;18;22;20;21;20;1;1;1;1;1;1;224478,1899;100;;;0;;;;;;;;;;;2300;;10,2;;;;;0;0;0;585;6;0;0;0;0;0;0;0;0;0;4;3;0;0;0;;0;0;0;0;0;0;0;187,6667;0;11,5861;0,25;;11,6627;-0,0439;;;0,31;1,86;;0;18,4615;17;960;957;960;0;;766;0;;;;406;0;4,2684;;59;0;;0;1;;;;11,32;5;161;0;117;0;94;1;320;2;;;0;60;;;;;;400;0;0;N;31/5/2026 22:15;-856;;D;99,87;224500;59368;6;CBN8;N;14;19;;;;1,43;3;;;;3,78;47;37;109;0;0;0;0;0;0;0
31/5/2026 00:00;6;2026053136;7076;3;3896,8333;3896,8333;;12,1;12,1;;;;;;;5,3;12;;14399;;14;;;;;;;18;22;;21;20;1;1;1;1;1;1;224481,1336;100;;;0;;;;;;;;;;;2300;;10,2;;;;;0;0;0;587;6;0;0;0;0;1;0;0;0;0;3;3;0;0;1;;0;0;0;0;0;0;0;245;0;11,58;0,25;;11,6785;-0,05;;;0,31;1,86;;0;11,414;17;;957;960;0;787;787;0;66;13;407;407;0;4,272;1,5;54;0;;0;0;;;;11,32;6;161;0;117;0;94;1;320;2;;;0;60;;;;;;400;0;-1;N;1/6/2026 02:15;19;;D;99,86;224500;59369;7;CBN8;N;13;66;1;16441;;1,43;4;;;;3,79;48;36;114;0;0;0;0;0;0;0
1/6/2026 00:00;1;2026060111;7076;3;3897;3897;;12,1;12,1;;;;;;;5,3;12;;14400;;16;;;;;;;18;22;;21;20;1;1;1;1;1;1;224481,2587;100;;;0;;;;;;;;;;;2300;;10,2;;;;;0;0;1;513;4;0;0;0;0;1;0;0;0;0;2;2;0;1;0;;0;0;0;0;0;0;0;185,5;0;12,0889;0,25;;12,1597;-0,05;;;0,31;1,86;;0;12,4756;12;;957;960;0;;787;0;;;;407;0;4,38;;65;0;;0;1;;;;11,32;7;161;0;117;0;94;0;320;2;;;0;60;;;;;;400;0;-1;N;1/6/2026 06:15;19;;D;99,86;224500;59370;0;CBN8;N;13;66;1;16441;;1,43;4;;;;4,08;48;36;114;0;0;0;0;0;0;0
1/6/2026 00:00;2;2026060112;7076;3;3897,1667;3897,1667;;12,1;12,1;;;;;;;5,3;12;;14401;;15;;;;;;;18;22;;21;20;1;1;1;1;1;1;224481,7418;100;;;0;;;;;;;;;;;2300;;10,2;;;;;0;0;0;506;4;0;0;0;0;1;0;0;0;0;3;3;0;0;0;;0;0;0;0;0;0;0;189,3333;0;12,1051;0,25;;12,205;-0,05;;;0,31;1,86;;0;18,5771;12;;957;960;0;;787;0;;;;407;0;4,3902;;58;0;;0;1;;;;11,32;8;161;0;117;0;94;0;320;2;;;0;60;;;;;;400;0;-1;N;1/6/2026 10:15;19;;D;99,86;224500;59371;1;CBN8;N;13;66;1;16442;;1,43;4;;;;4,11;48;36;114;0;0;0;0;0;0;0
1/6/2026 00:00;3;2026060123;7076;3;3897,3333;3897,3333;;12,1;12,1;;;;;;;5,3;26;;14398;;;;;;;;;18;22;;21;20;1;1;1;1;1;1;224479,4915;100;;;0;;;;;;;;;;;2300;;10,2;;;;;0;0;0;566;5;0;0;0;0;0;0;0;0;0;4;4;0;0;0;;0;0;0;0;0;0;0;182,5;0;11,9354;0,25;;12,0148;-0,05;;;0,31;1,86;;0;23,8516;12;;957;960;0;;787;0;;;;407;0;4,3475;;63;0;;0;1;;;;11,32;6;161;0;117;0;94;1;320;2;;;0;60;;;;;;400;0;-1;N;1/6/2026 14:15;-95;;D;99,87;224500;59372;2;CBN8;N;15;74;1;16442;;1,43;3;;;;3,99;49;36;116;0;0;0;0;0;0;0
1/6/2026 00:00;4;2026060124;7076;3;3897,5;3897,5;;12,1;12,1;;;;;;;5,3;21;;14400;;;;;;;;;18;22;;21;20;1;1;1;1;1;1;224477,6813;100;;;0;;;;;;;;;;;2300;;10,2;;;;;0;0;0;581;6;0;0;0;0;0;0;0;0;0;4;4;0;0;0;;0;0;0;0;0;0;0;189,25;0;11,7683;0,25;;11,8529;-0,05;;;0,31;1,86;;0;19,4492;12;;957;960;0;735;735;0;74;15;401;401;0;4,3111;;56;0;;0;1;;;;11,32;7;161;0;117;0;94;1;320;2;;;0;60;;;;;;400;0;-1;N;1/6/2026 18:15;-95;;D;99,87;224500;59373;3;CBN8;N;15;74;1;16443;;1,43;3;;;;3,88;49;36;116;0;0;0;0;0;0;0
1/6/2026 00:00;5;2026060135;7076;3;3897,6667;3897,6667;;12,1;12,1;;;;;;;5,3;19;;14399;;;;;;0;-72;;18;22;;21;20;1;1;1;1;1;1;224477,8897;100;;;0;;;;;;;;;2228;2228;2300;2300;10,2;;;;;0;0;0;516;6;0;0;0;0;0;0;0;0;0;4;4;0;0;0;;0;0;0;0;0;0;0;181;0;11,612;0,25;;11,6848;-0,05;;;0,31;1,86;;0;26,5504;12;;957;960;0;693;693;0;65;16;388;388;0;4,2734;;60;0;;0;1;;;;11,32;4;161;0;117;0;94;0;320;2;;;0;60;;;;;;400;0;-1;N;1/6/2026 22:15;-128;;D;99,87;224500;59374;4;CBN8;N;16;65;;;;1,43;3;2280;;2;3,77;47;36;110;0;0;0;0;0;0;0
1/6/2026 00:00;6;2026060136;7076;3;3897,8333;3897,8333;;12,1;12,1;;;;;;;5,3;13;;14400;;;;;;;;;18;22;;21;20;1;1;1;1;1;1;224480,0834;100;;;0,2222;;400;400;;;;;;;;;;10,2;;;;;0;0;0;502;6;0;0;0;0;0;0;0;0;0;4;4;0;1;0;;0;0;0;0;0;0;0;191,25;0;11,58;0,25;;11,6504;-0,05;;;0,31;1,86;;0;26,6932;12;;957;960;0;;693;0;;;;388;0;4,2657;;54;0;;0;0;;;;11,32;5;161;0;117;0;94;0;320;2;;;0;60;;;;;;;0;-1;N;2/6/2026 02:15;-128;;D;99,87;224500;59375;5;CBN8;N;16;65;1;16444;;1,43;3;;;;3,75;47;36;110;0;0;0;0;0;0;0
2/6/2026 00:00;1;2026060211;7076;3;3898;3898;;12,1;12,1;;;;;;;5,3;12;;14400;;;;;;;;16;18;16;21;21;21;1;1;1;1;1;1;224478,0842;100;;;0;;;;;;;;;;;2300;;10,2;;;;;0;0;0;579;6;0;0;0;0;0;0;0;0;0;4;3;0;0;0;;0;0;0;0;0;0;0;233;0;11,577;0,25;;11,6557;-0,053;;;0,31;1,86;;0;20,2073;12;961;957;961;0;;693;0;;;;388;0;4,2669;;53;0;;0;1;;;;11,32;6;161;0;117;0;94;1;320;2;;;0;60;;;;;;;0;-1;N;2/6/2026 06:15;153;;D;99,87;224500;59376;6;CBN8;N;12;76;1;16444;;1,43;3;;;;3,76;46;36;111;0;0;0;0;0;0;0
2/6/2026 00:00;2;2026060212;7076;3;3898,1667;3898,1667;;12,1;12,1;;;;;;;5,3;13;;14400;;;;;;;;;18;16;;21;21;1;1;1;1;1;1;224477,919;100;;;0;;;;;;;;;;;2300;;10,2;;;;;0;0;0;640;6;0;0;0;0;0;0;0;0;0;4;3;0;0;0;;0;0;0;0;0;0;0;222;0;11,57;0,25;;11,6533;-0,06;;;0,31;1,86;;0;15,3125;12;;957;961;0;745;745;0;76;12;403;403;0;4,2663;;56;0;;0;1;;;;11,32;6;161;0;117;0;94;2;320;2;;;0;60;;;;;;;0;0;N;2/6/2026 10:15;153;;D;99,87;224500;59377;7;CBN8;N;12;76;1;16445;;1,43;3;;;;3,75;46;36;111;0;0;0;0;0;0;0
2/6/2026 00:00;3;2026060223;7076;3;3898,3333;3898,3333;;12,1;12,1;;;;;;;5,3;11;;14400;;44;;;;;;;18;16;;21;21;1;1;1;1;1;1;224478,5372;100;;;0;;;;;;;;;;;2300;;10,2;;;;;0;0;1;486;4;0;0;0;0;1;0;0;0;0;1;1;0;0;0;;0;0;0;0;0;0;0;344;0;12,0657;0,25;;12,1438;-0,06;;;0,31;1,86;;0;15,6379;12;;957;961;0;727;727;0;63;13;402;402;0;4,3765;;81;0;;0;1;;;;11,32;9;161;0;117;0;94;1;320;2;;;0;60;;;;;;;0;0;N;2/6/2026 14:15;-48;;D;99,86;224500;59378;0;CBN8;N;13;63;1;16445;;1,43;3;;;;4,08;50;38;117;0;0;0;0;0;0;0
2/6/2026 00:00;4;2026060224;7076;3;3898,5;3898,5;;12,1;12,1;;;;;;;5,3;8;;14399;;16;;;;;;;18;16;;21;21;1;1;1;1;1;1;224477,99;100;;;0;;;;;;;;;;;2300;;10,2;;;;;0;0;0;501;4;0;0;0;0;1;0;0;1;0;3;3;0;0;0;;0;0;0;0;0;0;0;115,6667;0;12,0969;0,25;;12,1357;-0,06;;;0,31;1,86;;0;21,1577;12;;957;961;0;;727;0;;;;402;0;4,3746;;70;0;;0;1;;;;11,32;8;161;0;117;0;94;0;320;2;;;0;60;;;;;;;0;0;N;2/6/2026 18:15;-48;;D;99,86;224500;59379;1;CBN8;N;13;63;1;16446;;1,43;3;;;;4,07;50;38;117;0;0;0;0;0;0;0
2/6/2026 00:00;5;2026060235;7076;3;3898,6667;3898,6667;;12,1;12,1;;;;;;;5,3;4;;14400;;;;;;;;;18;16;;21;21;1;1;1;1;1;1;224476,08;100;;;0;;;;;;;;;;;2300;;10,2;;;;;0;0;0;489;6;0;0;0;0;0;0;0;0;0;4;4;0;0;0;;0;0;0;0;0;0;0;126,25;0;11,9219;0,25;;11,9527;-0,06;;;0,31;1,86;;0;35,9918;12;;957;961;0;710;710;0;46;12;393;393;0;4,3335;;67;0;;0;1;;;;11,32;2;161;0;117;0;94;0;320;2;;;0;60;;;;;;;0;0;N;2/6/2026 22:15;-56;;D;99,88;224500;59380;2;CBN8;N;12;46;;;;1,43;3;;;;3,95;44;36;107;0;0;0;0;0;0;0
2/6/2026 00:00;6;2026060236;7076;3;3898,8333;3898,8333;;12,1;12,1;;;;;;;5,3;10;;14400;;;;;;;;;18;16;;21;21;1;1;1;1;1;1;224477,4498;100;;;0;;;;;;;;;;;2300;;10,2;;;;;0;0;0;502;6;0;0;0;0;0;0;0;0;0;4;3;0;0;0;;0;0;0;0;0;0;0;119,6667;0;11,7489;0,25;;11,792;-0,06;;;0,31;1,86;;0;31,0757;12;;957;961;0;;710;0;;;;393;0;4,2975;;94;0;;0;0;;;;11,32;4;161;0;117;0;94;1;320;2;;;0;60;;;;;;;0;0;N;3/6/2026 02:15;-56;;D;99,88;224500;59381;3;CBN8;N;12;46;1;16447;;1,43;3;;;;3,85;44;36;107;0;0;0;0;0;0;0
3/6/2026 00:00;1;2026060311;7076;3;3899;3899;;12,1;12,1;;;;;;;5,3;12;;14399;;;;;;;;;18;16;;21;21;1;1;1;1;1;1;224479,4069;100;;;0;;;;;;;;;;1900;2300;;10,2;;;;;0;0;0;521;6;0;0;0;0;0;0;0;0;0;2;2;0;1;0;;1;0;0;0;0;0;0;246,5;0;11,5951;0,25;;11,6854;-0,06;;;0,31;1,86;;0;37,8119;12;;957;961;0;;710;0;;;;393;0;4,2735;;70;0;;0;1;;;;11,32;4;161;0;117;0;94;0;320;2;;;0;60;;;;;;;0;0;N;3/6/2026 06:15;-56;;D;99,88;224500;59382;4;CBN8;N;12;46;1;16447;;1,43;3;;;;3,77;44;36;107;0;0;0;0;0;0;0
3/6/2026 00:00;2;2026060312;7076;3;3899,1667;3899,1667;;12,1;12,1;;;;;;;5,3;14;;14400;;;;;;;;;18;16;;21;21;1;1;1;1;1;1;224479,7166;100;;;0;;;;;;;;;;;;1900;10,2;;;;;0;0;0;505;6;0;0;0;0;0;0;0;0;0;4;4;0;0;0;;0;0;0;0;0;0;0;131;0;11,57;0,25;;11,5857;-0,06;;;0,31;1,86;;0;29,505;12;;957;961;0;705;705;0;66;11;391;391;0;4,2512;;61;0;;0;1;;;;11,32;11;161;0;117;0;94;0;320;2;;;0;60;;;;;;;0;0;N;3/6/2026 10:15;-13;;D;99,87;224500;59383;5;CBN8;N;11;66;1;16448;;1,43;3;1900;;8;3,71;44;36;106;0;0;0;0;0;0;0
3/6/2026 00:00;3;2026060323;7076;3;3899,3333;3899,3333;9,9;12,1;9,9;;;;;;5,2;5,2;8;;14401;14;;;;;;;16;18;16;22;21;22;1;1;1;1;1;1;224479,1513;100;;;0;;;;;;;;;;;2500;;10,2;;;;;0;0;0;513;6;0;0;0;1;0;0;0;0;0;3;3;0;0;0;;0;0;0;0;0;0;0;179,6667;0;11,5462;0,25;;11,6502;-0,0894;;;0,3155;1,91;1,91;0;19,6881;12;965;957;965;0;732;732;0;54;15;402;402;0;4,2656;;56;0;;0;1;;;;11,32;3;161;0;117;0;94;0;320;2;;;0;60;;;;;;;0;0;N;3/6/2026 14:15;91;;D;99,87;224500;59384;6;CBN8;N;15;54;1;16448;;1,43;3;;;;3,74;48;38;115;0;0;0;0;0;0;0
3/6/2026 00:00;4;2026060324;7076;3;3899,5;3899,5;;12,1;9,9;;;;;;;5,2;0;;14400;;11;;;;;;;18;16;;21;22;1;1;1;1;1;1;224478,3512;100;;;0;;;;;;;;;;;2500;;10,2;;;;;0;0;0;517;5;0;0;0;0;1;0;0;0;0;3;3;0;0;1;;0;0;0;0;0;0;0;249,3333;0;11,53;0,25;;11,6042;-0,12;;;0,33;1,91;;0;19,5358;12;;957;965;0;;732;0;;;;402;0;4,2553;1,9;53;0;;0;1;;;;11,32;0;161;0;117;0;94;0;320;2;;;0;60;;;;;;;0;1;N;3/6/2026 18:15;91;;D;99,87;224500;59385;7;CBN8;N;15;54;1;16449;;1,43;3;;;;3,71;48;38;115;0;0;0;0;0;0;0
3/6/2026 00:00;5;2026060335;7076;3;3899,6667;3899,6667;;12,1;9,9;;;;;;;5,2;6;;14400;;;;;;;;;18;16;;21;22;1;1;1;1;1;1;224479,8402;100;;;0;;;;;;;;;;;2500;;10,2;;;;;0;0;1;488;7;0;0;0;0;0;0;0;0;0;3;2;0;0;0;;0;0;0;0;0;0;0;211,5;0;11,7724;0,25;;11,8552;-0,12;;;0,33;1,91;;0;17,8279;7;;957;965;0;677;677;0;72;11;385;385;0;4,3117;;62;0;;0;1;;;;11,32;3;161;0;117;0;94;0;320;2;;;0;60;;;;;;;0;1;N;3/6/2026 22:15;-168;;D;99,87;224500;59386;0;CBN8;N;11;72;;;;1,43;3;;;;3,97;45;37;110;0;0;0;0;0;0;0
3/6/2026 00:00;6;2026060336;7076;3;3899,8333;3899,8333;;12,1;9,9;;;;;;;5,2;4;;14400;;29;;;;;;;18;16;;21;22;1;1;1;1;1;1;224480,332;100;;;0;;;;;;;;;;;2500;;10,2;;;;;0;0;0;454;6;0;0;0;0;2;0;0;0;0;2;2;0;0;0;;0;0;0;0;0;0;0;134,5;0;12,1227;0,25;;12,1849;-0,12;;;0,33;1,91;;0;19,3833;7;;957;965;0;;677;0;;;;385;0;4,3857;;53;0;;0;0;;;;11,32;3;161;0;117;0;94;0;320;2;;;0;60;;;;;;;0;1;N;4/6/2026 02:15;-168;;D;99,87;224500;59387;1;CBN8;N;11;72;1;16450;;1,43;3;;;;4,2;45;37;110;0;0;0;0;0;0;0
4/6/2026 00:00;1;2026060411;7076;3;3900;3900;;12,1;9,9;;;;;;;5,2;3;;14398;;;;;;;;;18;16;;21;22;1;1;1;1;1;1;224481,0685;100;;;0;;;;;;;;;;;2500;;10,2;;;;;0;0;0;528;8;0;0;0;0;0;0;0;0;0;4;4;0;0;0;;0;0;0;0;0;0;0;158,5;0;11,9509;0,25;;12,0197;-0,12;;;0,33;1,91;;0;22,5379;7;;957;965;0;;677;0;;;;385;0;4,3486;;53;0;;0;1;;;;11,32;1;161;0;117;0;94;0;320;2;;;0;60;;;;;;;0;1;N;4/6/2026 06:15;-168;;D;99,87;224500;59388;2;CBN8;N;11;72;1;16450;;1,43;3;;;;4,09;45;37;110;0;0;0;0;0;0;0
4/6/2026 00:00;2;2026060412;7076;3;3900,1667;3900,1667;;12,1;9,9;;;;;;;5,2;9;;14401;;;;;;;;;18;16;;21;22;1;1;1;1;1;1;224479,0249;100;;;0;;;;;;;;;;;2500;;10,2;;;;;0;0;0;521;9;0;0;0;0;0;0;0;0;0;4;4;0;0;0;;0;0;0;0;0;0;0;173,5;0;11,7837;0,25;;11,8573;-0,12;;;0,33;1,91;;0;24,952;7;;957;965;0;693;693;0;51;9;397;397;0;4,3121;;57;0;;0;1;;;;11,32;3;161;0;117;0;94;0;320;2;;;0;60;;;;;;;0;1;N;4/6/2026 10:15;42;;D;99,87;224500;59389;3;CBN8;N;9;51;1;16451;;1,43;3;;;;3,98;44;37;109;0;0;0;0;0;0;0
4/6/2026 00:00;3;2026060423;7076;3;3900,3333;3900,3333;;12,1;9,9;;;;;;;5,2;12;;14400;;;;;;;;;18;16;;21;22;1;1;1;1;1;1;224479,4165;100;;;0;;;;;;;;;;1520;2500;;10,2;;;;;0;0;0;532;8;0;0;0;0;0;0;0;0;0;5;4;0;0;0;;0;0;0;0;0;0;0;185,75;0;11,6157;0,25;;11,7205;-0,12;;;0,33;1,91;;0;21,6165;7;;957;965;0;734;734;0;63;12;405;405;0;4,2814;;64;0;;0;1;;;;11,32;3;161;0;117;0;94;0;320;2;;;0;60;;;;;;;0;1;N;4/6/2026 14:15;138;;D;99,87;224500;59390;4;CBN8;N;12;63;1;16451;;1,43;3;;;;3,88;45;38;110;0;0;0;0;0;0;0
4/6/2026 00:00;4;2026060424;7076;3;3900,5;3900,5;;12,1;9,9;;;;;;;5,2;15;;14399;;;;;;;;;18;16;;21;22;1;1;1;1;1;1;224478,1884;100;;;0;;;;;;;;;;;;1520;10,2;;;;;0;0;0;475;8;0;0;0;0;0;0;0;0;0;3;3;0;0;0;;0;0;0;0;0;0;0;134,6667;0;11,53;0,25;;11,5577;-0,12;;;0,33;1,91;;0;31,5789;7;;957;965;0;;734;0;;;;405;0;4,2449;;69;0;;0;1;;;;11,32;5;161;0;117;0;94;0;320;2;;;0;60;;;;;;;0;1;N;4/6/2026 18:15;138;;D;99,87;224500;59391;5;CBN8;N;12;63;1;16452;;1,43;3;1520;;3;3,77;45;38;110;0;0;0;0;0;0;0
4/6/2026 00:00;5;2026060435;7076;3;3900,6667;3900,6667;;12,1;9,9;;;;;;;5,2;19;;14399;17;;;;;;;19;18;19;22;21;22;1;1;1;1;1;1;224478,9649;100;;;0;;;;;;;;;;;2500;;10,2;;;;;0;0;0;521;8;0;0;0;1;0;0;0;0;0;4;2;0;0;0;;0;0;0;0;0;0;0;199,5;0;11,53;0,25;;11,6263;-0,1148;;;0,33;1,91;;0;22,8407;7;965;957;965;0;697;697;0;53;13;374;374;0;4,2603;;76;0;;0;1;;;;11,32;6;161;0;117;0;94;0;320;2;;;0;60;;;;;;;0;1;N;4/6/2026 22:15;-129;;D;99,87;224500;59392;6;CBN8;N;13;53;;;;1,43;3;;;;3,82;45;38;106;0;0;0;0;0;0;0
4/6/2026 00:00;6;2026060436;7076;3;3900,8333;3900,8333;;12,1;9,9;;;;;;;5,2;19;;14400;;14;;;;;;;18;19;;21;22;1;1;1;1;1;1;224479,2332;100;;;0;;;;;;;;;;;2500;;10,2;;;;;0;0;0;575;8;0;0;0;0;1;0;0;0;0;2;1;0;0;1;;0;0;0;0;0;0;0;186;0;11,53;0,25;;11,6121;-0,12;;;0,33;1,91;;0;12,3478;7;;957;965;0;;697;0;;;;374;0;4,2571;1,5;73;0;;0;0;;;;11,32;6;161;0;117;0;94;1;320;2;;;0;60;;;;;;;0;1;N;5/6/2026 02:15;-129;;D;99,87;224500;59393;7;CBN8;N;13;53;1;16453;;1,43;3;;;;3,81;45;38;106;0;0;0;0;0;0;0
5/6/2026 00:00;1;2026060511;7076;3;3901;3901;;12,1;9,9;;;;;;;5,2;20;;14400;;;;;;;;;18;19;;21;22;1;1;1;1;1;1;224478,4623;100;;;0;;;;;;;;;;;2500;;10,2;;;;;0;0;0;610;8;0;0;0;0;0;0;0;0;0;3;2;0;0;0;;0;0;0;0;0;0;0;183;0;11,6789;0,25;;11,7833;-0,12;;;0,33;1,91;;0;14,2623;7;;957;965;0;;697;0;;;;374;0;4,2955;;91;0;;0;1;;;;11,32;11;161;0;117;0;94;1;320;2;;;0;60;;;;;;;0;1;N;5/6/2026 06:15;-129;;D;99,87;224500;59394;8;CBN8;N;13;53;1;16453;;1,43;3;;;;3,92;45;38;106;0;0;0;0;0;0;0
5/6/2026 00:00;2;2026060512;7076;3;3901,1667;3901,1667;;12,1;9,9;;;;;;;5,2;11;;14400;;17;;;;;;;18;19;;21;22;1;1;1;1;1;1;224482,6516;100;;;0;;;;;;;;;;;2500;;10,2;;;;;0;0;1;476;5;0;0;0;0;2;0;0;0;0;1;1;0;0;0;;0;0;0;0;0;0;0;112;0;12,1446;0,25;;12,2455;-0,12;;;0,33;1,91;;0;15,3361;7;;957;965;0;677;677;0;79;11;381;381;0;4,3993;;59;0;;0;1;;;;11,32;6;161;0;117;0;94;0;320;2;;;0;60;;;;;;;0;1;N;5/6/2026 10:15;-49;;D;99,87;224500;59395;0;CBN8;N;11;79;1;16454;;1,43;3;;;;4,24;44;38;106;0;0;0;0;0;0;0
5/6/2026 00:00;3;2026060523;7076;3;3901,3333;3901,3333;;12,1;9,9;;;;;;;5,2;16;;14400;;;;;;;;;18;19;;21;22;1;1;1;1;1;1;224484,322;100;;;0;;;;;;;;;;;2500;;10,2;;;;;0;0;0;507;8;0;0;0;0;0;0;0;0;0;4;4;0;0;0;;0;0;0;0;0;0;0;156;0;11,9728;0,25;;12,0321;-0,12;;;0,33;1,91;;0;29,783;7;;957;965;0;687;687;0;51;14;388;388;0;4,3514;;70;0;;0;1;;;;11,32;5;161;0;117;0;94;0;320;2;;;0;60;;;;;;;0;1;N;5/6/2026 14:15;37;;D;99,87;224500;59396;1;CBN8;N;14;51;1;16454;;1,43;3;;;;4,09;45;38;105;0;0;0;0;0;0;0
5/6/2026 00:00;4;2026060524;7076;3;3901,5;3901,5;;12,1;9,9;;;;;;;5,2;18;;14399;;;;;;;;;18;19;;21;22;1;1;1;1;1;1;224481,9521;100;;;0;;;;;;;;;;;2500;;10,2;;;;;0;0;0;507;8;0;0;0;0;0;0;0;0;0;4;4;0;0;0;;0;0;0;0;0;0;0;167,75;0;11,8054;0,25;;11,865;-0,12;;;0,33;1,91;;0;29,783;7;;957;965;0;;687;0;;;;388;0;4,3139;;82;0;;0;1;;;;11,32;5;161;0;117;0;94;0;320;2;;;0;60;;;;;;;0;1;N;5/6/2026 18:15;37;;D;99,87;224500;59397;2;CBN8;N;14;51;1;16455;;1,43;3;;;;3,98;45;38;105;0;0;0;0;0;0;0
5/6/2026 00:00;5;2026060535;7076;3;3901,6667;3901,6667;;12,1;9,9;;;;;;;5,2;11;;14401;;;;;;0;0;;18;19;;21;22;1;1;1;1;1;1;224480,1903;100;;;0;;;;;;;;;2500;2500;2500;2500;10,2;;;;;0;0;0;573;8;0;0;0;0;0;0;0;0;0;4;4;0;0;0;;0;0;0;0;0;0;0;174,25;0;11,6378;0,25;;11,739;-0,12;;;0,33;1,91;;0;19,8953;7;;957;965;0;;687;0;;;;388;0;4,2856;;75;0;;0;1;;;;11,32;5;161;0;117;0;94;1;320;2;;;0;60;;;;;;;0;1;N;5/6/2026 22:15;37;;D;99,87;224500;59398;3;CBN8;N;14;51;;;;1,43;3;2500;;3;3,89;45;38;105;0;0;0;0;0;0;0
5/6/2026 00:00;6;2026060536;7076;3;3901,8333;3901,8333;;12,1;9,9;;;;;;;5,2;12;;14399;21;;;;;;;;18;19;;21;22;1;1;1;1;1;1;224481,1267;100;;;0;;;;;;;;;;;;;10,2;140;;;;0;0;0;486;8;0;0;0;1;0;0;0;0;0;3;3;0;0;0;;0;0;0;0;0;0;0;143;0;11,5315;0,25;;11,5812;-0,12;;;0,33;1,91;;0;23,8683;7;;957;965;0;;687;0;;;;388;0;4,2501;;71;0;;0;0;;;;11,32;3;161;0;117;0;94;0;320;2;;;0;60;;;;;;;0;1;N;6/6/2026 02:15;37;;D;99,87;224500;59399;4;CBN8;N;14;51;1;16456;;1,43;3;;;;3,79;45;38;105;0;0;0;0;0;0;0
6/6/2026 00:00;1;2026060611;7076;3;3902;3902;12,4;12,1;12,4;;;;;;5,3;5,3;6;;14399;;19;;;;;;20;18;20;22;21;22;1;1;1;1;1;1;224482,538;100;;;0;;;;;;;;;;;2500;;10,2;;;;;0;0;0;511;7;0;0;0;0;1;0;0;0;0;3;3;0;0;1;;0;0;0;0;0;0;0;191,6667;0;11,6394;0,25;;11,6743;-0,0106;;;0,33;1,91;;0;17,8082;7;954;957;954;0;702;702;0;78;17;384;384;0;4,2711;;75;0;;0;1;;;;11,32;3;161;0;117;0;94;0;320;2;;;0;60;;;;;;300;0;1;N;6/6/2026 06:15;21;;D;99,87;224500;59400;5;CBN8;N;17;78;1;16456;;1,43;3;;;;3,79;44;37;104;0;0;0;0;0;0;0
6/6/2026 00:00;2;2026060612;7076;3;3902,1667;3902,1667;;12,1;12,4;;;;;;;5,3;5;;14401;;9;;;;;;;18;20;;21;22;1;1;1;1;1;1;224480,7097;100;;;0;;;;;;;;;;;2500;;10,2;;;;;0;0;0;512;8;0;0;0;0;1;0;0;0;0;3;1;0;0;0;;0;0;0;0;0;0;0;161;0;11,74;0,25;;11,8401;0,09;;;0,33;1,91;;0;21,6797;7;;957;954;0;;702;0;;;;384;0;4,3083;1,5;77;0;;0;1;;;;11,32;3;161;0;117;0;94;0;320;2;;;0;60;;;;;;300;0;1;N;6/6/2026 10:15;21;;D;99,87;224500;59401;6;CBN8;N;17;78;1;16457;;1,43;3;;;;3,9;44;37;104;0;0;0;0;0;0;0
6/6/2026 00:00;3;2026060623;7076;3;3902,3333;3902,3333;;12,1;12,4;;;;;;;5,3;23;;14399;;14;;;;;;;18;20;;21;22;1;1;1;1;1;1;224479,6596;100;;;0;;;;;;;;;;;2500;;10,2;;;;;0;0;1;538;6;0;0;0;0;1;0;0;0;0;2;1;0;0;0;;0;0;0;0;0;0;0;164;0;12,2251;0,25;;12,3022;0,09;;;0,33;1,91;;0;13,9405;7;;957;954;0;774;774;0;72;14;396;396;0;4,412;;71;0;;0;1;;;;11,32;11;161;0;117;0;94;0;320;2;;;0;60;;;;;;300;0;1;N;6/6/2026 14:15;232;;D;99,86;224500;59402;0;CBN8;N;14;72;1;16457;;1,43;3;;;;4,09;44;37;106;0;0;0;0;0;0;0
6/6/2026 00:00;4;2026060624;7076;3;3902,5;3902,5;;12,1;12,4;;;;;;;5,3;6;;14400;;33;;;;;;;18;20;;21;22;1;1;1;1;1;1;224478,8249;100;;;0;;;;;;;;;;;2500;;10,2;;;;;0;0;0;451;4;0;0;0;0;1;0;0;0;0;2;2;0;0;0;;0;0;0;0;0;0;0;136,5;0;12,2669;0,25;;12,2658;0,09;;;0,33;1,91;;0;25,9424;7;;957;954;0;;774;0;;;;396;0;4,4039;;63;0;;0;1;;;;11,32;5;161;0;117;0;94;0;320;2;;;0;60;;;;;;300;0;1;N;6/6/2026 18:15;232;;D;99,86;224500;59403;1;CBN8;N;14;72;1;16458;;1,43;3;;;;4,07;44;37;106;0;0;0;0;0;0;0
6/6/2026 00:00;5;2026060635;7076;3;3902,6667;3902,6667;;12,1;12,4;;;;;;;5,3;7;;14400;;;;;;;;;18;20;;21;22;1;1;1;1;1;1;224477,2506;100;;;0;;;;;;;;;;;2500;;10,2;;;;;0;0;0;506;6;0;0;0;0;0;0;0;0;0;4;4;0;1;0;;0;0;0;0;0;0;0;148;0;12,0936;0,25;;12,1755;0,09;;;0,33;1,91;;0;29,6443;7;;957;954;0;714;714;0;97;13;377;377;0;4,3836;;60;0;;0;1;;;;11,32;2;161;0;117;0;94;0;320;2;;;0;60;;;;;;300;0;1;N;6/6/2026 22:15;-187;;D;99,87;224500;59404;2;CBN8;N;13;97;;;;1,43;3;;;;4,01;44;36;104;0;0;0;0;0;0;0
6/6/2026 00:00;6;2026060636;7076;3;3902,8333;3902,8333;;12,1;12,4;;;;;;;5,3;5;;14400;;;;;;;;;18;20;;21;22;1;1;1;1;1;1;224476,0522;100;;;0;;;;;;;;;;;2500;;10,2;;;;;0;0;0;512;6;0;0;0;0;0;0;0;0;0;5;4;0;1;0;;0;0;0;0;0;0;0;154,75;0;11,9228;0,25;;11,9965;0,09;;;0,33;1,91;;0;28,125;7;;957;954;0;;714;0;;;;377;0;4,3434;;75;0;;0;0;;;;11,32;2;161;0;117;0;94;0;320;2;;;0;60;;;;;;300;0;1;N;7/6/2026 02:15;-187;;D;99,87;224500;59405;3;CBN8;N;13;97;1;16459;;1,43;3;;;;3,9;44;36;104;0;0;0;0;0;0;0
7/6/2026 00:00;1;2026060711;7076;3;3903;3903;;12,1;12,4;;;;;;;5,3;2;;14399;;;;;;40;184;;18;20;;21;22;1;1;1;1;1;1;224483,6066;100;;;0;;;;;;;;;2724;2724;2500;2540;10,2;;;;;0;0;0;514;6;0;0;0;0;0;0;0;0;0;3;3;0;0;0;;0;0;0;0;0;0;0;180,3333;0;11,7676;0,25;;11,819;0,09;;;0,33;1,91;;0;23,7354;7;;957;954;0;;714;0;;;;377;0;4,3035;;81;0;;0;1;;;;11,32;1;161;0;117;0;94;0;320;2;;;0;60;;;;;;300;0;1;N;7/6/2026 06:15;-187;;D;99,87;224500;59406;4;CBN8;N;13;97;1;16459;;1,43;3;2540;;3;3,78;44;36;104;0;0;0;0;0;0;0
7/6/2026 00:00;2;2026060712;7076;3;3903,1667;3903,1667;;12,1;12,4;;;;;;;5,3;12;;14400;9;;;;;;;;18;20;;21;22;1;1;1;1;1;1;224480,2028;100;;;0,6181;;300;300;;;;;;;;;;10,2;;;;;0;0;0;525;6;0;0;0;1;0;0;0;0;0;3;2;0;0;0;;0;0;0;0;0;0;0;212;0;11,74;0,25;;11,7869;0,09;;;0,33;1,91;;0;19,2381;7;;957;954;0;746;746;0;102;12;385;385;0;4,2963;;62;0;;0;1;;;;11,32;6;161;0;117;0;94;0;320;2;;;0;60;;;;;;;0;1;N;7/6/2026 10:15;83;;D;99,87;224500;59407;5;CBN8;N;12;102;1;16460;;1,43;3;;;;3,76;45;36;107;0;0;0;0;0;0;0
7/6/2026 00:00;3;2026060723;7076;3;3903,3333;3903,3333;;12,1;12,4;;;;;;;5,3;12;;14399;;;;;;;;18;18;18;22;21;22;1;1;1;1;1;1;224475,3248;100;;;0;;;;;;;;;;;2500;;10,2;;;;;0;0;0;583;6;0;0;0;0;0;0;0;0;0;5;4;0;0;0;;0;0;0;0;0;0;0;179,75;0;11,7291;0,25;;11,7803;0,0791;;;0,33;1,91;;0;18,8679;7;954;957;954;0;;746;0;;;;385;0;4,2948;;54;0;;0;1;;;;11,32;5;161;0;117;0;94;1;320;2;;;0;60;;;;;;;0;1;N;7/6/2026 14:15;83;;D;99,87;224500;59408;6;CBN8;N;12;102;1;16460;;1,43;3;;;;3,75;45;36;107;0;0;0;0;0;0;0
7/6/2026 00:00;4;2026060724;7076;3;3903,5;3903,5;;12,1;12,4;;;;;;;5,3;11;;14400;;13;;;;;;;18;18;;21;22;1;1;1;1;1;1;224480,5667;100;;;0;;;;;;;;;;;2500;;10,2;;;;;0;0;0;505;6;0;0;0;0;1;0;0;0;0;2;2;0;0;1;;0;0;0;0;0;0;0;194,5;0;11,71;0,25;;11,75;0,06;;;0,33;1,91;;0;20,7921;7;;957;954;0;;746;0;;;;385;0;4,288;1,4;66;0;;0;1;;;;11,32;8;161;0;117;0;94;0;320;2;;;0;60;;;;;;;0;1;N;7/6/2026 18:15;83;;D;99,87;224500;59409;7;CBN8;N;12;102;1;16461;;1,43;3;;;;3,73;45;36;107;0;0;0;0;0;0;0
7/6/2026 00:00;5;2026060735;7076;3;3903,6667;3903,6667;;12,1;12,4;;;;;;;5,3;12;;14399;;;;;;;;;18;18;;21;22;1;1;1;1;1;1;224478,5064;100;;;0;;;;;;;;;;;2500;;10,2;;;;;0;0;0;575;5;0;0;0;0;0;0;0;0;0;4;4;0;0;0;;0;0;0;0;0;0;0;199,75;0;11,71;0,25;;11,7937;0,06;;;0,33;1,91;;0;21,2174;7;;957;954;0;734;734;0;138;7;390;390;0;4,2978;;60;0;;0;1;;;;11,32;4;161;0;117;0;94;1;320;2;;;0;60;;;;;;;0;1;N;7/6/2026 22:15;-23;;D;99,86;224500;59410;8;CBN8;N;7;138;;;;1,43;0;;;;3,76;44;34;118;0;0;0;0;0;0;0
7/6/2026 00:00;6;2026060736;7076;3;3903,8333;3903,8333;;12,1;12,4;;;;;;;5,3;11;;14402;;18;;;;;;;18;18;;21;22;1;1;1;1;1;1;224479,7903;100;;;0;;;;;;;;;;;2500;;10,2;;;;;0;0;1;514;4;0;0;0;0;2;0;0;0;0;1;1;0;0;0;;0;0;0;0;0;0;0;162;0;12,2211;0,25;;12,2411;0,06;;;0,33;1,91;;0;10,1167;7;;957;954;0;785;785;0;113;16;395;395;0;4,3983;;96;0;;0;0;;;;11,32;8;161;0;117;0;94;0;320;2;;;0;60;;;;;;;0;1;N;8/6/2026 02:15;215;;D;99,86;224500;59411;0;CBN8;N;16;113;1;16462;;1,43;3;;;;4,05;46;36;116;0;0;0;0;0;0;0
8/6/2026 00:00;1;2026060811;7076;3;3904;3904;;12,1;12,4;;;;;;;5,3;13;;14399;;20;;;;;;;18;18;;21;22;1;1;1;1;1;1;224476,7334;100;;;2,6181;;;;;;;;;;;2500;;10,2;;;;;0;0;0;503;4;0;0;0;0;1;0;0;0;0;2;2;0;1;0;;0;0;0;0;0;0;0;174,5;0;12,2351;0,25;;12,3191;0,06;;;0,33;1,91;;0;18,0915;7;;957;954;0;752;752;0;87;14;391;391;0;4,4158;;62;1;;0;1;;;;11,32;5;161;0;117;0;94;0;320;2;;;0;60;;;;;;;0;1;N;8/6/2026 06:15;-152;;D;99,86;224500;59412;1;CBN8;N;14;87;1;16462;;1,43;3;;;;4,1;44;36;109;0;0;0;0;0;0;0
8/6/2026 00:00;2;2026060812;7076;3;3904,1667;3904,1667;;12,1;12,4;;;;;;;5,3;6;;14400;;;;;;;;;18;18;;21;22;1;1;1;1;1;1;224476,9744;100;;;0;;;;;;;;;;;2500;;10,2;;;;;0;0;0;515;6;0;0;0;0;0;0;0;0;0;4;4;0;0;0;;0;0;0;0;0;0;0;150,75;0;12,0672;0,25;;12,1546;0,06;;;0,33;1,91;;0;26,2136;7;;957;954;0;;752;0;;;;391;0;4,3789;;75;0;;0;1;;;;11,32;3;161;0;117;0;94;0;320;2;;;0;60;;;;;;;0;1;N;8/6/2026 10:15;-152;;D;99,86;224500;59413;2;CBN8;N;14;87;1;16463;;1,43;3;;;;4;44;36;109;0;0;0;0;0;0;0
8/6/2026 00:00;3;2026060823;7076;3;3904,3333;3904,3333;;12,1;12,4;;;;;;;5,3;11;;14399;;;;;;;;;18;18;;21;22;1;1;1;1;1;1;224479,3206;100;;;0;;;;;;;;;;2481;2500;;10,2;;;;;0;0;0;507;6;0;0;0;0;0;0;0;0;0;4;3;0;0;0;;0;0;0;0;0;0;0;171,3333;0;11,8983;0,25;;11,9712;0,06;;;0,33;1,91;;0;29,5858;7;;957;954;0;758;758;0;92;15;392;392;0;4,3377;;92;0;;0;1;;;;11,32;3;161;0;117;0;94;0;320;2;;;0;60;;;;;;;0;1;N;8/6/2026 14:15;21;;D;99,86;224500;59414;3;CBN8;N;15;92;1;16463;;1,43;3;;;;3,88;43;36;107;0;0;0;0;0;0;0
8/6/2026 00:00;4;2026060824;7076;3;3904,5;3904,5;;12,1;12,4;;;;;;;5,3;4;;14401;18;;;;;;;;18;18;;21;22;1;1;1;1;1;1;224478,9722;100;;;0;;;;;;;;;;;;2500;10,2;;;;;4;2;0;553;6;0;0;0;1;0;0;0;0;0;2;0;0;0;0;;0;0;0;0;0;0;0;;0;11,7406;0,25;;11,8321;0,06;;;0,33;1,91;;0;16,2749;7;;957;954;0;;758;0;;;;392;0;4,3065;;133;0;;0;1;;;;11,32;4;161;0;117;0;94;1;320;2;;;0;60;;;;;;;0;1;N;8/6/2026 18:15;21;;D;99,86;224500;59415;4;CBN8;N;15;92;1;16464;;1,43;3;2500;;5;3,79;43;36;107;0;0;0;0;0;0;0
8/6/2026 00:00;5;2026060835;7076;3;3904,6667;3904,6667;13,5;12,1;13,5;;;;;;5,5;5,5;7;;14400;;;;;;;;19;18;19;22;21;22;1;1;1;1;1;1;224470,084;100;;;0;;;;;;;;;;;2500;;10,2;;;;;1;0;0;561;6;0;0;0;0;0;0;0;0;0;4;3;0;0;0;;0;0;0;0;0;0;0;178,6667;0;11,6994;0,25;;11,7613;0,0494;;;0,33;1,91;;0;23,8859;7;955;957;955;0;757;757;0;99;13;393;393;0;4,2906;;121;0;;1;1;;;;11,32;4;161;0;117;0;94;1;320;2;;;0;60;;;;;;;0;1;N;8/6/2026 22:15;-3;;D;99,86;224500;59416;5;CBN8;N;13;99;;;;1,43;3;;;;3,75;44;36;110;0;0;0;0;0;0;0
8/6/2026 00:00;6;2026060836;7076;3;3904,8333;3904,8333;;12,1;13,5;;;;;;;5,5;6;;14398;;;;;;;;;18;19;;21;22;1;1;1;1;1;1;224471,0495;100;;;0;;;;;;;;;;;2500;;10,2;;;;;13;5;0;566;6;0;0;0;0;0;0;0;0;0;3;1;0;0;0;;0;0;0;0;0;0;0;177;0;11,69;0,25;;11,7762;0,04;;;0,33;1,91;;0;23,4982;7;;957;955;41,6725;;757;0;;;;393;0;4,2939;;147;0;;0;0;;;;11,32;6;161;0;117;0;94;1;320;2;;;0;60;;;;;;;0;1;N;9/6/2026 02:15;-3;;D;99,86;224500;59417;6;CBN8;N;13;99;1;16465;;1,43;3;;;;3,76;44;36;110;0;0;0;0;0;0;0
9/6/2026 00:00;1;2026060911;7076;3;3905;3905;;12,1;13,5;;;;;;;5,5;17;;14400;;22;;;;;;;18;19;;21;22;1;1;1;1;1;1;224472,8555;100;;;0;;;;;;;;;;;2500;;10,2;;;;;0;0;1;502;4;0;0;0;0;1;0;0;0;0;1;1;0;0;0;;0;0;0;0;0;0;0;103;0;12,2268;0,25;;12,2913;0,04;;;0,33;1,91;;0;21,1155;14;;957;955;0;771;771;0;93;18;386;386;0;4,4096;;84;0;;0;1;;;;11,32;13;161;0;117;0;94;0;320;2;;;0;60;;;;;;;0;1;N;9/6/2026 06:15;47;;D;99,86;224500;59418;0;CBN8;N;18;93;1;16465;;1,43;3;;;;4,04;44;36;107;0;0;0;0;0;0;0
9/6/2026 00:00;2;2026060912;7076;3;3905,1667;3905,1667;;12,1;13,5;;;;;;;5,5;2;;14400;;27;;;;;;;18;19;;21;22;1;1;1;1;1;1;224473,8107;100;;;0;;;;;;;;;;;2500;;10,2;;;;;2;1;0;462;5;0;0;0;0;1;0;0;0;0;3;3;0;0;0;;0;0;0;0;0;0;0;154;0;12,204;0,25;;12,2716;0,04;;;0,33;1,91;;0;28,1385;14;;957;955;8,3333;;771;0;;;;386;0;4,4051;;70;0;;0;1;;;;11,32;2;161;0;117;0;94;0;320;2;;;0;60;;;;;;;0;1;N;9/6/2026 10:15;47;;D;99,86;224500;59419;1;CBN8;N;18;93;1;16466;;1,43;3;;;;4,03;44;36;107;0;0;0;0;0;0;0
9/6/2026 00:00;3;2026060923;7076;3;3905,3333;3905,3333;;12,1;13,5;;;;;;;5,5;5;;14400;;;;;;;;;18;19;;21;22;1;1;1;1;1;1;224478,9485;100;;;0;;;;;;;;;;;2500;;10,2;;;;;0;0;0;491;6;0;0;0;0;0;0;0;0;0;3;3;0;0;0;;0;0;0;0;0;0;0;130,6667;0;12,031;0,25;;12,0855;0,04;;;0,33;1,91;;0;35,0305;14;;957;955;0;846;846;0;110;17;421;421;0;4,3634;;55;0;;0;1;;;;11,32;2;161;0;117;0;94;0;320;2;;;0;60;;;;;;;0;1;N;9/6/2026 14:15;240;;D;99,86;224500;59420;2;CBN8;N;17;110;1;16466;;1,43;3;;;;3,91;44;35;114;0;0;0;0;0;0;0
9/6/2026 00:00;4;2026060924;7076;3;3905,5;3905,5;;12,1;13,5;;;;;;;5,5;6;;14400;;;;;;;;;18;19;;21;22;1;1;1;1;1;1;224477,1897;100;;;0;;;;;;;;;;;2500;;10,2;;;;;0;0;0;556;5;0;0;0;0;0;0;0;0;0;4;4;0;0;0;;0;0;0;0;0;0;0;162,5;0;11,8598;0,25;;11,9393;0,04;;;0,33;1,91;;0;26,4388;14;;957;955;0;;846;0;;;;421;0;4,3305;;72;0;;0;1;;;;11,32;2;161;0;117;0;94;1;320;2;;;0;60;;;;;;;0;1;N;9/6/2026 18:15;240;;D;99,86;224500;59421;3;CBN8;N;17;110;1;16467;;1,43;3;;;;3,81;44;35;114;0;0;0;0;0;0;0
9/6/2026 00:00;5;2026060935;7076;3;3905,6667;3905,6667;;12,1;13,5;;;;;;;5,5;10;;14399;;;;;;0;-8;;18;19;;21;22;1;1;1;1;1;1;224475,7068;100;;;0;;;;;;;;;2492;2492;2500;2500;10,2;;;;;0;0;0;523;6;0;0;0;0;0;0;0;0;0;4;4;0;0;0;;0;0;0;0;0;0;0;174,75;0;11,7113;0,25;;11,7652;0,04;;;0,33;1,91;;0;24,6654;14;;957;955;0;;846;0;;;;421;0;4,2914;;86;0;;0;1;;;;11,32;2;161;0;117;0;94;0;320;2;;;0;60;;;;;;;0;1;N;9/6/2026 22:15;-76;;D;99,86;224500;59422;4;CBN8;N;17;118;;;;1,43;3;2480;;5;3,7;44;35;109;0;0;0;0;0;0;0
9/6/2026 00:00;6;2026060936;7076;3;3905,8333;3905,8333;;12,1;13,5;;;;;;;5,5;11;;14400;15;;;;;;;;18;19;;21;22;1;1;1;1;1;1;224475,441;100;;;0;;;;;;;;;;;;;10,2;;;;;0;0;0;559;5;0;0;0;1;0;0;0;0;0;3;3;0;0;0;;0;0;0;0;0;0;0;157,6667;0;11,69;0,25;;11,7757;0,04;;;0,33;1,91;;0;18,6047;14;;957;955;0;816;816;0;118;17;400;400;0;4,2938;;72;0;;0;0;;;;11,32;5;161;0;117;0;94;1;320;2;;;0;60;;;;;;;0;1;N;10/6/2026 02:15;-76;;D;99,86;224500;59423;5;CBN8;N;17;118;1;16468;;1,43;3;;;;3,71;44;35;109;0;0;0;0;0;0;0
10/6/2026 00:00;1;2026061011;7076;3;3906;3906;;12,1;13,5;;;;;;;5,5;17;;14400;;;;;;;;20;18;20;23;21;23;1;1;1;1;1;1;224478,4593;100;;;0;;;;;;;;;;;2700;;10,2;;;;;1;0;0;567;6;0;0;0;0;0;0;0;0;0;4;4;0;0;0;;0;0;0;0;0;0;0;171,25;0;11,7072;0,25;;11,7897;0,05;;;0,3372;1,92;1,92;0;23,4568;14;954;957;954;0;846;846;0;99;18;392;392;0;4,2969;;86;0;;0;1;;;;11,32;6;161;0;117;0;94;1;320;2;;;0;60;;;;;;400;0;1;N;10/6/2026 06:15;100;;D;99,86;224500;59424;6;CBN8;N;18;99;1;16468;;1,43;6;;;;3,71;44;35;109;0;0;0;0;0;0;0
10/6/2026 00:00;2;2026061012;7076;3;3906,1667;3906,1667;;12,1;13,5;;;;;;;5,5;18;;14401;;;;;;;;;18;20;;21;23;1;1;1;1;1;1;224478,4777;100;;;0;;;;;;;;;;;2700;;10,2;;;;;0;0;0;499;6;0;0;0;0;0;0;0;0;0;3;3;0;0;1;;0;0;0;0;0;0;0;159,6667;0;11,74;0,25;;11,7929;0,06;;;0,36;1,92;;0;32,2645;14;;957;954;0;;846;0;;;;392;0;4,2977;1;64;0;;0;1;;;;11,32;8;161;0;117;0;94;0;320;2;;;0;60;;;;;;400;0;2;N;10/6/2026 10:15;100;;D;99,86;224500;59425;7;CBN8;N;18;99;1;16469;;1,4;6;;;;3,71;44;35;109;0;0;0;0;0;0;0
10/6/2026 00:00;3;2026061023;7076;3;3906,3333;3906,3333;;12,1;13,5;;;;;;;5,5;12;;14398;;;;;;;;;18;20;;21;23;1;1;1;1;1;1;224479,0816;100;;;0;;;;;;;;;;;2700;;10,2;;;;;0;0;1;547;5;0;0;0;0;0;0;0;0;0;3;3;0;0;0;;0;0;0;0;0;0;0;188;0;11,9628;0,25;;12,0819;0,06;;;0,36;1,92;;0;19,9269;14;;957;954;0;833;833;0;116;11;388;388;0;4,3626;;101;0;;0;1;;;;11,32;11;161;0;117;0;94;0;320;2;;;0;60;;;;;;400;0;2;N;10/6/2026 14:15;-56;;D;99,86;224500;59426;0;CBN8;N;11;116;1;16469;;1,4;0;;;;3,9;44;33;116;0;0;0;0;0;0;0
10/6/2026 00:00;4;2026061024;7076;3;3906,5;3906,5;;12,1;13,5;;;;;;;5,5;10;;14400;;22;;;;;;;18;20;;21;23;1;1;1;1;1;1;224476,9135;100;;;0;;;;;;;;;;;2700;;10,2;;;;;0;0;0;462;3;0;0;0;0;2;0;0;0;0;2;2;0;0;0;;0;0;0;0;0;0;0;132;0;12,3381;0,25;;12,4115;0,06;;;0,36;1,92;;0;15,368;14;;957;954;0;;833;0;;;;388;0;4,4366;;74;0;;0;1;;;;11,32;6;161;0;117;0;94;0;320;2;;;0;60;;;;;;400;0;2;N;10/6/2026 18:15;-56;;D;99,86;224500;59427;1;CBN8;N;11;116;1;16470;;1,4;0;;;;4,11;44;33;116;0;0;0;0;0;0;0
10/6/2026 00:00;5;2026061035;7076;3;3906,6667;3906,6667;;12,1;13,5;;;;;;;5,5;16;;14400;;;;;;;;;18;20;;21;23;1;1;1;1;1;1;224477,1048;100;;;0;;;;;;;;;;;2700;;10,2;;;;;0;0;0;503;6;0;0;0;0;0;0;0;0;0;4;4;0;1;0;;0;0;0;0;0;0;0;164,25;0;12,1683;0,25;;12,2342;0,06;;;0,36;1,92;;0;30,8151;14;;957;954;0;862;862;0;112;18;393;393;0;4,3968;;92;0;;0;1;;;;11,32;6;161;0;117;0;94;0;320;2;;;0;60;;;;;;400;0;2;N;10/6/2026 22:15;65;;D;99,85;224500;59428;2;CBN8;N;18;112;;;;1,4;3;;;;3,99;45;34;112;0;0;0;0;0;0;0
10/6/2026 00:00;6;2026061036;7076;3;3906,8333;3906,8333;;12,1;13,5;;;;;;;5,5;18;;14400;;;;;;;;;18;20;;21;23;1;1;1;1;1;1;224478,2138;100;;;0;;;;;;;;;;;2700;;10,2;;;;;0;0;0;573;6;0;0;0;0;0;0;0;0;0;3;2;0;0;0;;0;0;0;0;0;0;0;228;0;11,9973;0,25;;12,0385;0,06;;;0,36;1,92;;0;21,466;14;;957;954;0;;862;0;;;;393;0;4,3528;;87;0;;0;0;;;;11,32;7;161;0;117;0;94;1;320;2;;;0;60;;;;;;400;0;2;N;11/6/2026 02:15;65;;D;99,85;224500;59429;3;CBN8;N;18;112;1;16471;;1,4;3;;;;3,87;45;34;112;0;0;0;0;0;0;0
11/6/2026 00:00;1;2026061111;7076;3;3907;3907;;12,1;13,5;;;;;;;5,5;8;;14400;;;;;;-45;0;;18;20;;21;23;1;1;1;1;1;1;224477,7176;100;;;0;;;;;;;;;2655;2655;2700;2655;10,2;140;;;;0;0;0;507;6;0;0;0;0;0;0;0;0;0;4;4;0;0;0;;0;0;0;0;0;0;0;158;0;11,8257;0,25;;11,8762;0,06;;;0,36;1,92;;0;29,9803;14;;957;954;0;913;913;0;86;12;395;395;0;4,3164;;75;0;;0;1;;;;11,32;2;161;0;117;0;94;0;320;2;;;0;60;;;;;;400;0;2;N;11/6/2026 06:15;158;;D;99,85;224500;59430;4;CBN8;N;12;86;1;16471;;1,4;3;2655;;2;3,76;45;34;112;0;0;0;0;0;0;0
11/6/2026 00:00;2;2026061112;7076;3;3907,1667;3907,1667;;12,1;13,5;;;;;;;5,5;13;;14400;;;;;;;;;18;20;;21;23;1;1;1;1;1;1;224475,9655;100;;;1,7014;;;;;;;;;;;;;10,2;;;;;0;0;0;563;6;0;0;0;0;0;0;0;0;0;3;2;0;0;0;;0;0;0;0;0;0;0;201;0;11,74;0,25;;11,7964;0,06;;;0,36;1,92;;0;21,6696;14;;957;954;0;;913;0;;;;395;0;4,2984;;66;0;;0;1;;;;11,32;6;161;0;117;0;94;1;320;2;;;0;60;;;;;;;0;2;N;11/6/2026 10:15;158;;D;99,85;224500;59431;5;CBN8;N;12;86;1;16472;;1,4;3;;;;3,71;45;34;112;0;0;0;0;0;0;0
11/6/2026 00:00;3;2026061123;7076;3;3907,3333;3907,3333;;12,1;13,5;;;;;;;5,5;12;;14398;;;;;;;;20;18;20;22;21;22;1;1;1;1;1;1;224472,8984;100;;;0;;;;;;;;;;;2500;;10,2;;;;;0;0;0;578;6;0;0;0;0;0;0;0;0;0;4;4;0;0;0;;0;0;0;0;0;0;0;170,25;0;11,7613;0,25;;11,8363;0,0813;;;0,36;1,92;;0;20,2422;14;951;957;951;0;;913;0;;;;395;0;4,3074;;85;0;;0;1;;;;11,32;6;161;0;117;0;94;1;320;2;;;0;60;;;;;;400;0;2;N;11/6/2026 14:15;158;;D;99,85;224500;59432;6;CBN8;N;12;86;1;16472;;1,4;3;;;;3,72;45;34;112;0;0;0;0;0;0;0
11/6/2026 00:00;4;2026061124;7076;3;3907,5;3907,5;13,56;12,1;13,56;;;;;;5,27;5,27;23;;14400;;9;544;;544;;;;18;20;;21;22;1;1;1;1;1;1;224470,7439;100;;;0;;;;;;;;;;;2500;;10,2;;;3;;0;0;0;585;5;0;0;0;0;1;0;1;0;0;2;1;0;0;1;;0;1;0;0;0;0;0;192;0;11,81;0,25;;11,9329;0,13;;;0,36;1,92;;0,0327;24,6154;14;;957;951;0;873;873;0;102;15;387;387;0;4,3269;1,8;77;0;;0;1;46;14,1087;;11,32;10;161;649;117;46;94;0;320;2;;;0;60;;;;;;400;0;1;N;11/6/2026 18:15;-105;;D;99,85;224500;59433;7;CBN8;N;15;102;1;16473;;1,4;3;;;;3,78;46;34;112;0;9,0167;12;0;0;0;0
11/6/2026 00:00;5;2026061135;7076;3;3907,6667;3907,6667;;12,1;13,56;;;;;;;5,27;12;;14401;;;;;;;;;18;20;;21;22;1;1;1;1;1;1;224472,5637;100;;;0;;;;;;;;;;;2500;;10,2;;;;;0;0;1;515;6;0;0;0;0;0;0;0;0;0;3;3;0;1;0;;0;0;0;0;0;0;0;190,3333;0;12,0524;0,25;;12,1226;0,13;;;0,36;1,92;;0;16,5049;14;;957;951;0;;873;0;;;;387;0;4,3717;;108;0;;0;1;;;;11,32;8;161;0;117;0;94;0;320;2;;;0;60;;;;;;400;0;1;N;11/6/2026 22:15;-105;;D;99,85;224500;59434;0;CBN8;N;15;102;;;;1,4;3;;;;3,91;46;34;112;0;0;0;0;0;0;0
11/6/2026 00:00;6;2026061136;7076;3;3907,8333;3907,8333;;12,1;13,56;;;;;;;5,27;10;;14400;;29,5;;;;;;;18;20;;21;22;1;1;1;1;1;1;224475,8039;100;;;0;;;;;;;;;;;2500;;10,2;;;;;0;0;0;452;4;0;0;0;0;2;0;0;0;0;1;1;0;0;0;;0;0;0;0;0;0;0;103;0;12,4027;0,25;;12,4827;0,13;;;0,36;1,92;;0;21,2389;10;;957;951;0;865;865;0;23;12;386;386;0;4,4525;;87;0;;0;0;;;;11,32;5;161;0;117;0;94;0;320;2;;;0;60;;;;;;400;0;1;N;12/6/2026 02:15;-24;;D;99,86;224500;59435;1;CBN8;N;12;23;1;16474;;1,4;3;;;;4,14;46;34;111;0;0;0;0;0;0;0
12/6/2026 00:00;1;2026061211;7076;3;3908;3908;;12,1;13,56;;;;;;;5,27;10;;14399;;;;;;;;;18;20;;21;22;1;1;1;1;1;1;224475,3838;100;;;0;;;;;;;;;;;2500;;10,2;;;;;0;0;0;461;5;0;0;0;0;0;0;0;0;0;3;3;0;0;0;;0;0;0;0;0;0;0;102,3333;0;12,2291;0,25;;12,2927;0,13;;;0,36;1,92;;0;46,2039;10;;957;951;0;915;915;0;80;10;405;405;0;4,4099;;56;0;;0;1;;;;11,32;3;161;0;117;0;94;0;320;2;;;0;60;;;;;;400;0;1;N;12/6/2026 06:15;176;;D;99,85;224500;59436;2;CBN8;N;10;80;1;16474;;1,4;3;;;;4,02;46;34;112;0;0;0;0;0;0;0
12/6/2026 00:00;2;2026061212;7076;3;3908,1667;3908,1667;;12,1;13,56;;;;;;;5,27;4;;14399;;;;;;;;;18;20;;21;22;1;1;1;1;1;1;224474,9253;100;;;0;;;;;;;;;;;2500;;10,2;;;;;0;0;0;455;6;0;0;0;0;0;0;0;0;0;2;2;0;3;0;;0;0;0;0;0;0;0;126,5;0;12,0581;0,25;;12,1367;0,13;;;0,36;1,92;;0;55,3846;10;;957;951;0;;915;0;;;;405;0;4,3749;;53;0;;0;1;;;;11,32;3;161;0;117;0;94;0;320;2;;;0;60;;;;;;400;0;1;N;12/6/2026 10:15;176;;D;99,85;224500;59437;3;CBN8;N;10;80;1;16475;;1,4;3;;;;3,92;46;34;112;0;0;0;0;0;0;0
12/6/2026 00:00;3;2026061223;7076;3;3908,3333;3908,3333;;12,1;13,56;;;;;;;5,27;5;;14401;;;;;;0;0;;18;20;;21;22;1;1;1;1;1;1;224476,5801;100;;;0;;;;;;;;;2500;2500;2500;2500;10,2;;;;;0;0;0;512;6;0;0;0;0;0;0;0;0;0;4;4;0;1;0;;0;0;0;0;0;0;0;151;0;11,8868;0,25;;11,9391;0,13;;;0,36;1,92;;0;33,2031;10;;957;951;0;;915;0;;;;405;0;4,3305;;57;0;;0;1;;;;11,32;2;153;0;112;0;90;0;320;2;;;0;60;;;;;;400;0;1;N;12/6/2026 14:15;-157;;D;99,85;224500;59438;4;CBN8;N;10;97;1;16475;;1,4;5;2500;;2;3,79;46;34;111;0;0;0;0;0;0;0
12/6/2026 00:00;4;2026061224;7076;3;3908,5;3908,5;;12,1;13,56;;;;;;;5,27;0;;14399;18;;;;;;;;18;20;;21;22;1;1;1;1;1;1;224474,0051;100;;;0;;;;;;;;;;;;;10,2;;;;;0;0;0;518;5;0;0;0;1;0;0;0;0;0;3;3;0;0;0;;0;0;0;0;0;0;0;141,6667;0;11,81;0,25;;11,8896;0,13;;;0,36;1,92;;0;23,3591;10;;957;951;0;857;857;0;97;10;396;396;0;4,3194;;55;0;;0;1;;;;11,32;0;153;0;112;0;90;0;320;2;;;0;60;;;;;;;0;1;N;12/6/2026 18:15;-157;;D;99,85;224500;59439;5;CBN8;N;10;97;1;16476;;1,4;5;;;;3,76;46;34;111;0;0;0;0;0;0;0
12/6/2026 00:00;5;2026061235;7076;3;3908,6667;3908,6667;;12,1;13,56;;;;;;;5,27;9;;14401;;;;;;;;19;18;19;22;21;22;1;1;1;1;1;1;224476,6025;100;;;0;;;;;;;;;;;2500;;10,2;;;;;0;0;0;518;6;0;0;0;0;0;0;0;0;0;3;3;0;0;0;;0;0;0;0;0;0;0;129;0;11,772;0,25;;11,811;0,092;;;0,36;1,92;;0;33,9768;10;963;957;963;0;;857;0;;;;396;0;4,3017;;55;0;;0;1;;;;11,32;3;153;0;112;0;90;0;320;2;;;0;60;;;;;;300;0;1;N;12/6/2026 22:15;-157;;D;99,85;224500;59440;6;CBN8;N;10;97;;;;1,4;5;;;;3,77;46;34;111;0;0;0;0;0;0;0
12/6/2026 00:00;6;2026061236;7076;3;3908,8333;3908,8333;;12,1;13,56;;;;;;;5,27;5;;14399;;;;;;;;;18;19;;21;22;1;1;1;1;1;1;224476,8739;100;;;0;;;;;;;;;;;2500;;10,2;;;;;0;0;0;546;6;0;0;0;0;0;0;0;0;0;5;5;0;0;1;;0;0;0;0;0;0;0;163,2;0;11,56;0,25;;11,617;-0,12;;;0,36;1,92;;0;24,7253;10;;957;963;0;841;841;0;56;16;391;391;0;4,2582;1,8;53;0;;0;0;;;;11,32;1;153;0;112;0;90;0;320;2;;;0;60;;;;;;300;0;1;N;13/6/2026 02:15;-46;;D;99,86;224500;59441;7;CBN8;N;16;56;1;16477;;1,4;3;;;;3,64;45;34;111;0;0;0;0;0;0;0
13/6/2026 00:00;1;2026061311;7076;3;3909;3909;;12,1;13,56;;;;;;;5,27;13;;14399;;;;;;;;;18;19;;21;22;1;1;1;1;1;1;224477,7091;100;;;0;;;;;;;;;;;2500;;10,2;;;;;0;0;1;539;6;0;0;0;0;0;0;0;0;0;3;3;0;0;0;;0;0;0;0;0;0;0;161;0;11,7238;0,25;;11,7473;-0,1174;;;0,36;1,92;;0;22,0779;10;;957;963;0;863;863;0;58;13;397;397;0;4,2874;;72;0;;0;1;;;;11,32;5;153;0;112;0;90;0;320;2;;;0;60;;;;;;300;0;1;N;13/6/2026 06:15;45;;D;99,85;224500;59442;0;CBN8;N;13;58;1;16477;;1,4;3;;;;3,72;46;34;114;0;0;0;0;0;0;0
13/6/2026 00:00;2;2026061312;7076;3;3909,1667;3909,1667;;12,1;13,56;;;;;;;5,27;4;;14399;;26,5;;;;;;;18;19;;21;22;1;1;1;1;1;1;224483,0601;100;;;0;;;;;;;;;;;2500;;10,2;;;;;0;0;0;398;3;0;0;0;0;2;0;0;0;0;0;0;0;0;0;;0;0;0;0;0;0;0;;0;12,171;0,25;;12,2942;-0,12;;;0,36;1,92;;0;20,8543;10;;957;963;0;;863;0;;;;397;0;4,4102;;58;0;;0;1;;;;11,32;4;153;0;112;0;90;0;320;2;;;0;60;;;;;;300;0;1;N;13/6/2026 10:15;45;;D;99,85;224500;59443;1;CBN8;N;13;58;1;16478;;1,4;3;;;;4,08;46;34;114;0;0;0;0;0;0;0
13/6/2026 00:00;3;2026061323;7076;3;3909,3333;3909,3333;;12,1;13,56;;;;;;;5,27;4;;14401;;;;;;;;;18;19;;21;22;1;1;1;1;1;1;224481,7557;100;;;0;;;;;;;;;;;2500;;10,2;;;;;0;0;0;453;6;0;0;0;0;0;0;0;0;0;2;2;0;3;0;;1;0;0;0;0;0;0;71,5;0;11,9954;0,25;;12,0977;-0,12;;;0,36;1,92;;0;58,9404;10;;957;963;0;;863;0;;;;397;0;4,3661;;72;0;;0;1;;;;11,32;4;153;0;112;0;90;0;320;2;;;0;60;;;;;;300;0;1;N;13/6/2026 14:15;45;;D;99,85;224500;59444;2;CBN8;N;13;58;1;16478;;1,4;3;;;;3,95;46;34;114;0;0;0;0;0;0;0
13/6/2026 00:00;4;2026061324;7076;3;3909,5;3909,5;;12,1;13,56;;;;;;;5,27;7;;14401;;;;;;;;;18;19;;21;22;1;1;1;1;1;1;224478,5124;100;;;0;;;;;;;;;;;2500;;10,2;;;;;6;0;0;527;6;0;0;0;0;0;0;0;0;0;4;4;0;0;0;;0;0;0;0;0;0;0;149,75;0;11,8228;0,25;;11,8534;-0,12;;;0,36;1,92;;0;31,3093;10;;957;963;16,7697;895;895;0;86;10;402;402;0;4,3112;;138;0;;0;1;;;;11,32;3;153;0;112;0;90;0;320;2;;;0;60;;;;;;300;0;1;N;13/6/2026 18:15;73;;D;99,85;224500;59445;3;CBN8;N;10;86;1;16479;;1,4;0;;;;3,79;46;35;117;0;0;0;0;0;0;0
13/6/2026 00:00;5;2026061335;7076;3;3909,6667;3909,6667;;12,1;13,56;;;;;;;5,27;11;;14400;;;;;;0;229;;18;19;;21;22;1;1;1;1;1;1;224480,4917;100;;;0;;;;;;;;;2729;2729;2500;2500;10,2;;;;;14;3;0;492;7;0;0;0;0;0;0;0;0;0;1;1;0;0;0;;0;0;0;0;0;0;0;152;0;11,8645;0,25;;11,9044;-0,12;;;0,36;1,92;;0;22,7642;10;;957;963;91,0694;851;851;54,0833;63;19;401;401;0;4,3227;;135;0;;0;1;;;;11,32;11;153;0;112;0;90;0;320;2;;;0;60;;;;;;300;0;1;N;13/6/2026 22:15;-195;;D;99,85;224500;59446;4;CBN8;N;19;63;;;;1,4;3;2580;;2;3,83;47;36;114;0,248;0;0;0;0;0;0
13/6/2026 00:00;6;2026061336;7076;3;3909,8333;3909,8333;;12,1;13,56;;;;;;;5,27;5;;14398;;;;;;;;;18;19;;21;22;1;1;1;1;1;1;224480,5266;100;;;0,6597;;300;300;;;;;;;;;;10,2;;;;;2;0;0;620;6;0;0;0;0;0;0;0;0;0;4;3;0;0;0;;0;0;0;0;0;0;0;203,6667;0;11,56;0,25;;11,6353;-0,12;;;0,36;1,92;;0;17,4194;10;;957;963;6,2509;;851;0;;;;401;0;4,2623;;65;0;;0;0;;;;11,32;3;153;0;112;0;90;1;320;2;;;0;60;;;;;;;0;1;N;14/6/2026 02:15;-195;;D;99,85;224500;59447;5;CBN8;N;19;63;1;16480;;1,4;3;;;;3,65;47;36;114;0,0231;0;0;0;0;0;0
14/6/2026 00:00;1;2026061411;7076;3;3910;3910;;12,1;13,56;;;;;;;5,27;2;;14400;;;;;;;;18;18;18;21;21;21;1;1;1;1;1;1;224479,4193;100;;;0;;;;;;;;;;;2300;;10,2;;;;;0;0;0;545;6;0;0;0;0;0;0;0;0;0;5;4;0;0;0;;0;0;0;0;0;0;0;184,25;0;11,5702;0,25;;11,6977;-0,1072;;;0,36;1,92;;0;25,3211;10;963;957;963;0;886;886;0;76;9;403;403;0;4,2763;;52;0;;0;1;;;;11,32;1;153;0;112;0;90;0;320;2;;;0;60;;;;;;;0;1;N;14/6/2026 06:15;104;;D;99,85;224500;59448;6;CBN8;N;9;76;1;16480;;1,4;0;;;;3,69;46;35;113;0;0;0;0;0;0;0
14/6/2026 00:00;2;2026061412;7076;3;3910,1667;3910,1667;9,9;12,1;9,9;;;;;;5,6;5,6;2;;14401;;15;;;;;;;18;18;;21;21;1;1;1;1;1;1;224481,5278;100;;;0;;;;;;;;;;;2300;;10,2;;;;;0;0;0;529;6;0;0;0;0;1;0;0;0;0;3;3;0;1;1;;0;0;0;0;0;0;0;156;0;11,59;0,25;;11,6815;-0,09;;;0,36;1,92;;0;21,9282;10;;957;963;0;;886;0;;;;403;0;4,2727;1,7;56;0;;0;1;;;;11,32;1;153;0;112;0;90;0;320;2;;;0;60;;;;;;;0;0;N;14/6/2026 10:15;104;;D;99,85;224500;59449;7;CBN8;N;9;76;1;16481;;1,4;0;;;;3,68;46;35;113;0;0;0;0;0;0;0
14/6/2026 00:00;3;2026061423;7076;3;3910,3333;3910,3333;;12,1;9,9;;;;;;;5,6;10;;14399;;15;;;;;;;18;18;;21;21;1;1;1;1;1;1;224482,6954;100;;;0;;;;;;;;;;;2300;;10,2;;;;;0;0;1;540;5;0;0;0;0;1;0;0;0;0;2;2;0;0;0;;0;0;0;0;0;0;0;208,5;0;12,0881;0,25;;12,1529;-0,09;;;0,36;1,92;;0;11,2963;10;;957;963;0;;886;0;;;;403;0;4,3785;;69;0;;0;1;;;;11,32;5;153;0;112;0;90;0;320;2;;;0;60;;;;;;;0;0;N;14/6/2026 14:15;104;;D;99,85;224500;59450;0;CBN8;N;9;76;1;16481;;1,4;0;;;;3,99;46;35;113;0;0;0;0;0;0;0
14/6/2026 00:00;4;2026061424;7076;3;3910,5;3910,5;;12,1;9,9;;;;;;;5,6;14;;14400;;11;;;;;;;18;18;;21;21;1;1;1;1;1;1;224481,303;100;;;0;;;;;;;;;;;2300;;10,2;;;;;0;0;0;506;7;0;0;0;0;1;0;0;0;0;2;2;0;0;0;;0;0;0;0;0;0;0;117;0;12,1151;0,25;;12,1417;-0,09;;;0,36;1,92;;0;29,249;6;;957;963;0;897;897;0;78;9;404;404;0;4,376;;54;0;;0;1;;;;11,32;7;153;0;112;0;90;0;320;2;;;0;60;;;;;;;0;0;N;14/6/2026 18:15;28;;D;99,85;224500;59451;1;CBN8;N;9;78;1;16482;;1,4;0;;;;4,14;46;35;115;0;0;0;0;0;0;0
14/6/2026 00:00;5;2026061435;7076;3;3910,6667;3910,6667;;12,1;9,9;;;;;;;5,6;10;;14400;;;;;;;;;18;18;;21;21;1;1;1;1;1;1;224478,2385;100;;;0;;;;;;;;;;;2300;;10,2;;;;;0;0;0;491;9;0;0;0;0;0;0;0;0;0;3;3;0;1;0;;0;0;0;0;0;0;0;129,3333;0;11,9454;0,25;;12,0052;-0,09;;;0,36;1,92;;0;43,3809;6;;957;963;0;782;782;0;48;16;385;385;0;4,3453;;51;0;;0;1;;;;11,32;3;153;0;112;0;90;0;320;2;;;0;60;;;;;;;0;0;N;14/6/2026 22:15;-431;;D;99,87;224500;59452;2;CBN8;N;16;48;;;;1,4;3;;;;4,05;44;35;106;0;0;0;0;0;0;0
14/6/2026 00:00;6;2026061436;7076;3;3910,8333;3910,8333;;12,1;9,9;;;;;;;5,6;12;;14398;;;;;;;;;18;18;;21;21;1;1;1;1;1;1;224478,1899;100;;;0;;;;;;;;;;;2300;;10,2;;;;;0;0;0;529;8;0;0;0;0;0;0;0;0;0;4;4;0;0;0;;0;0;0;0;0;0;0;158;0;11,7764;0,25;;11,8727;-0,09;;;0,36;1,92;;0;30,0567;6;;957;963;0;;782;0;;;;385;0;4,3156;;54;0;;0;0;;;;11,32;3;153;0;112;0;90;0;320;2;;;0;60;;;;;;;0;0;N;15/6/2026 02:15;-431;;D;99,87;224500;59453;3;CBN8;N;16;48;1;16483;;1,4;3;;;;3,96;44;35;106;0;0;0;0;0;0;0
15/6/2026 00:00;1;2026061511;7076;3;3911;3911;;12,1;9,9;;;;;;;5,6;2;;14402;;;;;;0;-8;;18;18;;21;21;1;1;1;1;1;1;224473,6893;100;;;0;;;;;;;;;2292;2292;2300;2300;10,2;;;;;0;0;0;489;8;0;0;0;0;0;0;0;0;0;3;3;0;0;0;;0;0;0;0;0;0;0;131,3333;0;11,6185;0,25;;11,6781;-0,09;;;0,36;1,92;;0;44,3763;6;;957;963;0;769;769;0;60;15;390;390;0;4,2719;;48;0;;0;1;;;;11,32;1;153;0;112;0;90;0;320;2;;;0;60;;;;;;;0;0;N;15/6/2026 06:15;-37;;D;99,86;224500;59454;4;CBN8;N;15;60;1;16483;;1,4;3;2320;;9;3,83;42;35;104;0;0;0;0;0;0;0
15/6/2026 00:00;2;2026061512;7076;3;3911,1667;3911,1667;;12,1;9,9;;;;;;;5,6;0;;14397;12;;;;;;;;18;18;;21;21;1;1;1;1;1;1;224477,9646;100;;;0;;;;;;;;;;;;;10,2;;;;;0;0;0;496;9;0;0;0;1;0;0;0;0;0;3;3;0;0;0;;0;0;0;0;0;0;0;123;0;11,59;0,25;;11,6259;-0,09;;;0,36;1,92;;0;35,2823;6;;957;963;0;;769;0;;;;390;0;4,2602;;49;0;;0;1;;;;11,32;0;153;0;112;0;90;0;320;2;;;0;60;;;;;;;0;0;N;15/6/2026 10:15;-37;;D;99,86;224500;59455;5;CBN8;N;15;60;1;16484;;1,4;3;;;;3,79;42;35;104;0;0;0;0;0;0;0
15/6/2026 00:00;3;2026061523;7076;3;3911,3333;3911,3333;;12,1;9,9;;;;;;;5,6;0;;14401;;;;;;;;17;18;17;21;21;21;1;1;1;1;1;1;224478,1984;100;;;0;;;;;;;;;;;2300;;10,2;;;;;0;0;0;524;8;0;0;0;0;0;0;0;0;0;3;3;0;0;0;;0;0;0;0;0;0;0;116,3333;0;11,5737;0,25;;11,5942;-0,1063;;;0,36;1,92;;0;32,0611;6;966;957;966;0;;769;0;;;;390;0;4,2531;;50;0;;0;1;;;;11,32;0;153;0;112;0;90;0;320;2;;;0;60;;;;;;;0;0;N;15/6/2026 14:15;-37;;D;99,86;224500;59456;6;CBN8;N;15;60;1;16484;;1,4;3;;;;3,79;42;35;104;0;0;0;0;0;0;0
15/6/2026 00:00;4;2026061524;7076;3;3911,5;3911,5;;12,1;9,9;;;;;;;5,6;5;;14400;;14;;;;;;;18;17;;21;21;1;1;1;1;1;1;224469,0443;100;;;0;;;;;;;;;;;2300;;10,2;;;;;0;0;0;501;9;0;0;0;0;1;0;0;0;0;2;2;0;0;1;;0;0;0;0;0;0;0;123,5;0;11,54;0,25;;11,5331;-0,14;;;0,36;1,92;;0;28,7425;6;;957;966;0;800;800;0;67;19;393;393;0;4,2393;;51;0;;0;1;;;;11,32;3;153;0;112;0;90;0;320;2;;;0;60;;;;;;;0;0;N;15/6/2026 18:15;-346;;D;99,86;224500;59457;7;CBN8;N;19;67;1;16485;;1,4;3;;;;3,75;43;36;115;0;0;0;0;0;0;0
15/6/2026 00:00;5;2026061535;7076;3;3911,6667;3911,6667;;12,1;9,9;;;;;;;5,6;6;;14400;;;;;;;;;18;17;;21;21;1;1;1;1;1;1;224475,0347;100;;;0;;;;;;;;;;;2300;;10,2;;;;;0;0;1;489;7;0;0;0;0;0;0;0;0;0;3;3;0;0;0;;0;0;0;0;0;0;0;127;0;11,7824;0,25;;11,829;-0,14;;;0,36;1,92;;0;23,9264;6;;957;966;0;805;805;0;31;8;389;389;0;4,3058;;79;0;;0;1;;;;11,32;3;153;0;112;0;90;0;320;2;;;0;60;;;;;;;0;0;N;15/6/2026 22:15;58;;D;99,87;224500;59458;0;CBN8;N;8;31;;;;1,4;0;;;;3,95;43;36;111;0;0;0;0;0;0;0
15/6/2026 00:00;6;2026061536;7076;3;3911,8333;3911,8333;;12,1;9,9;;;;;;;5,6;1;;14399;;35,5;;;;;;;18;17;;21;21;1;1;1;1;1;1;224479,0958;100;;;0;;;;;;;;;;;2300;;10,2;;;;;0;0;0;410;6;0;0;0;0;2;0;0;0;0;0;0;0;0;0;;1;0;0;0;0;0;0;;0;12,1327;0,25;;12,2359;-0,14;;;0,36;1,92;;0;35,122;6;;957;966;0;;805;0;;;;389;0;4,3971;;60;0;;0;0;;;;11,32;1;153;0;112;0;90;0;320;2;;;0;60;;;;;;;0;0;N;16/6/2026 02:15;58;;D;99,87;224500;59459;1;CBN8;N;8;31;1;16486;;1,4;0;;;;4,22;43;36;111;0;0;0;0;0;0;0
16/6/2026 00:00;1;2026061611;7076;3;3912;3912;;12,1;9,9;;;;;;;5,6;11;;14400;;;;;;;;;18;17;;21;21;1;1;1;1;1;1;224476,7607;100;;;0;;;;;;;;;;;2300;;10,2;;;;;0;0;0;527;8;0;0;0;0;0;0;0;0;0;4;4;0;1;0;;0;0;0;0;0;0;0;166,75;0;11,9591;0,25;;11,9985;-0,14;;;0,36;1,92;;0;30,74;6;;957;966;0;;805;0;;;;389;0;4,3438;;59;0;;0;1;;;;11,32;3;153;0;112;0;90;0;320;2;;;0;60;;;;;;;0;0;N;16/6/2026 06:15;58;;D;99,87;224500;59460;2;CBN8;N;8;31;1;16486;;1,4;0;;;;4,06;43;36;111;0;0;0;0;0;0;0
16/6/2026 00:00;2;2026061612;7076;3;3912,1667;3912,1667;;12,1;9,9;;;;;;;5,6;4;;14399;;;;;;;;;18;17;;21;21;1;1;1;1;1;1;224471,2976;100;;;0;;;;;;;;;;;2300;;10,2;;;;;0;0;0;495;9;0;0;0;0;0;0;0;0;0;4;4;0;0;0;;0;0;0;0;0;0;0;131;0;11,7881;0,25;;11,8115;-0,14;;;0,36;1,92;;0;42,2222;6;;957;966;0;771;771;0;47;16;388;388;0;4,3018;;60;0;;0;1;;;;11,32;1;153;0;112;0;90;0;320;2;;;0;60;;;;;;;0;0;N;16/6/2026 10:15;-70;;D;99,87;224500;59461;3;CBN8;N;16;47;1;16487;;1,4;3;;;;3,94;44;38;105;0;0;0;0;0;0;0
16/6/2026 00:00;3;2026061623;7076;3;3912,3333;3912,3333;;12,1;9,9;;;;;;;5,6;9;;14400;;;;;;;;;18;17;;21;21;1;1;1;1;1;1;224477,6427;100;;;0;;;;;;;;;;1;2300;;10,2;;;;;0;0;0;466;8;0;0;0;0;0;0;0;0;0;2;2;0;1;0;;1;0;0;0;0;0;0;160,5;0;11,6185;0,25;;11,671;-0,14;;;0,36;1,92;;0;53,4335;6;;957;966;0;;771;0;;;;388;0;4,2703;;69;0;;0;1;;;;11,32;3;153;0;112;0;90;0;320;2;;;0;60;;;;;;;0;0;N;16/6/2026 14:15;-70;;D;99,87;224500;59462;4;CBN8;N;16;47;1;16487;;1,4;3;;;;3,84;44;38;105;0;0;0;0;0;0;0
16/6/2026 00:00;4;2026061624;7076;3;3912,5;3912,5;;12,1;9,9;;;;;;;5,6;3;;14400;;;;;;;;;18;17;;21;21;1;1;1;1;1;1;224478,3288;100;;;0;;;;;;;;;;;;;10,2;40;;;;0;0;0;603;9;0;0;0;0;0;0;0;0;0;4;4;0;0;0;;0;0;0;0;0;0;0;202,25;0;11,54;0,25;;11,6296;-0,14;;;0,36;1,92;;0;20,0663;6;;957;966;0;773;773;0;51;8;383;383;0;4,261;;67;0;;0;1;;;;11,32;1;153;0;112;0;90;1;320;2;;;0;60;;;;;;;0;0;N;16/6/2026 18:15;6;;D;99,86;224500;59463;5;CBN8;N;8;51;1;16488;;1,4;0;;;;3,81;43;37;108;0;0;0;0;0;0;0
16/6/2026 00:00;5;2026061635;7076;3;3912,6667;3912,6667;9,8;12,1;9,8;;;;;;5,3;5,3;4;;14399;;;;;;;;24;18;24;23;21;23;1;1;1;1;1;1;224479,3166;100;;;0;;;;;;;;;;;2700;;10,2;;;;;0;0;0;495;8;0;0;0;0;0;0;0;0;0;3;3;0;1;0;;0;0;0;0;0;0;0;139,6667;0;11,54;0,25;;11,6278;-0,14;;;0,36;1,92;;0;42,4242;6;;957;966;0;;773;0;;;;383;0;4,2606;;71;0;;0;1;;;;11,32;1;153;0;112;0;90;0;320;2;;;0;60;;;;;;600;0;0;N;16/6/2026 22:15;6;;D;99,86;224500;59464;6;CBN8;N;8;51;;;;1,4;0;;;;3,81;43;37;108;0;0;0;0;0;0;0
16/6/2026 00:00;6;2026061636;7076;3;3912,8333;3912,8333;;12,1;9,8;;;;;;;5,3;21;;14401;;12;;;;;;;18;24;;21;23;1;1;1;1;1;1;224480,2139;100;;;0;;;;;;;;;;;2700;;10,2;;;;;0;0;0;546;8;0;0;0;0;1;0;0;0;0;3;3;0;0;1;;0;0;0;0;0;0;0;193,6667;0;11,5879;0,25;;11,6909;-0,0921;;;0,36;1,91;1,91;0;19,0476;6;963;957;963;0;835;835;0;68;13;397;397;0;4,2748;1,7;85;0;;0;0;;;;11,32;5;153;0;112;0;90;0;320;2;;;0;60;;;;;;600;0;2;N;17/6/2026 02:15;203;;D;99,86;224500;59465;7;CBN8;N;13;68;1;16489;;1,4;3;;;;3,84;46;37;112;0;0;0;0;0;0;0
17/6/2026 00:00;1;2026061711;7076;3;3913;3913;;12,1;9,8;;;;;;;5,3;13;;14399;;14;;;;-2699;;;18;24;;21;23;1;1;1;1;1;1;224474,8315;100;;;0;;;;;;;;;;;2700;1;10,2;;;;;0;0;1;533;8;0;0;0;0;1;0;0;0;0;2;1;0;0;0;;0;0;0;0;0;0;0;164;0;12,1385;0,25;;12,2547;-0,09;;;0,36;1,91;;0;12,758;5;;957;963;0;;835;0;;;;397;0;4,4013;;85;0;;0;1;;;;11,32;6;153;0;112;0;90;0;320;2;;;0;60;;;;;;600;0;2;N;17/6/2026 06:15;203;;D;99,86;224500;59466;0;CBN8;N;13;68;1;16489;;1,4;3;;;;4,23;46;37;112;0;0;0;0;0;0;0
17/6/2026 00:00;2;2026061712;7076;3;3913,1667;3913,1667;;12,1;9,8;;;;;;;5,3;14;;14400;;11;;;;;;;18;24;;21;23;1;1;1;1;1;1;224472,8087;100;;;0;;;;;;;;;;;2700;;10,2;;;;;1;1;0;601;7;0;0;0;0;1;0;0;0;0;3;2;0;0;0;;0;0;0;0;0;0;0;247;0;12,104;0,25;;12,181;-0,0881;;;0,36;1,91;;0;14,6423;5;;957;963;0;872;872;0;39;12;407;407;0;4,3848;;85;0;;0;1;;;;11,32;6;153;0;112;0;90;1;320;2;;;0;60;;;;;;600;0;2;N;17/6/2026 10:15;94;;D;99,86;224500;59467;1;CBN8;N;12;39;1;16490;;1,4;3;;;;4,18;47;37;109;0;0;0;0;0;0;0
17/6/2026 00:00;3;2026061723;7076;3;3913,3333;3913,3333;;12,1;9,8;;;;;;;5,3;8;;14400;;;;;;;;;18;24;;21;23;1;1;1;1;1;1;224473,5658;100;;;0;;;;;;;;;;;2700;;10,2;;;;;0;0;0;530;9;0;0;0;0;0;0;0;0;0;4;4;0;0;0;;0;0;0;0;0;0;0;185,75;0;11,9328;0,25;;12,0197;-0,09;;;0,36;1,91;;0;29,6226;5;;957;963;0;859;859;0;69;18;398;398;0;4,3486;;81;0;;0;1;;;;11,32;3;153;0;112;0;90;0;320;2;;;0;60;;;;;;600;0;2;N;17/6/2026 14:15;-55;;D;99,85;224500;59468;2;CBN8;N;18;69;1;16490;;1,4;3;;;;4,07;45;37;108;0;0;0;0;0;0;0
17/6/2026 00:00;4;2026061724;7076;3;3913,5;3913,5;;12,1;9,8;;;;;;;5,3;26;;14401;;;;;;;;;18;24;;21;23;1;1;1;1;1;1;224470,4264;100;;;0;;;;;;;;;;;2700;;10,2;;;;;1;0;0;568;8;0;0;0;0;0;0;0;0;0;3;2;0;1;0;;0;0;0;0;0;0;0;163;0;11,7635;0,25;;11,8153;-0,09;;;0,36;1,91;;0;30,1056;5;;957;963;0;;859;0;;;;398;0;4,3027;;100;0;;0;1;;;;11,32;10;153;0;112;0;90;1;320;2;;;0;60;;;;;;600;0;2;N;17/6/2026 18:15;-55;;D;99,85;224500;59469;3;CBN8;N;18;69;1;16491;;1,4;3;;;;3,94;45;37;108;0;0;0;0;0;0;0
17/6/2026 00:00;5;2026061735;7076;3;3913,6667;3913,6667;;12,1;9,8;;;;;;;5,3;8;;14399;;;;;;;;;18;24;;21;23;1;1;1;1;1;1;224472,8049;100;;;0;;;;;;;;;;2700;2700;;10,2;;;;;0;0;0;502;9;0;0;0;0;0;0;0;0;0;4;4;0;1;0;;0;0;0;0;0;0;0;170;0;11,6137;0,25;;11,6606;-0,09;;;0,36;1,91;;0;39,243;5;;957;963;0;921;921;0;72;12;410;410;0;4,2679;;100;0;;0;1;;;;11,32;6;153;0;112;0;90;0;320;2;;;0;60;;;;;;600;0;2;N;17/6/2026 22:15;214;;D;99,85;224500;59470;4;CBN8;N;12;72;;;;1,4;3;;;;3,83;46;36;109;0;0;0;0;0;0;0
17/6/2026 00:00;6;2026061736;7076;3;3913,8333;3913,8333;;12,1;9,8;;;;;;;5,3;12;;14399;;;;;;;;;18;24;;21;23;1;1;1;1;1;1;224479,2512;100;;;0;;;;;;;;;;;;2720;10,2;;;;;0;0;0;600;9;0;0;0;0;0;0;0;0;0;3;3;0;0;0;;0;0;0;0;0;0;0;203;0;11,59;0,25;;11,6724;-0,09;;;0,36;1,91;;0;18,6667;5;;957;963;0;;921;0;;;;410;0;4,2706;;108;0;;0;0;;;;11,32;6;153;0;112;0;90;1;320;2;;;0;60;;;;;;;0;2;N;18/6/2026 02:15;214;;D;99,85;224500;59471;5;CBN8;N;12;72;1;16492;;1,4;3;2720;;3;3,84;46;36;109;0;0;0;0;0;0;0
18/6/2026 00:00;1;2026061811;7076;3;3914;3914;;12,1;9,8;;;;;;;5,3;21;;14400;26;;;;;;;19;18;19;23;21;23;1;1;1;1;1;1;224474,1039;100;;;4,7639;;600;600;;;;;;;;2700;;10,2;;;;;0;0;0;512;7;0;0;0;1;0;0;0;0;0;2;2;0;1;0;;0;0;0;0;0;0;0;156;0;11,7239;0,25;;11,7811;0,0439;;;0,36;1,91;;0;31,8359;5;950;957;950;0;;921;0;;;;410;0;4,295;;69;0;;0;1;;;;11,32;5;153;0;112;0;90;1;320;2;;;0;60;;;;;;300;0;2;N;18/6/2026 06:15;214;;D;99,85;224500;59472;6;CBN8;N;12;72;1;16492;;1,4;3;;;;3,84;46;36;109;0;0;0;0;0;0;0
18/6/2026 00:00;2;2026061812;7076;3;3914,1667;3914,1667;;12,1;9,8;;;;;;;5,3;8;;14399;;13;;;;;;;18;19;;21;23;1;1;1;1;1;1;224470,3084;100;;;0;;;;;;;;;;;2700;;10,2;;;;;0;0;0;526;7;0;0;0;0;1;0;0;0;0;3;3;0;0;1;;0;0;0;0;0;0;0;200,6667;0;11,87;0,25;;11,9653;0,19;;;0,36;1,91;;0;24,9049;5;;957;950;0;1304;1304;0;145;12;494;494;0;4,3364;1,1;69;0;;0;1;;;;11,32;2;153;0;112;0;90;1;320;2;;;0;60;;;;;;;0;2;N;18/6/2026 10:15;793;;D;99,8;224500;59473;7;CBN8;N;12;145;1;16493;;1,4;4;;;;3,96;49;36;121;0;0;0;0;0;0;0
18/6/2026 00:00;3;2026061823;7076;3;3914,3333;3914,3333;;12,1;9,8;;;;;;;5,3;19;;14401;;;;;;;;;18;19;;21;23;1;1;1;1;1;1;224472,9217;100;;;0;;;;;;;;;;;2700;;10,2;;;;;0;0;0;619;8;0;0;0;0;0;0;0;0;0;2;2;0;0;0;;0;0;0;0;0;0;0;173,5;0;11,9917;0,25;;12,0767;0,19;;;0,36;1,91;;0;19,5477;5;;957;950;0;;1304;0;;;;494;0;4,3614;;90;0;;0;1;;;;11,32;10;153;0;112;0;90;0;320;2;;;0;60;;;;;;;0;2;N;18/6/2026 14:15;793;;D;99,8;224500;59474;8;CBN8;N;12;145;1;16493;;1,4;4;;;;4,04;49;36;121;0;0;0;0;0;0;0
18/6/2026 00:00;4;2026061824;7076;3;3914,5;3914,5;;12,1;9,8;;;;;;;5,3;6;;14399;;34;;;;;;;18;19;;21;23;1;1;1;1;1;1;224472,0517;100;;;0;;;;;;;;;;;2700;;10,2;;;;;5;1;1;405;4;0;0;0;0;2;0;0;0;0;0;0;0;0;0;;0;0;0;0;0;0;0;;0;12,4917;0,25;;12,5621;0,19;;;0,36;1,91;;0;17,037;5;;957;950;31,2522;1638;1638;0;97;13;433;433;0;4,4704;;120;0;;0;1;;;;11,32;3;153;0;112;0;90;0;320;2;;;0;60;;;;;;;0;2;N;18/6/2026 18:15;2120;;D;99,78;224500;59475;0;CBN8;N;13;97;1;16494;;1,4;3;;;;4,36;45;34;110;0;0;0;0;0;0;0
18/6/2026 00:00;5;2026061835;7076;3;3914,6667;3914,6667;;12,1;9,8;;;;;;;5,3;15;;14400;;19;;;;;;;18;19;;21;23;1;1;1;1;1;1;224472,2145;100;;;2,5208;;;;;;;;;;;2700;;10,2;;;;;2;0;0;516;7;0;0;0;0;1;0;0;0;0;1;1;0;3;0;;1;0;0;0;0;0;0;146;0;12,3183;0,25;;12,4173;0,19;;;0,36;1,91;;0;33,1395;5;;957;950;6,25;1853;1853;0;76;16;437;437;0;4,4378;;125;1;;0;1;;;;11,32;8;153;0;112;0;90;1;320;2;;;0;60;;;;;;;0;2;N;18/6/2026 22:15;1308;;D;99,75;224500;59476;1;CBN8;N;16;76;;;;1,4;3;;;;4,26;45;34;109;0;0;0;0;0;0;0
18/6/2026 00:00;6;2026061836;7076;3;3914,8333;3914,8333;;12,1;9,8;;;;;;;5,3;12;;14400;;;;;;;;;18;19;;21;23;1;1;1;1;1;1;224475,3907;100;;;0,4792;;;;;;;;;;;2700;;10,2;;;;;0;0;0;567;8;0;0;0;0;0;0;0;1;0;3;3;0;0;0;;0;0;0;0;0;0;0;170,6667;0;12,1491;0,25;;12,2314;0,19;;;0,36;1,91;;0;29,6296;5;;957;950;0;1940;1940;0;84;13;439;439;0;4,3961;;72;0;;0;0;;;;11,32;5;153;0;112;0;90;1;320;2;;;0;60;;;;;;;0;2;N;19/6/2026 02:15;755;;D;99,75;224500;59477;2;CBN8;N;13;84;1;16495;;1,4;3;;;;4,14;47;35;113;0;0;0;0;0;0;0
19/6/2026 00:00;1;2026061911;7076;3;3915;3915;;12,1;9,8;;;;;;;5,3;4;;14399;;;;;;0;0;;18;19;;21;23;1;1;1;1;1;1;224476,7243;100;;;0;;;;;;;;;2700;2720;2700;2700;10,2;;;;;0;0;0;512;7;0;0;0;0;0;0;0;0;0;4;4;0;1;0;;0;0;0;0;0;0;0;138,25;0;11,9777;0,25;;12,069;0,19;;;0,36;1,91;;0;33,7891;5;;957;950;0;;1940;0;;;;439;0;4,3597;;73;0;;0;1;;;;11,32;1;153;0;112;0;90;0;320;2;;;0;60;;;;;;;0;2;N;19/6/2026 06:15;755;;D;99,75;224500;59478;3;CBN8;N;13;84;1;16495;;1,4;3;2720;;3;4,03;47;35;113;0;0;0;0;0;0;0
19/6/2026 00:00;2;2026061912;7076;3;3915,1667;3915,1667;;12,1;9,8;;;;;;;5,3;7;;14400;13;;;;;;;;18;19;;21;23;1;1;1;1;1;1;224478,8845;100;;;0;;;;;;;;;;;;;10,2;;;;;0;0;0;539;7;0;0;0;1;0;0;0;0;0;3;3;0;0;0;;0;0;0;0;0;0;0;188;0;11,8711;0,25;;11,9222;0,19;;;0,36;1,91;;0;20,2226;5;;957;950;0;;1940;0;;;;439;0;4,3267;;81;0;;0;1;;;;11,32;3;153;0;112;0;90;0;320;2;;;0;60;;;;;;;0;2;N;19/6/2026 10:15;755;;D;99,75;224500;59479;4;CBN8;N;13;84;1;16496;;1,4;3;;;;3,93;47;35;113;0;0;0;0;0;0;0
19/6/2026 00:00;3;2026061923;7076;3;3915,3333;3915,3333;13,7;12,1;13,7;;;;;;5,5;5,5;23;;14400;;;;;;;;19;18;19;23;21;23;1;1;1;1;1;1;224480,8571;100;;;0;;;;;;;;;;;2700;;10,2;;;;;0;0;0;576;9;0;0;0;0;0;0;0;0;0;4;4;0;0;0;;0;0;0;0;0;0;0;209;0;11,847;0,25;;11,9128;0,167;;;0,36;1,91;;0;27,4306;5;951;957;951;0;2231;2231;0;50;16;429;429;0;4,3246;;68;0;;0;1;;;;11,32;8;153;0;112;0;90;1;320;2;;;0;60;;;;;;300;0;2;N;19/6/2026 14:15;561;;D;99,72;224500;59480;5;CBN8;N;16;50;1;16496;;1,4;3;;;;3,93;46;34;110;0;0;0;0;0;0;0
19/6/2026 00:00;4;2026061924;7076;3;3915,5;3915,5;;12,1;13,7;;;;;;;5,5;7;;14400;;17;;;;;;;18;19;;21;23;1;1;1;1;1;1;224475,6372;100;;;0;;;;;;;;;;;2700;;10,2;;;;;0;0;0;498;6;0;0;0;0;1;0;0;0;0;2;2;0;0;1;;0;0;0;0;0;0;0;139,5;0;11,81;0,25;;11,895;0,13;;;0,36;1,91;;0;28,3133;5;;957;951;0;2440;2440;0;117;16;447;447;0;4,3206;1,6;68;0;;0;1;;;;11,32;3;153;0;112;0;90;0;320;2;;;0;60;;;;;;300;0;2;N;19/6/2026 18:15;1111;;D;99,7;224500;59481;6;CBN8;N;16;117;1;16497;;1,4;3;;;;3,92;47;33;113;0;0;0;0;0;0;0
19/6/2026 00:00;5;2026061935;7076;3;3915,6667;3915,6667;;12,1;13,7;;;;;;;5,5;8;;14399;;;;;;;;;18;19;;21;23;1;1;1;1;1;1;224476,9936;100;;;0;;;;;;;;;;;2700;;10,2;;;;;0;0;1;527;7;0;0;0;0;0;0;0;0;0;2;2;0;0;0;;0;0;0;0;0;0;0;175;0;12,0617;0,25;;12,1136;0,13;;;0,36;1,91;;0;16,888;12;;957;951;0;2529;2529;0;90;15;447;447;0;4,3697;;113;0;;0;1;;;;11,32;7;153;0;112;0;90;0;320;2;;;0;60;;;;;;300;0;2;N;19/6/2026 22:15;420;;D;99,69;224500;59482;0;CBN8;N;15;90;;;;1,4;3;;;;3,9;47;34;115;0;0;0;0;0;0;0
19/6/2026 00:00;6;2026061936;7076;3;3915,8333;3915,8333;;12,1;13,7;;;;;;;5,5;11;;14401;;27,5;;;;;;;18;19;;21;23;1;1;1;1;1;1;224475,1406;100;;;0;;;;;;;;;;;2700;;10,2;;;;;0;0;0;556;4;0;0;0;0;2;0;0;0;0;1;1;0;0;0;;0;0;0;0;0;0;0;192;0;12,399;0,25;;12,5461;0,13;;;0,36;1,91;;0;11,8705;12;;957;951;0;2585;2585;0;42;18;455;455;0;4,4668;;81;0;;0;0;;;;11,32;7;153;0;112;0;90;1;320;2;;;0;60;;;;;;300;0;2;N;20/6/2026 02:15;739;;D;99,68;224500;59483;1;CBN8;N;18;42;1;16498;;1,4;3;;;;4,17;49;34;117;0;0;0;0;0;0;0
20/6/2026 00:00;1;2026062011;7076;3;3916;3916;;12,1;13,7;;;;;;;5,5;22;;14399;;;;;;;;;18;19;;21;23;1;1;1;1;1;1;224475,3821;100;;;0;;;;;;;;;;;2700;;10,2;;;;;10;6;0;701;5;0;0;0;0;0;0;0;0;0;3;3;0;0;0;;0;0;0;0;0;0;0;170,3333;0;12,2672;0,25;;12,5131;0,13;;;0,36;1,91;;0;16,1198;12;;957;951;15,8483;2808;2808;5,4309;93;18;456;456;0;4,4594;;147;0;;0;1;;;;11,32;21;153;0;112;0;90;3;320;2;;;0;60;;;;;;300;0;2;N;20/6/2026 06:15;1061;;D;99,65;224500;59484;2;CBN8;N;18;93;1;16498;;1,4;3;;;;4,15;47;34;115;0,0557;0;0;0;0;0;0
20/6/2026 00:00;2;2026062012;7076;3;3916,1667;3916,1667;;12,1;13,7;;;;;;;5,5;18;;14399;;36;;;;;;;18;19;;21;23;1;1;1;1;1;1;224476,3942;100;;;0;;;;;;;;;;;2700;;10,2;;;;;6;2;0;419;5;0;0;0;0;1;0;0;0;1;0;0;0;2;0;;1;0;0;0;0;0;0;;0;12,3388;0,25;;12,3125;0,13;;;0,36;1,91;;0;34,1289;12;;957;951;59,1638;2914;2914;59,1638;39;14;458;458;0;4,4143;;120;0;;0;1;;;;11,32;17;153;0;112;0;90;0;320;2;;;0;60;;;;;;300;0;2;N;20/6/2026 10:15;525;;D;99,65;224500;59485;3;CBN8;N;14;39;1;16499;;1,4;4;;;;4,02;49;34;117;0,2673;0;0;0;0;0;0
20/6/2026 00:00;3;2026062023;7076;3;3916,3333;3916,3333;;12,1;13,7;;;;;;;5,5;19;;14402;;;;;;0;0;;18;19;;21;23;1;1;1;1;1;1;224478,6637;100;;;0,0417;;;;;;;;;2700;2700;2700;2700;10,2;;;;;0;0;0;500;6;0;0;0;0;0;0;0;0;0;3;3;0;0;0;;0;0;0;0;0;0;0;129,3333;0;11,885;0,25;;11,9369;0,13;;;0,36;1,91;;0;37,4;12;;957;951;0;2887;2887;0;27;15;466;466;0;4,33;;85;0;;0;1;;;;11,32;8;153;0;112;0;90;0;320;2;;;0;60;;;;;;300;0;2;N;20/6/2026 14:15;-159;;D;99,64;224500;59486;4;CBN8;N;15;27;1;16499;;1,4;4;3400;;11;3,78;50;34;120;0;0;0;0;0;0;0
20/6/2026 00:00;4;2026062024;7076;3;3916,5;3916,5;;12,1;13,7;;;;;;;5,5;26;;14399;;;;;;;;;18;19;;21;23;1;1;1;1;1;1;224479,5777;100;;;0,9722;;300;300;;;;;;;;;;10,2;;;;;4;3;0;627;5;0;0;0;0;0;0;0;0;0;2;2;0;0;0;;0;0;0;0;0;0;0;129,5;0;11,81;0,25;;11,9591;0,13;;;0,36;1,91;;0;26,1563;12;;957;951;10,4174;;2887;0;;;;466;0;4,335;;91;0;;0;1;;;;11,32;17;153;0;112;0;90;2;320;2;;;0;60;;;;;;;0;2;N;20/6/2026 18:15;-159;;D;99,64;224500;59487;5;CBN8;N;15;27;1;16500;;1,4;4;;;;3,8;50;34;120;0;0;0;0;0;0;0
20/6/2026 00:00;5;2026062035;7076;3;3916,6667;3916,6667;;12,1;13,7;;;;;;;5,5;11;;14400;40;;;;;;;18;18;18;21;21;21;1;1;1;1;1;1;224478,9207;100;;;0;;;;;;;;;;;2300;;10,2;;;;;0;0;0;435;6;0;0;0;1;0;0;0;0;0;2;2;0;0;0;;0;0;0;0;0;0;0;120,5;0;11,787;0,25;;11,7057;0,107;;;0,36;1,91;;0;34,7126;12;955;957;955;0;2698;2698;0;84;18;452;452;0;4,2781;;65;0;;0;1;;;;11,32;5;153;0;112;0;90;0;320;2;;;0;60;;;;;;;0;2;N;20/6/2026 22:15;-587;;D;99,66;224500;59488;6;CBN8;N;18;84;;;;1,4;4;;;;3,66;48;33;119;0;0;0;0;0;0;0
20/6/2026 00:00;6;2026062036;7076;3;3916,8333;3916,8333;;12,1;13,7;;;;;;;5,5;18;;14399;;18;;;;;;;18;18;;21;21;1;1;1;1;1;1;224479,6833;100;;;0;;;;;;;;;;;2300;;10,2;;;;;0;0;0;495;5;0;0;0;0;1;0;0;0;0;2;2;0;0;1;;0;0;0;0;0;0;0;135;0;11,72;0,25;;11,7898;0,04;;;0,36;1,91;;0;30,9091;12;;957;955;0;2865;2865;0;60;20;462;462;0;4,297;0,9;56;0;;0;0;;;;11,32;7;153;0;112;0;90;0;320;2;;;0;60;;;;;;;0;0;N;21/6/2026 02:15;1718;;D;99,64;224500;59489;7;CBN8;N;20;60;1;16501;;1,4;4;;;;3,71;48;33;118;0;0;0;0;0;0;0
21/6/2026 00:00;1;2026062111;7076;3;3917;3917;;12,1;13,7;;;;;;;5,5;7;;14400;;;;;;;;;18;18;;21;21;1;1;1;1;1;1;224479,1609;100;;;0;;;;;;;;;;;2300;;10,2;;;;;0;0;0;564;6;0;0;0;0;0;0;0;0;0;3;3;0;0;0;;0;0;0;0;0;0;0;121,6667;0;11,8838;0,25;;11,945;0,04;;;0,36;1,91;;0;22,695;12;;957;955;0;2829;2829;0;72;13;456;456;0;4,3318;;102;0;;0;1;;;;11,32;3;153;0;112;0;90;0;320;2;;;0;60;;;;;;;0;0;N;21/6/2026 06:15;-231;;D;99,65;224500;59490;8;CBN8;N;13;72;1;16501;;1,4;1;;;;3,81;48;33;122;0;0;0;0;0;0;0
21/6/2026 00:00;2;2026062112;7076;3;3917,1667;3917,1667;;12,1;13,7;;;;;;;5,5;42;;14400;;;;;;;;;18;18;;21;21;1;1;1;1;1;1;224477,3441;100;;;3,6667;;;;;;;;;;;2300;;10,2;;;;;40;37;1;494;4;0;0;0;0;0;0;0;0;0;0;0;0;0;0;;0;0;0;0;0;0;0;;0;12,7121;0,25;;12,667;0,04;;;0,36;1,91;;0;0;12;;957;955;86,0556;2975;2975;86,0556;53;20;473;473;0;4,4939;;341;0;;0;1;;;;11,32;37;153;0;112;0;90;0;320;2;;;0;60;;;;;;;0;0;N;21/6/2026 10:15;590;;D;99,63;224500;59491;0;CBN8;N;20;53;1;16502;;1,4;4;;;;4,27;48;33;119;0,3871;0;0;0;0;0;0
21/6/2026 00:00;3;2026062123;7076;3;3917,3333;3917,3333;;12,1;13,7;;;;;;;5,5;4;;14400;;;;;;;;;18;18;;21;21;1;1;1;1;1;1;224475,7014;100;;;2,0833;;;;;;;;;;;2300;;10,2;;;;;48;48;0;514;6;0;0;0;0;0;0;0;0;0;0;0;0;0;0;;0;0;0;0;0;0;0;;0;12,9092;0,25;;12,8955;0,04;;;0,36;1,91;;0;0;12;;957;955;99,5556;2791;2791;99,5556;48;15;458;458;0;4,5452;;419;0;;0;1;;;;11,32;4;153;0;112;0;90;0;320;2;;;0;60;;;;;;;0;0;N;21/6/2026 14:15;-2465;;D;99,66;224500;59492;1;CBN8;N;15;48;1;16502;;1,4;3;;;;4,42;49;33;118;0,7344;0;0;0;0;0;0
21/6/2026 00:00;4;2026062124;7076;3;3917,5;3917,5;;12,1;13,7;;;;;;;5,5;8;;14401;;;;;;;;;18;18;;21;21;1;1;1;1;1;1;224479,2917;100;;;1,8333;;;;;;;;;;;2300;;10,2;;;;;0;0;0;384;6;0;0;0;0;0;0;0;1;0;0;0;0;1;0;;1;0;0;0;0;0;0;;0;11,9846;0,25;;12,077;0,04;;;0,36;1,91;;0;92,7083;12;;957;955;0;;2791;0;;;;458;0;4,3615;;83;0;;0;1;;;;11,32;3;153;0;112;0;90;0;320;2;;;0;60;;;;;;;0;0;N;21/6/2026 18:15;-2465;;D;99,66;224500;59493;2;CBN8;N;15;48;1;16503;;1,4;3;;;;3,89;49;33;118;0;0;0;0;0;0;0
21/6/2026 00:00;5;2026062135;7076;3;3917,6667;3917,6667;;12,1;13,7;;;;;;;5,5;4;;14397;;;;;;0;-140;;18;18;;21;21;1;1;1;1;1;1;224480,9044;100;;;0;;;;;;;;;2160;2160;2300;2300;10,2;;;;;0;0;0;385;5;0;0;0;0;0;0;0;0;0;0;0;0;1;0;;1;0;0;0;0;0;0;;0;11,8113;0,25;;11,8639;0,04;;;0,36;1,91;;0;91,6883;12;;957;955;0;2928;2928;0;55;17;483;483;0;4,3136;;64;0;;0;1;;;;11,32;2;153;0;112;0;90;0;320;2;;;0;60;;;;;;;0;0;N;21/6/2026 22:15;324;;D;99,64;224500;59494;3;CBN8;N;17;55;;;;1,4;4;2660;;11;3,76;49;36;120;0;0;0;0;0;0;0
21/6/2026 00:00;6;2026062136;7076;3;3917,8333;3917,8333;;12,1;13,7;;;;;;;5,5;5;;14401;11;;;;;;;;18;18;;21;21;1;1;1;1;1;1;224483,1169;100;;;0;;;;;;;;;;;;;10,2;;;;;0;0;0;487;6;0;0;0;1;0;0;0;0;0;2;2;0;2;0;;0;0;0;0;0;0;0;123;0;11,72;0,25;;11,7716;0,04;;;0,36;1,91;;0;37,9877;12;;957;955;0;2852;2852;0;57;16;480;480;0;4,2929;;60;0;;0;0;;;;11,32;4;153;0;112;0;90;0;320;2;;;0;60;;;;;;;0;0;N;22/6/2026 02:15;-622;;D;99,64;224500;59495;4;CBN8;N;16;57;1;16504;;1,4;4;;;;3,7;46;35;116;0;0;0;0;0;0;0
22/6/2026 00:00;1;2026062211;7076;3;3918;3918;9,3;12,1;9,3;;;;;;5,5;5,5;6;;14399;;;;;;;;17;18;17;22;21;22;1;1;1;1;1;1;224474,7882;100;;;0;;;;;;;;;;;2300;;10,2;;;;;0;0;0;506;6;0;0;0;0;0;0;0;0;0;4;4;0;0;0;;0;0;0;0;0;0;0;124,75;0;11,675;0,25;;11,6951;-0,005;;;0,36;1,91;;0;38,1423;12;968;957;968;0;2709;2709;0;50;21;471;471;0;4,2757;;62;0;;0;1;;;;11,32;2;153;0;112;0;90;0;320;2;;;0;60;;;;;;;0;0;N;22/6/2026 06:15;-610;;D;99,66;224500;59496;5;CBN8;N;21;50;1;16504;;1,4;4;;;;3,71;46;36;114;0;0;0;0;0;0;0
22/6/2026 00:00;2;2026062212;7076;3;3918,1667;3918,1667;;12,1;9,3;;;;;;;5,5;0;;14399;;12;;;;;;;18;17;;21;22;1;1;1;1;1;1;224477,5439;100;;;0;;;;;;;;;;;2300;;10,2;180;;;;0;0;0;519;6;0;0;0;0;1;0;0;0;0;2;2;0;0;1;;0;0;0;0;0;0;0;152,5;0;11,48;0,25;;11,5529;-0,2;;;0,36;1,91;;0;25,2408;12;;957;968;0;2845;2845;0;65;16;480;480;0;4,2438;1,6;64;0;;0;1;;;;11,32;0;153;0;112;0;90;0;320;2;;;0;60;;;;;;;0;1;N;22/6/2026 10:15;1069;;D;99,65;224500;59497;6;CBN8;N;16;65;1;16505;;1,4;4;;;;3,62;47;36;115;0;0;0;0;0;0;0
22/6/2026 00:00;3;2026062223;7076;3;3918,3333;3918,3333;;12,1;9,3;;;;;;;5,5;6;;14401;;;;;;;;;18;17;;21;22;1;1;1;1;1;1;223616,1272;100;;;0;;;;;;;;;;;2300;;10,2;;;;;0;0;0;501;8;0;0;0;0;0;0;0;0;0;3;2;0;1;0;;0;0;0;0;0;0;0;138,5;0;11,48;0,25;;11,5326;-0,2;;;0,36;1,91;;0;39,1218;8;;957;968;0;;2845;0;;;;480;0;4,2293;;62;0;;0;1;;;;11,32;2;153;0;112;0;90;0;320;2;;;0;60;;;;;;;0;1;N;22/6/2026 14:15;34;;D;99,64;224500;59498;7;CBN8;N;15;53;1;16505;;1,4;4;;;;3,8;46;35;115;0;0;0;0;0;0;0
22/6/2026 00:00;4;2026062224;7076;3;3918,5;3918,5;;12,1;9,3;;;;;;;5,5;11;;14400;;39;;;;;;;18;17;;21;22;1;1;1;1;1;1;224977,6064;100;;;0;;;;;;;;;;;2300;;10,2;;;;;0;0;1;486;8;0;0;0;0;1;0;0;0;0;1;1;0;0;0;;0;0;0;0;0;0;0;128;0;12,0296;0,25;;12,0777;-0,2;;;0,36;1,91;;0;9,465;8;;957;968;0;2853;2853;0;53;15;483;483;0;4,3677;;77;0;;0;1;;;;11,32;7;153;0;112;0;90;0;320;2;;;0;60;;;;;;;0;1;N;22/6/2026 18:15;34;;D;99,64;224500;59499;0;CBN8;N;15;53;1;16506;;1,4;4;;;;4,16;46;35;115;0;0;0;0;0;0;0
22/6/2026 00:00;5;2026062235;7076;3;3918,6667;3918,6667;;12,1;9,3;;;;;;;5,5;3;;14400;;;;;;;;;18;17;;21;22;1;1;1;1;1;1;224786,9487;100;;;0;;;;;;;;;;;2300;;10,2;;;;;0;0;0;461;9;0;0;0;0;0;0;0;0;0;3;3;0;2;0;;0;0;0;0;0;0;0;118,3333;0;11,9922;0,25;;12,0646;-0,2;;;0,36;1,91;;0;56,1822;8;;957;968;0;2830;2830;0;52;17;493;493;0;4,3624;;67;0;;0;1;;;;11,32;2;153;0;112;0;90;1;320;2;;;0;60;;;;;;;0;1;N;22/6/2026 22:15;-83;;D;99,65;224500;59500;1;CBN8;N;17;52;;;;1,4;4;;;;4,16;45;35;113;0;0;0;0;0;0;0
22/6/2026 00:00;6;2026062236;7076;3;3918,8333;3918,8333;;12,1;9,3;;;;;;;5,5;14;;14399;;;;;;;;;18;17;;21;22;1;1;1;1;1;1;224474,9618;100;;;0;;;;;;;;;;;2300;;10,2;;;;;0;0;0;556;10;0;0;0;0;0;0;0;0;0;2;2;0;1;0;;0;0;0;0;0;0;0;127;0;11,821;0,25;;11,8925;-0,2;;;0,36;1,91;;0;33,6331;8;;957;968;0;2701;2701;0;59;16;478;478;0;4,32;;68;0;;0;0;;;;11,32;5;153;0;112;0;90;0;320;2;;;0;60;;;;;;;0;1;N;23/6/2026 02:15;-1676;;D;99,66;224500;59501;2;CBN8;N;16;59;1;16507;;1,4;3;;;;4,04;45;35;111;0;0;0;0;0;0;0
23/6/2026 00:00;1;2026062311;7076;3;3919;3919;;12,1;9,3;;;;;;;5,5;10;;14399;;;;;;20;70;;18;17;;21;22;1;1;1;1;1;1;224474,1803;100;;;0;;;;;;;;;2390;2390;2300;2320;10,2;;;;;0;0;0;456;10;0;0;0;0;0;0;0;0;0;3;3;0;4;0;;0;0;0;0;0;0;0;122;0;11,6498;0,25;;11,7176;-0,2;;;0,36;1,91;;0;57,4561;8;;957;968;0;;2701;0;;;;478;0;4,2808;;64;0;;0;1;;;;11,32;7;153;0;112;0;90;0;320;2;;;0;60;;;;;;;0;1;N;23/6/2026 06:15;-240;;D;99,67;224500;59502;3;CBN8;N;17;60;1;16507;;1,4;4;2520;;11;3,92;47;35;116;0;0;0;0;0;0;0
23/6/2026 00:00;2;2026062312;7076;3;3919,1667;3919,1667;;12,1;9,3;;;;;;;5,5;3;;14401;11;;;;;;;;17;17;;21;22;1;1;1;1;1;1;224474,5347;100;;;0;;;;;;;;;;;;;10,2;;;;;0;0;0;522;9;0;0;0;1;0;0;0;0;0;2;2;0;1;0;;0;0;0;0;0;0;0;125;0;11,5008;0,25;;11,5816;-0,2;;;0,36;1,91;;0;26,0536;8;;957;968;0;2827;2827;0;76;20;493;493;0;4,2502;;73;0;;0;1;;;;11,32;3;153;0;112;0;90;0;320;2;;;0;60;;;;;;;0;1;N;23/6/2026 10:15;1640;;D;99,64;224500;59503;4;CBN8;N;20;76;1;16508;;1,4;4;;;;3,83;50;37;121;0;0;0;0;0;0;0
23/6/2026 00:00;3;2026062323;7076;3;3919,3333;3919,3333;;12,1;9,3;;;;;;;5,5;8;;14399;;;;;;;;18;17;18;21;21;21;1;1;1;1;1;1;224475,5088;100;;;0;;;;;;;;;;;2300;;10,2;;;;;0;0;0;573;10;0;0;0;0;0;0;0;0;0;3;2;0;0;0;;0;0;0;0;0;0;0;167;0;11,497;0,25;;11,5513;-0,183;;;0,36;1,91;;0;28,4468;8;965;957;965;0;2732;2732;0;63;16;487;487;0;4,2434;;70;0;;0;1;;;;11,32;4;153;0;112;0;90;1;320;2;;;0;60;;;;;;300;0;1;N;23/6/2026 14:15;-620;;D;99,66;224500;59504;5;CBN8;N;16;63;1;16508;;1,4;4;;;;3,79;49;35;120;0;0;0;0;0;0;0
23/6/2026 00:00;4;2026062324;7076;3;3919,5;3919,5;;12,1;9,3;;;;;;;5,5;3;;14401;;18;;;;;;;17;18;;21;21;1;1;1;1;1;1;224475,2813;100;;;0;;;;;;;;;;;2300;;10,2;;;;;0;0;0;484;7;0;0;0;0;1;0;0;0;0;3;3;0;1;1;;0;0;0;0;0;0;0;146;0;11,5643;0,25;;11,6364;-0,12;;;0,3643;1,95;1,95;0;34,7107;8;;957;965;0;;2732;0;;;;487;0;4,2625;;73;0;;0;1;;;;11,32;2;153;0;112;0;90;0;320;2;;;0;60;;;;;;300;0;0;N;23/6/2026 18:15;-620;;D;99,66;224500;59505;6;CBN8;N;16;63;1;16509;;1,4;4;;;;3,82;49;35;120;0;0;0;0;0;0;0
23/6/2026 00:00;5;2026062335;7076;3;3919,6667;3919,6667;;12,1;9,3;;;;;;;5,5;14;;14398;;;;;;;;;17;18;;21;21;1;1;1;1;1;1;224470,9045;100;;;0;;;;;;;;;;;2300;;10,2;;;;;0;0;1;550;9;0;0;0;0;0;0;0;0;0;2;2;0;0;0;;0;0;0;0;0;0;0;139,5;0;11,7881;0,25;;11,8271;-0,12;;;0,38;1,95;;0;20,1818;8;;957;965;0;2756;2756;0;62;21;496;496;0;4,3053;;78;0;;0;1;;;;11,32;9;153;0;112;0;90;0;320;2;;;0;60;;;;;;300;0;0;N;23/6/2026 22:15;-1253;;D;99,65;224500;59506;0;CBN8;N;21;62;;;;1,4;4;;;;3,95;49;35;121;0;0;0;0;0;0;0
23/6/2026 00:00;6;2026062336;7076;3;3919,8333;3919,8333;;12,1;9,3;;;;;;;5,5;1;;14401;;24,5;;;;;;;17;18;;21;21;1;1;1;1;1;1;224470,9583;100;;;0;;;;;;;;;;;2300;;10,2;;;;;0;0;0;441;5;0;0;0;0;2;0;0;0;0;1;1;0;0;0;;0;0;0;0;0;0;0;116;0;12,18;0,25;;12,2394;-0,12;;;0,38;1,95;;0;30,6122;8;;957;965;0;;2756;0;;;;496;0;4,3979;;61;0;;0;0;;;;11,32;1;153;0;112;0;90;0;320;2;;;0;60;;;;;;300;0;0;N;24/6/2026 02:15;-1253;;D;99,65;224500;59507;1;CBN8;N;21;62;1;16510;;1,4;4;;;;4,23;49;35;121;0;0;0;0;0;0;0
24/6/2026 00:00;1;2026062411;7076;3;3920;3920;;12,1;9,3;;;;;;;5,5;3;;14399;;;;;;;;;17;18;;21;21;1;1;1;1;1;1;224476,3631;100;;;0;;;;;;;;;;;2300;;10,2;;;;;0;0;0;519;9;0;0;0;0;0;0;0;0;0;3;3;0;1;0;;0;0;0;0;0;0;0;177;0;12,0064;0,25;;12,1208;-0,12;;;0,38;1,95;;0;33,526;8;;957;965;0;2702;2702;0;71;15;503;503;0;4,3713;;62;0;;0;1;;;;11,32;1;153;0;112;0;90;0;320;2;;;0;60;;;;;;300;0;0;N;24/6/2026 06:15;-174;;D;99,66;224500;59508;2;CBN8;N;15;71;1;16510;;1,4;4;;;;4,15;48;34;120;0;0;0;0;0;0;0
24/6/2026 00:00;2;2026062412;7076;3;3920,1667;3920,1667;;12,1;9,3;;;;;;;5,5;8;;14401;;;;;;;;;17;18;;21;21;1;1;1;1;1;1;224478,3025;100;;;0;;;;;;;;;;;2300;;10,2;;;;;0;0;0;480;9;0;0;0;0;0;0;0;0;0;3;3;0;3;0;;0;0;0;0;0;0;0;134,3333;0;11,8374;0,25;;11,9251;-0,12;;;0,38;1,95;;0;47,2917;8;;957;965;0;2709;2709;0;64;15;499;499;0;4,3273;;63;0;;0;1;;;;11,32;4;153;0;112;0;90;0;320;2;;;0;60;;;;;;300;0;0;N;24/6/2026 10:15;40;;D;99,65;224500;59509;3;CBN8;N;15;64;1;16511;;1,4;4;;;;4,02;50;34;122;0;0;0;0;0;0;0
24/6/2026 00:00;3;2026062423;7076;3;3920,3333;3920,3333;;12,1;9,3;;;;;;;5,5;3;;14400;;;;;;;;;17;18;;21;21;1;1;1;1;1;1;224476,6148;100;;;0;;;;;;;;;;2220;2300;;10,2;;;;;0;0;0;503;8;0;0;0;0;0;0;0;0;0;3;3;0;2;0;;0;0;0;0;0;0;0;128,3333;0;11,6674;0,25;;11,7451;-0,12;;;0,38;1,95;;0;39,3638;8;;957;965;0;2639;2639;0;66;15;495;495;0;4,2869;;66;0;;0;1;;;;11,32;2;153;0;112;0;90;0;320;2;;;0;60;;;;;;300;0;0;N;24/6/2026 14:15;-992;;D;99,67;224500;59510;4;CBN8;N;15;66;1;16511;;1,4;4;;;;3,89;49;34;120;0;0;0;0;0;0;0
24/6/2026 00:00;4;2026062424;7076;3;3920,5;3920,5;;12,1;9,3;;;;;;;5,5;3;;14399;;;;;;;;;17;18;;21;21;1;1;1;1;1;1;224466,3448;100;;;0;;;;;;;;;;;;2300;10,2;;;;;0;0;0;480;9;0;0;0;0;0;0;0;0;0;3;3;0;1;0;;0;0;0;0;0;0;0;134,3333;0;11,58;0,25;;11,6586;-0,1174;;;0,38;1,95;;0;45,625;8;;957;965;0;;2639;0;;;;495;0;4,2675;;67;0;;0;1;;;;11,32;1;153;0;112;0;90;0;320;2;;;0;60;;;;;;;0;0;N;24/6/2026 18:15;-992;;D;99,67;224500;59511;5;CBN8;N;15;66;1;16512;;1,4;4;2200;;8;3,83;49;34;120;0;0;0;0;0;0;0
24/6/2026 00:00;5;2026062435;7076;3;3920,6667;3920,6667;10,1;12,1;10,1;;;;;;5,5;5,5;0;;14399;14;;;;;;;19;17;19;21;21;21;1;1;1;1;1;1;224471,0773;100;;;0;;;;;;;;;;;2300;;10,2;;;;;0;0;0;528;7;0;0;0;1;0;0;0;0;0;3;3;0;0;0;;0;0;0;0;0;0;0;150;0;11,6094;0,25;;11,683;-0,0906;;;0,38;1,95;;0;23,4848;8;961;957;961;0;2606;2606;0;67;18;504;504;0;4,273;;66;0;;0;1;;;;11,32;0;153;0;112;0;90;0;320;2;;;0;60;;;;;;400;0;0;N;24/6/2026 22:15;-84;;D;99,66;224500;59512;6;CBN8;N;18;67;;;;1,4;4;;;;3,83;56;36;133;0;0;0;0;0;0;0
24/6/2026 00:00;6;2026062436;7076;3;3920,8333;3920,8333;;12,1;10,1;;;;;;;5,5;1;;14400;;11;;;;;;;17;19;;21;21;1;1;1;1;1;1;224478,6319;100;;;0;;;;;;;;;;;2300;;10,2;;;;;0;0;0;528;7;0;0;0;0;1;0;0;0;0;3;3;0;0;1;;0;0;0;0;0;0;0;146;0;11,64;0,25;;11,6934;-0,06;;;0,38;1,95;;0;22,5379;8;;957;961;0;;2606;0;;;;504;0;4,2753;1,4;67;0;;0;0;;;;11,32;1;153;0;112;0;90;0;320;2;;;0;60;;;;;;400;0;0;N;25/6/2026 02:15;-84;;D;99,66;224500;59513;7;CBN8;N;18;67;1;16513;;1,4;4;;;;3,83;56;36;133;0;0;0;0;0;0;0
25/6/2026 00:00;1;2026062511;7076;3;3921;3921;;12,1;10,1;;;;;;;5,5;12;;14401;;;;;;;;;17;19;;21;21;1;1;1;1;1;1;224474,4826;100;;;0;;;;;;;;;;;2300;;10,2;;;;;0;0;1;544;7;0;0;0;0;0;0;0;0;0;3;3;0;0;0;;0;0;0;0;0;0;0;185,6667;0;11,8074;0,25;;11,835;-0,06;;;0,38;1,95;;0;20,7721;4;;957;961;0;;2606;0;;;;504;0;4,3071;;98;0;;0;1;;;;11,32;10;153;0;112;0;90;0;320;2;;;0;60;;;;;;400;0;0;N;25/6/2026 06:15;-84;;D;99,66;224500;59514;0;CBN8;N;18;67;1;16513;;1,4;4;;;;3,9;56;36;133;0;0;0;0;0;0;0
25/6/2026 00:00;2;2026062512;7076;3;3921,1667;3921,1667;;12,1;10,1;;;;;;;5,5;3;;14398;;15;;;;;;;17;19;;21;21;1;1;1;1;1;1;224470,0542;100;;;0;;;;;;;;;;;2300;;10,2;;;;;0;0;0;478;5;0;0;0;0;2;0;0;0;0;1;1;0;0;0;;0;0;0;0;0;0;0;135;0;12,251;0,25;;12,2925;-0,06;;;0,38;1,95;;0;28,6611;4;;957;961;0;2531;2531;0;61;23;489;489;0;4,4098;;61;0;;0;1;;;;11,32;1;153;0;112;0;90;0;320;2;;;0;60;;;;;;400;0;0;N;25/6/2026 10:15;471;;D;99,67;224500;59515;1;CBN8;N;23;61;1;16514;;1,4;3;;;;4,2;51;37;120;0;0;0;0;0;0;0
25/6/2026 00:00;3;2026062523;7076;3;3921,3333;3921,3333;;12,1;10,1;;;;;;;5,5;0;;14401;;;;;;;;;17;19;;21;21;1;1;1;1;1;1;224467,345;100;;;0;;;;;;;;;;;2300;;10,2;;;;;0;0;0;491;8;0;0;0;0;0;0;0;0;0;3;3;0;0;0;;0;0;0;0;0;0;0;132,6667;0;12,0772;0,25;;12,1201;-0,06;;;0,38;1,95;;0;43,5845;4;;957;961;0;;2531;0;;;;489;0;4,3711;;61;0;;0;1;;;;11,32;0;153;0;112;0;90;0;320;2;;;0;60;;;;;;400;0;0;N;25/6/2026 14:15;471;;D;99,67;224500;59516;2;CBN8;N;23;61;1;16514;;1,4;3;;;;4,09;51;37;120;0;0;0;0;0;0;0
25/6/2026 00:00;4;2026062524;7076;3;3921,5;3921,5;;12,1;10,1;;;;;;;5,5;2;;14399;;;;;;;;;17;19;;21;21;1;1;1;1;1;1;224465,1292;100;;;0;;;;;;;;;;;2300;;10,2;;;;;0;0;0;530;8;0;0;0;0;0;0;0;0;0;4;4;0;0;0;;0;0;0;0;0;0;0;140,5;0;11,9064;0,25;;11,993;-0,06;;;0,38;1,95;;0;29,8113;4;;957;961;0;2481;2481;0;38;21;497;497;0;4,3426;;63;0;;0;1;;;;11,32;1;153;0;112;0;90;0;320;2;;;0;60;;;;;;400;0;0;N;25/6/2026 18:15;-177;;D;99,68;224500;59517;3;CBN8;N;21;38;1;16515;;1,4;3;;;;4;50;35;121;0;0;0;0;0;0;0
25/6/2026 00:00;5;2026062535;7076;3;3921,6667;3921,6667;;12,1;10,1;;;;;;;5,5;3;;14399;;;;;;100;0;;17;19;;21;21;1;1;1;1;1;1;224473,2217;100;;;0;;;;;;;;;2400;2400;2300;2400;10,2;;;;;0;0;0;500;8;0;0;0;0;0;0;0;0;0;3;3;0;0;0;;0;0;0;0;0;0;0;120,6667;0;11,7367;0,25;;11,8099;-0,06;;;0,38;1,95;;0;37,8;4;;957;961;0;2255;2255;0;51;17;472;472;0;4,3015;;63;0;;0;1;;;;11,32;1;153;0;112;0;90;0;320;2;;;0;60;;;;;;400;0;0;N;25/6/2026 22:15;-1070;;D;99,69;224500;59518;4;CBN8;N;17;51;;;;1,4;3;2480;;1;3,88;50;36;117;0;0;0;0;0;0;0
25/6/2026 00:00;6;2026062536;7076;3;3921,8333;3921,8333;;12,1;10,1;;;;;;;5,5;11;;14401;6;;;;;;;;17;19;;21;21;1;1;1;1;1;1;224469,6486;100;;;0,125;;400;400;;;;;;;;;;10,2;;;;;0;0;0;499;8;0;0;0;1;0;0;0;0;0;2;2;0;1;0;;0;0;0;0;0;0;0;118;0;11,6404;0,25;;11,6865;-0,06;;;0,38;1,95;;0;38,8778;4;;957;961;0;;2255;0;;;;472;0;4,2738;;61;0;;0;0;;;;11,32;7;153;0;112;0;90;0;320;2;;;0;60;;;;;;;0;0;N;26/6/2026 02:15;-1070;;D;99,69;224500;59519;5;CBN8;N;17;51;1;16516;;1,4;3;;;;3,8;50;36;117;0;0;0;0;0;0;0
26/6/2026 00:00;1;2026062611;7076;3;3922;3922;;12,1;10,1;;;;;;;5,5;8;;14400;;;;;;;;14;17;14;21;21;21;1;1;1;1;1;1;224464,7937;100;;;0;;;;;;;;;;;2300;;10,2;;;;;0;0;0;492;8;0;0;0;0;0;0;0;0;0;3;3;0;0;0;;0;0;0;0;0;0;0;144;0;11,5653;0,25;;11,6052;-0,1347;;;0,38;1,95;;0;43,2927;4;969;957;969;0;;2255;0;;;;472;0;4,2555;;62;0;;0;1;;;;11,32;3;153;0;112;0;90;0;320;2;;;0;60;;;;;;-300;0;0;N;26/6/2026 06:15;-1070;;D;99,69;224500;59520;6;CBN8;N;17;51;1;16516;;1,4;3;;;;3,79;50;36;117;0;0;0;0;0;0;0
26/6/2026 00:00;2;2026062612;7076;3;3922,1667;3922,1667;;12,1;10,1;;;;;;;5,5;6;;14399;;11;;;;;;;17;14;;21;21;1;1;1;1;1;1;224469,3248;100;;;0;;;;;;;;;;;2300;;10,2;;;;;0;0;0;538;9;0;0;0;0;1;0;0;0;0;3;3;0;0;1;;0;0;0;0;0;0;0;125,3333;0;11,51;0,25;;11,5619;-0,19;;;0,38;1,95;;0;19,8885;4;;957;969;0;2403;2403;0;68;15;494;494;0;4,2458;;62;0;;0;1;;;;11,32;3;153;0;112;0;90;0;320;2;;;0;60;;;;;;-300;0;0;N;26/6/2026 10:15;-369;;D;99,69;224500;59521;7;CBN8;N;15;68;1;16517;;1,4;3;;;;3,76;47;39;115;0;0;0;0;0;0;0
26/6/2026 00:00;3;2026062623;7076;3;3922,3333;3922,3333;;12,1;10,1;;;;;;;5,5;12;;14400;;13;;;;;;;17;14;;21;21;1;1;1;1;1;1;224472,2928;100;;;0;;;;;;;;;;;2300;;10,2;;;;;0;0;1;540;7;0;0;0;0;1;0;0;0;0;2;2;0;0;0;;0;0;0;0;0;0;0;146;0;11,9555;0,25;;12,0894;-0,19;;;0,38;1,95;;0;23,8889;4;;957;969;0;2296;2296;0;41;12;481;481;0;4,3642;;84;0;;0;1;;;;11,32;10;153;0;112;0;90;0;320;2;;;0;60;;;;;;-300;0;0;N;26/6/2026 14:15;-948;;D;99,71;224500;59522;0;CBN8;N;12;41;1;16517;;1,4;1;;;;4,12;45;34;118;0;0;0;0;0;0;0
26/6/2026 00:00;4;2026062624;7076;3;3922,5;3922,5;;12,1;10,1;;;;;;;5,5;0;;14401;;42;;;;;;;17;14;;21;21;1;1;1;1;1;1;224475,5417;100;;;0;;;;;;;;;;;2300;;10,2;;;;;0;0;0;413;7;0;0;0;0;1;0;0;0;0;1;1;0;0;0;;0;0;0;0;0;0;0;119;0;12,0479;0,25;;12,1153;-0,19;;;0,38;1,95;;0;39,4673;4;;957;969;0;2416;2416;0;53;20;489;489;0;4,37;;63;0;;0;1;;;;11,32;0;153;0;112;0;90;0;320;2;;;0;60;;;;;;-300;0;0;N;26/6/2026 18:15;1152;;D;99,69;224500;59523;1;CBN8;N;20;53;1;16518;;1,4;3;;;;4,13;47;36;115;0;0;0;0;0;0;0
26/6/2026 00:00;5;2026062635;7076;3;3922,6667;3922,6667;;12,1;10,1;;;;;;;5,5;5;;14399;;;;;;;;;17;14;;21;21;1;1;1;1;1;1;224478,372;100;;;0;;;;;;;;;;;2300;;10,2;;;;;0;0;0;525;8;0;0;0;0;0;0;0;0;0;3;3;0;0;0;;0;0;0;0;0;0;0;133,6667;0;11,8745;0,25;;11,9322;-0,19;;;0,38;1,95;;0;31,8095;4;;957;969;0;2315;2315;0;56;13;481;481;0;4,3289;;61;0;;0;1;;;;11,32;1;153;0;112;0;90;0;320;2;;;0;60;;;;;;-300;0;0;N;26/6/2026 22:15;-316;;D;99,7;224500;59524;2;CBN8;N;13;56;;;;1,4;3;;;;4,01;45;36;113;0;0;0;0;0;0;0
26/6/2026 00:00;6;2026062636;7076;3;3922,8333;3922,8333;;12,1;10,1;;;;;;;5,5;0;;14400;;;;;;;;;17;14;;21;21;1;1;1;1;1;1;224480,7209;100;;;0;;;;;;;;;;;2300;;10,2;;;;;0;0;0;525;9;0;0;0;0;0;0;0;0;0;4;4;0;0;0;;0;0;0;0;0;0;0;122,25;0;11,7019;0,25;;11,7437;-0,19;;;0,38;1,95;;0;31,4286;4;;957;969;0;;2315;0;;;;481;0;4,2866;;59;0;;0;0;;;;11,32;0;153;0;112;0;90;0;320;2;;;0;60;;;;;;-300;0;0;N;27/6/2026 02:15;-316;;D;99,7;224500;59525;3;CBN8;N;13;56;1;16519;;1,4;3;;;;3,88;45;36;113;0;0;0;0;0;0;0
27/6/2026 00:00;1;2026062711;7076;3;3923;3923;;12,1;10,1;;;;;;;5,5;7;;14399;;12;;;;;;;17;14;;21;21;1;1;1;1;1;1;224479,022;100;;;0;;;;;;;;;;2300;2300;;10,2;;;;;0;0;0;501;8;0;0;0;0;1;0;0;0;0;3;3;0;1;0;;0;0;0;0;0;0;0;153,6667;0;11,5427;0,25;;11,6054;-0,19;;;0,38;1,95;;0;30,5389;4;;957;969;0;2261;2261;0;57;15;484;484;0;4,2556;;61;0;;0;1;;;;11,32;5;153;0;112;0;90;0;320;2;;;0;60;;;;;;-300;0;0;N;27/6/2026 06:15;-197;;D;99,7;224500;59526;4;CBN8;N;15;57;1;16519;;1,4;3;;;;3,79;45;36;111;0;0;0;0;0;0;0
27/6/2026 00:00;2;2026062712;7076;3;3923,1667;3923,1667;;12,1;10,1;;;;;;;5,5;2;;14402;13;;;;;;;;17;14;;21;21;1;1;1;1;1;1;224479,8333;100;;;0;;;;;;;;;;;;2300;10,2;320;;;;0;0;0;499;8;0;0;0;1;0;0;0;0;0;1;1;0;1;0;;1;0;0;0;0;0;0;131;0;11,51;0,25;;11,6019;-0,19;;;0,38;1,95;;0;31,0621;4;;957;969;0;;2261;0;;;;484;0;4,2548;;58;0;;0;1;;;;11,32;1;153;0;112;0;90;0;320;2;;;0;60;;;;;;;0;0;N;27/6/2026 10:15;-197;;D;99,7;224500;59527;5;CBN8;N;15;57;1;16520;;1,4;3;2640;;1;3,78;45;36;111;0;0;0;0;0;0;0
27/6/2026 00:00;3;2026062723;7076;3;3923,3333;3923,3333;7,1;12,1;7,1;;;;;;5,7;5,7;11;;14397;;;;;;;;14;17;14;19;21;19;1;1;1;1;1;1;224477,52;100;;;0;;;;;;;;;;;1100;;10,2;;;;;0;0;0;507;9;0;0;0;0;0;0;0;0;0;2;2;0;2;0;;0;0;0;0;0;0;0;129,5;0;11,51;0,25;;11,5601;-0,19;;;0,38;1,95;;0;50,4931;4;975;957;975;0;;2261;0;;;;484;0;4,2454;;56;0;;0;1;;;;11,32;5;153;0;112;0;90;1;320;2;;;0;60;;;;;;-300;0;0;N;27/6/2026 14:15;-38;;D;99,72;224500;59528;6;CBN8;N;11;48;1;16520;;1,4;3;;;;3,79;45;37;111;0;0;0;0;0;0;0
27/6/2026 00:00;4;2026062724;7076;3;3923,5;3923,5;;12,1;7,1;;;;;;;5,7;9;;14400;;7;;;;;;;17;14;;21;19;1;1;1;1;1;1;224480,4153;100;;;0;;;;;;;;;;;1100;;10,2;;;;;0;0;0;488;8;0;0;0;0;1;0;0;0;0;1;1;0;1;1;;0;0;0;0;0;0;0;125;0;11,51;0,25;;11,5673;-0,19;;;0,38;1,95;;0;38,3197;4;;957;975;0;2246;2246;0;48;11;494;494;0;4,247;1,6;62;0;;0;1;;;;11,32;3;153;0;112;0;90;0;320;2;;;0;60;;;;;;-300;0;-2;N;27/6/2026 18:15;-38;;D;99,72;224500;59529;7;CBN8;N;11;48;1;16521;;1,4;3;;;;3,79;45;37;111;0;0;0;0;0;0;0
27/6/2026 00:00;5;2026062735;7076;3;3923,6667;3923,6667;;12,1;7,1;;;;;;;5,7;8;;14400;;;;;;;;;17;14;;21;19;1;1;1;1;1;1;224481,7519;100;;;0;;;;;;;;;;;1100;;10,2;;;;;0;0;0;573;12;0;0;0;0;0;0;0;0;0;3;2;0;0;0;;0;0;0;0;0;0;0;159,5;0;11,6774;0,25;;11,7354;-0,19;;;0,38;1,95;;0;22,164;10;;957;975;0;;2246;0;;;;494;0;4,2848;;77;0;;0;1;;;;11,32;4;153;0;112;0;90;0;320;2;;;0;60;;;;;;-300;0;-2;N;27/6/2026 22:15;-38;;D;99,72;224500;59530;8;CBN8;N;11;48;;;;1,4;3;;;;4,04;45;37;111;0;0;0;0;0;0;0
27/6/2026 00:00;6;2026062736;7076;3;3923,8333;3923,8333;;12,1;7,1;;;;;;;5,7;2;;14400;;34;;;;;;;17;14;;21;19;1;1;1;1;1;1;224478,561;100;;;0;;;;;;;;;;;1100;;10,2;;;;;0;0;1;390;10;0;0;0;0;2;0;0;0;0;0;0;0;0;0;;0;0;0;0;0;0;0;;0;12,121;0,25;;12,1959;-0,19;;;0,38;1,95;;0;30;10;;957;975;0;2336;2336;0;59;14;517;517;0;4,3882;;58;0;;0;0;;;;11,32;2;153;0;112;0;90;0;320;2;;;0;60;;;;;;-300;0;-2;N;28/6/2026 02:15;250;;D;99,7;224500;59531;0;CBN8;N;14;59;1;16522;;1,4;4;;;;4,37;46;38;115;0;0;0;0;0;0;0
28/6/2026 00:00;1;2026062811;7076;3;3924;3924;;12,1;7,1;;;;;;;5,7;22;;14399;;;;;;;;;17;14;;21;19;1;1;1;1;1;1;224476,813;100;;;0;;;;;;;;;;;1100;;10,2;;;;;0;0;0;491;14;0;0;0;0;0;0;0;0;0;3;3;0;1;0;;1;0;0;0;0;0;0;151,3333;0;11,9491;0,25;;11,9921;-0,19;;;0,38;1,95;;0;43,3809;10;;957;975;0;2276;2276;0;60;14;514;514;0;4,3424;;61;0;;0;1;;;;11,32;5;153;0;112;0;90;0;320;2;;;0;60;;;;;;-300;0;-2;N;28/6/2026 06:15;-229;;D;99,7;224500;59532;1;CBN8;N;14;60;1;16522;;1,4;3;;;;4,22;46;37;115;0;0;0;0;0;0;0
28/6/2026 00:00;2;2026062812;7076;3;3924,1667;3924,1667;;12,1;7,1;;;;;;;5,7;12;;14400;;;;;;;;;17;14;;21;19;1;1;1;1;1;1;224478,5456;100;;;0;;;;;;;;;;;1100;;10,2;;;;;0;0;0;493;14;0;0;0;0;0;0;0;0;0;3;3;0;2;0;;0;0;0;0;0;0;0;141;0;11,78;0,25;;11,8385;-0,19;;;0,38;1,95;;0;43,2049;10;;957;975;0;;2276;0;;;;514;0;4,3079;;62;0;;0;1;;;;11,32;3;153;0;112;0;90;0;320;2;;;0;60;;;;;;-300;0;-2;N;28/6/2026 10:15;-229;;D;99,7;224500;59533;2;CBN8;N;14;60;1;16523;;1,4;3;;;;4,12;46;37;115;0;0;0;0;0;0;0
28/6/2026 00:00;3;2026062823;7076;3;3924,3333;3924,3333;;12,1;7,1;;;;;;;5,7;5;;14401;;;;;;-60;0;;17;14;;21;19;1;1;1;1;1;1;224478,1289;100;;;0;;;;;;;;;1040;1040;1100;1040;10,2;;;;;0;0;0;488;15;0;0;0;0;0;0;0;0;0;3;3;0;1;0;;0;0;0;0;0;0;0;124,6667;0;11,6085;0,25;;11,6898;-0,19;;;0,38;1,95;;0;42,2131;10;;957;975;0;;2276;0;;;;514;0;4,2745;;60;0;;0;1;;;;11,32;2;153;0;112;0;90;0;320;2;;;0;60;;;;;;-300;0;-2;N;28/6/2026 14:15;-66;;D;99,71;224500;59534;3;CBN8;N;15;35;1;16523;;1,4;3;1040;;1;4,01;46;39;114;0;0;0;0;0;0;0
28/6/2026 00:00;4;2026062824;7076;3;3924,5;3924,5;;12,1;7,1;;;;;;;5,7;4;;14399;;;;;;;;;17;14;;21;19;1;1;1;1;1;1;224479,3166;100;;;4,3542;300;-300;;;;;;;;;;;10,2;;;;;0;0;0;489;14;0;0;0;0;0;0;0;0;0;1;1;0;0;0;;1;0;0;0;0;0;0;135;0;11,5104;0,25;;11,523;-0,19;;;0,38;1,95;;0;49,0798;10;;957;975;0;2251;2251;0;35;15;526;526;0;4,2371;;57;0;;0;1;;;;11,32;2;153;0;112;0;90;0;320;2;;;0;60;;;;;;;0;-2;N;28/6/2026 18:15;-66;;D;99,71;224500;59535;4;CBN8;N;15;35;1;16524;;1,4;3;;;;3,89;46;39;114;0;0;0;0;0;0;0
28/6/2026 00:00;5;2026062835;7076;3;3924,6667;3924,6667;;12,1;7,1;;;;;;;5,7;7;;14400;;;;;;;;19;17;19;19;21;19;1;1;1;1;1;1;224477,8874;100;;;0;;;;;;;;;;;1100;;10,2;;;;;0;0;0;470;13;0;0;0;0;0;0;0;0;0;3;3;0;1;0;;0;0;0;0;0;0;0;145,6667;0;11,51;0,25;;11,5764;-0,19;;;0,38;1,95;;0;51,9149;10;976;957;976;0;;2251;0;;;;526;0;4,2491;;61;0;;0;1;;;;11,32;2;153;0;112;0;90;0;320;2;;;0;60;;;;;;400;0;-2;N;28/6/2026 22:15;-66;;D;99,71;224500;59536;5;CBN8;N;15;35;;;;1,4;3;;;;3,93;46;39;114;0;0;0;0;0;0;0
28/6/2026 00:00;6;2026062836;7076;3;3924,8333;3924,8333;;12,1;7,1;;;;;;;5,7;6;;14399;;12;;;;;;;17;19;;21;19;1;1;1;1;1;1;224477,6165;100;;;0;;;;;;;;;;;1100;;10,2;;;;;0;0;0;478;9;0;1;0;0;1;0;0;0;0;1;1;0;0;1;;0;0;0;0;0;0;0;118;0;11,51;0,25;;11,5205;-0,19;;;0,38;1,95;;0;39,749;10;;957;976;0;2231;2231;0;47;11;520;520;0;4,2365;1,6;59;0;;0;0;;;;11,32;4;153;0;112;0;90;0;320;2;;;0;60;;;;;;400;0;-2;N;29/6/2026 02:15;-46;;D;99,72;224500;59537;6;CBN8;N;11;47;1;16525;;1,4;3;;;;3,9;47;38;115;0;0;0;0;0;0;0
29/6/2026 00:00;1;2026062911;7076;3;3925;3925;;12,1;7,1;;;;;;;5,7;13;;14402;;47;;;;;;;17;19;;21;19;1;1;1;1;1;1;224477,0748;100;;;0;;;;;;;;;;;1100;;10,2;;;;;0;0;1;468;7;0;0;0;0;1;0;0;0;0;1;1;0;0;0;;0;0;0;0;0;0;0;156;0;12,0081;0,25;;12,1068;-0,19;;;0,38;1,95;;0;19,0171;10;;957;976;0;2316;2316;0;46;15;541;541;0;4,3682;;78;0;;0;1;;;;11,32;8;153;0;112;0;90;0;320;2;;;0;60;;;;;;400;0;-2;N;29/6/2026 06:15;2415;;D;99,71;224500;59538;0;CBN8;N;15;46;1;16525;;1,4;4;;;;4,31;49;39;119;0;0;0;0;0;0;0
29/6/2026 00:00;2;2026062912;7076;3;3925,1667;3925,1667;;12,1;7,1;;;;;;;5,7;8;;14399;;25;;;;;;;17;19;;21;19;1;1;1;1;1;1;224477,7539;100;;;0;;;;;;;;;;;1100;;10,2;;;;;0;0;0;437;9;0;1;0;0;1;0;0;0;0;1;1;0;2;0;;0;0;0;0;0;0;0;115;-0,0211;12,014;0,25;;12,0499;-0,19;;;0,38;1,95;;0;43,2494;10;;957;976;0;2360;2360;0;57;17;552;552;0;4,3554;;70;0;;0;1;;;;11,32;5;153;0;112;0;90;0;320;2;;;0;60;;;;;;400;0;-2;N;29/6/2026 10:15;382;;D;99,67;224500;59539;1;CBN8;N;17;57;1;16526;;1,4;4;;;;4,27;50;39;119;0;0;0;0;0;0;0
29/6/2026 00:00;3;2026062923;7076;3;3925,3333;3925,3333;;12,1;7,1;;;;;;;5,7;3;;14400;;26;;;;;;;17;19;;21;19;1;1;1;1;1;1;224479,0859;100;;;2,9931;;;;;;;;;;;1100;;10,2;;;;;0;0;0;400;9;0;0;0;0;1;0;0;0;0;0;0;0;0;0;;1;0;0;0;0;0;0;;-0,11;11,7519;0,25;;11,7702;-0,19;;;0,38;1,95;;0;61,25;10;;957;976;0;2264;2264;0;36;13;558;558;0;4,2926;;66;1;;0;1;;;;11,32;1;153;0;112;0;90;0;320;2;;;0;60;;;;;;400;0;-2;N;29/6/2026 14:15;-339;;D;99,7;224500;59540;2;CBN8;N;13;36;1;16526;;1,4;4;;;;4,07;49;39;117;0;0;0;0;0;0;0
29/6/2026 00:00;4;2026062924;7076;3;3925,5;3925,5;;12,1;7,1;;;;;;;5,7;4;;14398;;;;;;;;;17;19;;21;19;1;1;1;1;1;1;224476,6463;100;;;0;;;;;;;;;;;1100;;10,2;;;;;0;0;0;502;10;0;0;0;0;0;0;0;0;0;3;3;0;0;0;;0;0;0;0;0;0;0;132,3333;-0,11;11,5809;0,25;;11,6111;-0,19;;;0,38;1,95;;0;39,0438;10;;957;976;0;;2264;0;;;;558;0;4,2569;;68;0;;0;1;;;;11,32;2;153;0;112;0;90;0;320;2;;;0;60;;;;;;400;0;-2;N;29/6/2026 18:15;-339;;D;99,7;224500;59541;3;CBN8;N;13;36;1;16527;;1,4;4;;;;3,96;49;39;117;0;0;0;0;0;0;0
29/6/2026 00:00;5;2026062935;7076;3;3925,6667;3925,6667;;12,1;7,1;;;;;;;5,7;13;;14400;;;;;;1100;0;;17;19;;21;19;1;1;1;1;1;1;224475,5332;100;;;4,4444;;;;;;;;;2200;2200;1100;2200;10,2;;;;;0;0;0;484;11;0;0;0;0;0;0;0;0;0;3;3;0;0;0;;0;0;0;0;0;0;0;123,3333;-0,11;11,4276;0,25;;11,467;-0,19;;;0,38;1,95;;0;46,281;10;;957;976;0;2466;2466;0;54;14;583;583;0;4,2245;;81;0;;0;1;;;;11,32;4;153;0;112;0;90;0;320;2;;;0;60;;;;;;400;0;-2;N;29/6/2026 22:15;655;;D;99,66;224500;59542;4;CBN8;N;14;54;;;;1,4;4;2220;;3;3,86;50;38;117;0;0;0;0;0;0;0
29/6/2026 00:00;6;2026062936;7076;3;3925,8333;3925,8333;;12,1;7,1;;;;;;;5,7;3;;14400;;;;;;;;;17;19;;21;19;1;1;1;1;1;1;224479,6638;100;;;1,1944;;400;400;;;;;;;;;;10,2;;;;;0;0;0;437;9;0;0;0;0;0;0;0;2;0;1;1;0;0;0;;1;0;0;0;0;0;0;115;-0,11;11,4;0,25;;11,4937;-0,19;;;0,38;1,95;;0;57,2082;10;;957;976;0;2404;2404;0;52;15;572;572;0;4,2305;;87;0;;0;0;;;;11,32;2;153;0;112;0;90;0;320;2;;;0;60;;;;;;;0;-2;N;30/6/2026 02:15;-325;;D;99,67;224500;59543;5;CBN8;N;15;52;1;16528;;1,4;4;;;;3,88;50;38;116;0;0;0;0;0;0;0
30/6/2026 00:00;1;2026063011;7076;3;3926;3926;9,1;12,1;9,1;;;;;;5,4;5,4;7;;14400;23;;;;;;;18;17;18;21;21;21;1;1;1;1;1;1;224476,1147;100;;;0;;;;;;;;;;;2300;;10,2;;;;;0;0;0;486;9;0;0;0;1;0;0;0;0;0;2;2;0;1;0;;0;0;0;0;0;0;0;118,5;-0,11;11,423;0,25;;11,4834;-0,167;;;0,38;1,95;;0;37,2428;10;964;957;964;0;2569;2569;0;44;12;600;600;0;4,2282;;75;0;;0;1;;;;11,32;2;153;0;112;0;90;0;320;2;;;0;60;;;;;;300;0;-2;N;30/6/2026 06:15;1278;;D;99,66;224500;59544;6;CBN8;N;12;44;1;16528;;1,4;4;;;;3,8;51;38;117;0;0;0;0;0;0;0
30/6/2026 00:00;2;2026063012;7076;3;3926,1667;3926,1667;;12,1;9,1;;;;;;;5,4;6;;14400;;;;;;;;;17;18;;21;21;1;1;1;1;1;1;224474,2655;100;;;0;;;;;;;;;;;2300;;10,2;;;;;0;0;0;515;9;0;0;0;0;0;0;0;0;0;4;4;0;0;1;;0;0;0;0;0;0;0;144;-0,096;11,5404;0,25;;11,5821;-0,07;;;0,3864;1,98;1,98;0;31,8447;10;;957;964;0;2565;2565;0;47;19;606;606;0;4,2503;1,1;72;0;;0;1;;;;11,32;2;153;0;112;0;90;0;320;2;;;0;60;;;;;;300;0;0;N;30/6/2026 10:15;-47;;D;99,66;224500;59545;7;CBN8;N;19;47;1;16529;;1,4;4;;;;3,84;56;40;126;0;0;0;0;0;0;0
30/6/2026 00:00;3;2026063023;7076;3;3926,3333;3926,3333;;12,1;9,1;;;;;;;5,4;12;;14400;;11;;;;;;;17;18;;21;21;1;1;1;1;1;1;224472,5536;100;;;0;;;;;;;;;;;2300;;10,2;;;;;0;0;0;520;9;0;0;0;0;1;0;0;0;0;2;2;0;0;0;;0;0;0;0;0;0;0;174;0;11,66;0,25;;11,6747;-0,07;;;0,41;1,98;;0;27,8846;3;;957;964;0;2523;2523;0;27;12;573;573;0;4,2711;;74;0;;0;1;;;;11,32;6;153;0;112;0;90;0;320;2;;;0;60;;;;;;300;0;0;N;30/6/2026 14:15;-142;;D;99,67;224500;59546;8;CBN8;N;12;27;1;16529;;1,4;4;;;;3,83;50;37;115;0;0;0;0;0;0;0
30/6/2026 00:00;4;2026063024;7076;3;3926,5;3926,5;;12,1;9,1;;;;;;;5,4;15;;14399;;;;;;;;;17;18;;21;21;1;1;1;1;1;1;224474,5449;100;;;0;;;;;;;;;;;2300;;10,2;;;;;0;0;1;509;10;0;0;0;0;0;0;0;0;0;3;3;0;1;0;;0;0;0;0;0;0;0;150;0;11,8726;0,25;;11,9456;-0,07;;;0,41;1,98;;0;24,3615;3;;957;964;0;;2523;0;;;;573;0;4,332;;86;0;;0;1;;;;11,32;7;153;0;112;0;90;0;320;2;;;0;60;;;;;;300;0;0;N;30/6/2026 18:15;-142;;D;99,67;224500;59547;0;CBN8;N;12;27;1;16530;;1,4;4;;;;4,02;50;37;115;0;0;0;0;0;0;0
30/6/2026 00:00;5;2026063035;7076;3;3926,6667;3926,6667;;12,1;9,1;;;;;;;5,4;7;;14400;;22,5;;;;;;;17;18;;21;21;1;1;1;1;1;1;224471,7689;100;;;0;;;;;;;;;;;2300;;10,2;;;;;0;0;0;482;7;0;0;0;0;2;0;0;0;0;1;1;0;0;0;;0;0;0;0;0;0;0;180;0;12,26;0,25;;12,3456;-0,07;;;0,41;1,98;;0;19,0871;3;;957;964;0;2685;2685;0;51;14;593;593;0;4,4218;;73;0;;0;1;;;;11,32;4;153;0;112;0;90;0;320;2;;;0;60;;;;;;300;0;0;N;30/6/2026 22:15;526;;D;99,65;224500;59548;1;CBN8;N;14;51;;;;1,4;4;;;;4,29;49;36;114;0;0;0;0;0;0;0
30/6/2026 00:00;6;2026063036;7076;3;3926,8333;3926,8333;;12,1;9,1;;;;;;;5,4;4;;14400;;;;;;;;;17;18;;21;21;1;1;1;1;1;1;224474,4687;100;;;0;;;;;;;;;;;2300;;10,2;;;;;0;0;0;530;10;0;0;0;0;0;0;0;0;0;4;4;0;1;0;;0;0;0;0;0;0;0;146,5;0;12,0883;0,25;;12,1559;-0,07;;;0,41;1,98;;0;29,8113;3;;957;964;0;2729;2729;0;51;12;597;597;0;4,3792;;75;0;;0;0;;;;11,32;1;153;0;112;0;90;0;320;2;;;0;60;;;;;;300;0;0;N;1/7/2026 02:15;285;;D;99,65;224500;59549;2;CBN8;N;12;51;1;16531;;1,4;4;;;;4,16;48;36;113;0;0;0;0;0;0;0
1/7/2026 00:00;1;2026070111;7076;3;3927;3927;;12,1;9,1;;;;;;;5,4;6;;14399;;;;;;;;;17;18;;21;21;1;1;1;1;1;1;224472,6989;100;;;0;;;;;;;;;;2700;2300;;10,2;;;;;0;0;0;495;9;0;0;0;0;0;0;0;0;0;4;4;0;3;0;;0;0;0;0;0;0;0;147;0;11,9191;0,25;;12,0074;-0,07;;;0,41;1,98;;0;42,2222;3;;957;964;0;2736;2736;0;46;20;605;605;0;4,3458;;79;0;;0;1;;;;11,32;3;153;0;112;0;90;0;320;2;;;0;60;;;;;;300;0;0;N;1/7/2026 06:15;40;;D;99,66;224500;59550;3;CBN8;N;20;46;1;16531;;1,4;4;;;;4,06;48;36;113;0;0;0;0;0;0;0
1/7/2026 00:00;2;2026070112;7076;3;3927,1667;3927,1667;;12,1;9,1;;;;;;;5,4;8;;14400;;10;;;;;;;17;18;;21;21;1;1;1;1;1;1;224477,7593;100;;;0,625;;300;300;;;;;;;;;2700;10,2;;;;;0;0;0;547;10;0;0;0;0;1;0;0;0;0;1;1;0;0;0;;0;0;0;0;0;0;0;199;0;11,7493;0,25;;11,7894;-0,07;;;0,41;1,98;;0;15,7221;3;;957;964;0;2820;2820;0;53;17;616;616;0;4,2969;;74;0;;0;1;;;;11,32;6;153;0;112;0;90;0;320;2;;;0;60;;;;;;;0;0;N;1/7/2026 10:15;1171;;D;99,64;224500;59551;4;CBN8;N;17;53;1;16532;;1,4;4;2700;;4;3,91;48;36;114;0;0;0;0;0;0;0
1/7/2026 00:00;3;2026070123;7076;3;3927,3333;3927,3333;;12,1;9,1;;;;;;;5,4;1;;14400;21;;;;;;;17;17;17;19;21;19;1;1;1;1;1;1;224477,1442;100;;;0;;;;;;;;;;;1100;;10,2;;;;;0;0;0;439;7;0;0;0;1;0;0;0;0;0;1;1;0;0;0;;0;0;0;0;0;0;0;126;0;11,641;0,25;;11,714;-0,089;;;0,41;1,98;;0;49,6583;3;966;957;966;0;;2820;0;;;;616;0;4,28;;60;0;;0;1;;;;11,32;1;153;0;112;0;90;0;320;2;;;0;60;;;;;;;0;0;N;1/7/2026 14:15;1171;;D;99,64;224500;59552;5;CBN8;N;17;53;1;16532;;1,4;4;;;;3,87;48;36;114;0;0;0;0;0;0;0
1/7/2026 00:00;4;2026070124;7076;3;3927,5;3927,5;;12,1;9,1;;;;;;;5,4;0;;14400;;8;;;;;;;17;17;;21;19;1;1;1;1;1;1;224475,6025;100;;;0;;;;;;;;;;;1100;;10,2;;;;;0;0;0;506;9;0;0;0;0;1;0;0;0;0;2;2;0;0;1;;0;0;0;0;0;0;0;140;0;11,59;0,25;;11,6719;-0,14;;;0,41;1,98;;0;31,4229;3;;957;966;0;2741;2741;0;38;15;629;629;0;4,2705;1,4;63;0;;0;1;;;;11,32;0;153;0;112;0;90;0;320;2;;;0;60;;;;;;;0;-2;N;1/7/2026 18:15;-222;;D;99,66;224500;59553;6;CBN8;N;15;38;1;16533;;1,4;4;;;;3,84;48;35;116;0;0;0;0;0;0;0
1/7/2026 00:00;5;2026070135;7076;3;3927,6667;3927,6667;;12,1;9,1;;;;;;;5,4;9;;14400;;;;;;;;;17;17;;21;19;1;1;1;1;1;1;224474,3748;100;;;0;;;;;;;;;;;1100;;10,2;;;;;0;0;0;570;9;0;0;0;0;0;0;0;0;0;3;3;0;0;0;;0;0;0;0;0;0;0;126;0;11,7422;0,25;;11,7787;-0,14;;;0,41;1,98;;0;23,1579;3;;957;966;0;2747;2747;0;56;13;629;629;0;4,2945;;70;0;;0;1;;;;11,32;4;153;0;112;0;90;0;320;2;;;0;60;;;;;;;0;-2;N;1/7/2026 22:15;25;;D;99,65;224500;59554;7;CBN8;N;13;56;;;;1,4;4;;;;3,91;48;36;114;0;0;0;0;0;0;0
1/7/2026 00:00;6;2026070136;7076;3;3927,8333;3927,8333;;12,1;9,1;;;;;;;5,4;8;;14399;;19;;;;;;;17;17;;21;19;1;1;1;1;1;1;224475,9464;100;;;0;;;;;;;;;;;1100;;10,2;;;;;0;0;1;420;6;0;0;0;0;1;0;0;0;0;1;1;0;1;0;;0;0;0;0;0;0;0;134;0;12,2046;0,25;;12,2874;-0,14;;;0,41;1,98;;0;33,3333;3;;957;966;0;2833;2833;0;47;15;622;622;0;4,4087;;63;0;;0;0;;;;11,32;3;153;0;112;0;90;0;320;2;;;0;60;;;;;;;0;-2;N;2/7/2026 02:15;511;;D;99,64;224500;59555;0;CBN8;N;15;47;1;16534;;1,4;3;;;;4,26;50;36;120;0;0;0;0;0;0;0
2/7/2026 00:00;1;2026070211;7076;3;3928;3928;;12,1;9,1;;;;;;;5,4;10;;14401;;;;;;;;;17;17;;21;19;1;1;1;1;1;1;224477,422;100;;;0;;;;;;;;;;;1100;;10,2;;;;;0;0;0;509;9;0;0;0;0;0;0;0;0;0;4;4;0;0;0;;0;0;0;0;0;0;0;133,5;0;12,0311;0,25;;12,0359;-0,14;;;0,41;1,98;;0;37,1316;3;;957;966;0;2860;2860;0;52;9;627;627;0;4,3522;;63;0;;0;1;;;;11,32;3;153;0;112;0;90;0;320;2;;;0;60;;;;;;;0;-2;N;2/7/2026 06:15;137;;D;99,62;224500;59556;1;CBN8;N;9;52;1;16534;;1,4;3;;;;4,09;52;38;126;0;0;0;0;0;0;0
2/7/2026 00:00;2;2026070212;7076;3;3928,1667;3928,1667;;12,1;9,1;;;;;;;5,4;12;;14399;;;;;;;;;17;17;;21;19;1;1;1;1;1;1;224474,868;100;;;0;;;;;;;;;;;1100;;10,2;;;;;0;0;0;514;8;0;0;0;0;0;0;0;0;0;3;3;0;1;0;;0;0;0;0;0;0;0;132;0;11,8617;0,25;;11,9009;-0,14;;;0,41;1,98;;0;35,6031;3;;957;966;0;2823;2823;0;38;14;619;619;0;4,3219;;65;0;;0;1;;;;11,32;4;153;0;112;0;90;0;320;2;;;0;60;;;;;;;0;-2;N;2/7/2026 10:15;-504;;D;99,64;224500;59557;2;CBN8;N;14;38;1;16535;;1,4;3;;;;4;50;38;121;0;0;0;0;0;0;0
2/7/2026 00:00;3;2026070223;7076;3;3928,3333;3928,3333;;12,1;9,1;;;;;;;5,4;6;;14400;;;;;;1200;0;;17;17;;21;19;1;1;1;1;1;1;224479,8375;100;;;0;;;;;;;;;2300;2300;1100;2300;10,2;;;;;0;0;0;482;9;0;0;0;0;0;0;0;0;0;3;3;0;3;0;;0;0;0;0;0;0;0;130,6667;0;11,6923;0,25;;11,7725;-0,14;;;0,41;1,98;;0;44,3983;3;;957;966;0;;2823;0;;;;619;0;4,2931;;61;0;;0;1;;;;11,32;3;153;0;112;0;90;0;320;2;;;0;60;;;;;;;0;-2;N;2/7/2026 14:15;-504;;D;99,64;224500;59558;3;CBN8;N;14;38;1;16535;;1,4;3;2280;;2;3,91;50;38;121;0;0;0;0;0;0;0
2/7/2026 00:00;4;2026070224;7076;3;3928,5;3928,5;;12,1;9,1;;;;;;;5,4;7;;14401;12;;;;;;;;17;17;;21;19;1;1;1;1;1;1;224476,6912;100;;;0;;;;;;;;;;;;;10,2;160;;;;0;0;0;520;9;0;0;0;1;0;0;0;0;0;3;3;0;0;0;;0;0;0;0;0;0;0;135;0;11,5906;0,25;;11,6652;-0,14;;;0,41;1,98;;0;27,1154;3;;957;966;0;2875;2875;0;39;6;613;613;0;4,269;;61;0;;1;1;;;;11,32;2;153;0;112;0;90;0;320;2;;;0;60;;;;;;;0;-2;N;2/7/2026 18:15;162;;D;99,63;224500;59559;4;CBN8;N;6;39;1;16536;;1,4;3;;;;3,84;50;38;119;0;0;0;0;0;0;0
2/7/2026 00:00;5;2026070235;7076;3;3928,6667;3928,6667;9,2;12,1;9,2;;;;;;5,3;5,3;6;;14398;;;;;;;;17;17;17;18;21;18;1;1;1;1;1;1;224475,1389;100;;;0;;;;;;;;;;;1100;;10,2;;;;;0;0;0;509;9;0;1;0;0;0;0;0;0;0;3;3;0;1;0;;0;0;0;0;0;0;0;172;0;11,5389;0,25;;11,5979;-0,1911;;;0,41;1,98;;0;37,3281;3;980;957;980;0;;2875;0;;;;613;0;4,2539;;65;0;;0;0;;;;11,32;2;153;0;112;0;90;0;320;2;;;0;60;;;;;;;0;-3;N;3/7/2026 10:15;-60;;D;99,62;224500;59560;2;CBN8;N;9;44;;;;1,4;3;;;;3,87;50;40;121;0;0;0;0;0;0;0
2/7/2026 00:00;6;2026070236;7076;3;3928,8333;3928,8333;;12,1;9,2;;;;;;;5,3;10;;14401;;29;;;;;;;17;17;;21;18;1;1;1;1;1;1;224474,453;100;;;0;;;;;;;;;;;1100;;10,2;;;;;0;0;1;480;9;0;0;0;0;1;0;0;0;0;2;2;0;0;0;;0;0;0;0;0;0;0;138;0;11,8622;0,25;;11,9246;-0,24;;;0,41;1,98;;0;22,9167;3;;957;980;0;3024;3024;0;34;9;631;631;0;4,3272;;86;0;;0;0;;;;11,32;5;153;0;112;0;90;0;320;2;;;0;60;;;;;;;0;-2;N;2/7/2026 22:15;-31;;D;99,63;224500;59561;0;CBN8;N;9;34;1;16537;;1,4;3;;;;4,1;49;40;119;0;0;0;0;0;0;0
3/7/2026 00:00;1;2026070311;7076;3;3929;3929;;12,1;9,2;;;;;;;5,3;13;;14399;;;;;;;;;17;17;;21;18;1;1;1;1;1;1;224475,7397;100;;;0;;;;;;;;;;;1100;;10,2;;;;;0;0;0;444;10;0;0;0;0;0;0;0;0;0;2;2;0;2;0;;1;0;0;0;0;0;0;174;0;12,0517;0,25;;12,1208;-0,24;;;0,41;1,98;;0;49,5495;19;;957;980;0;3012;3012;0;44;9;648;648;0;4,3713;;67;0;;0;1;;;;11,32;6;153;0;112;0;90;0;320;2;;;0;60;;;;;;;0;-3;N;3/7/2026 06:15;-60;;D;99,62;224500;59562;1;CBN8;N;9;44;1;16537;;1,4;3;;;;4,22;50;40;121;0;0;0;0;0;0;0
3/7/2026 00:00;2;2026070312;7076;3;3929,1667;3929,1667;;12,1;9,2;;;;;;;5,3;14;;14400;;17;;;;;;;17;17;;21;18;1;1;1;1;1;1;224474,8889;100;;;0;;;;;;;;;;;1100;;10,2;;;;;3;2;0;405;8;0;0;0;0;1;0;0;0;0;0;0;0;0;1;;0;0;0;0;0;0;0;;0;12,074;0,25;;12,1572;-0,24;;;0,41;1,98;;0;12,0988;19;;957;980;47,9236;;3012;45,8403;;;;648;0;4,3795;;84;0;;0;1;;;;11,32;14;153;0;112;0;90;0;320;2;;;0;60;;;;;;;0;-3;N;3/7/2026 10:15;-60;;D;99,62;224500;59563;2;CBN8;N;9;44;1;16538;;1,4;3;;;;4,25;50;40;121;0,1958;0;0;0;0;0;0
3/7/2026 00:00;3;2026070323;7076;3;3929,3333;3929,3333;;12,1;9,2;;;;;;;5,3;2;;14401;;27;;;;;;;17;17;;21;18;1;1;1;1;1;1;224472,8561;100;;;0;;;;;;;;;;;1100;;10,2;;;;;0;0;0;426;10;0;0;0;0;1;0;0;0;0;1;1;0;1;0;;1;0;0;0;0;0;0;116;0;11,7038;0,25;;11,7539;-0,24;;;0,41;1,98;;0;50,2347;19;;957;980;0;;3012;0;;;;648;0;4,2889;;64;0;;0;1;;;;11,32;1;153;0;112;0;90;0;320;2;;;0;60;;;;;;;0;-3;N;3/7/2026 14:15;-60;;D;99,62;224500;59564;3;CBN8;N;9;44;1;16538;;1,4;3;;;;3,97;50;40;121;0;0;0;0;0;0;0
3/7/2026 00:00;4;2026070324;7076;3;3929,5;3929,5;;12,1;9,2;;;;;;;5,3;7;;14398;;;;;;;;;17;17;;21;18;1;1;1;1;1;1;224470,9532;103;;;0;;;;;;;;;;;1100;;10,2;;;;;0;0;0;493;11;0;0;0;0;0;0;0;0;0;4;4;0;1;0;;0;0;0;0;0;0;0;125,75;0;11,537;0,25;;11,5925;-0,2348;;;0,41;1,98;;0;42,7992;19;;957;980;0;3000;3000;0;42;11;642;642;0;4,2527;;64;0;;0;1;;;;11,32;2;153;0;112;0;90;0;320;2;;;0;60;;;;;;;0;-3;N;3/7/2026 18:15;-33;;D;99,63;224500;59565;4;CBN8;N;11;42;1;16539;;1,4;3;;;;3,86;47;39;115;0;0;0;0;0;0;0
3/7/2026 00:00;5;2026070335;7076;3;3929,6667;3929,6667;;12,1;9,2;;;;;;;5,3;7;;14400;;;;;;0;0;;17;17;;21;18;1;1;1;1;1;1;224473,9789;103;;;0;;;;;;;;;1100;1100;1100;1100;10,2;;;;;0;0;0;516;11;0;0;0;0;0;0;0;0;0;4;4;0;0;0;;0;0;0;0;0;0;0;180,5;0;11,49;0,25;;11,5307;-0,24;;;0,41;1,98;;0;28,876;19;;957;980;0;3004;3004;0;51;13;642;642;0;4,2388;;64;0;;0;1;;;;11,32;2;153;0;112;0;90;0;320;2;;;0;60;;;;;;;0;-3;N;3/7/2026 22:15;15;;D;99,61;224500;59566;5;CBN8;N;13;51;;;;1,4;4;;;;3,82;51;40;122;0;0;0;0;0;0;0
3/7/2026 00:00;6;2026070336;7076;3;3929,8333;3929,8333;;12,1;9,2;;;;;;;5,3;11;;14400;13;;;;;;;;17;17;;21;18;1;1;1;1;1;1;224477,9205;103;;;0;;;;;;;;;;;;;10,2;;;;;0;0;0;523;11;0;0;0;1;0;0;0;0;0;3;3;0;0;0;;0;0;0;0;0;0;0;172;0;11,49;0,25;;11,5121;-0,24;;;0,41;1,98;;0;19,8853;19;;957;980;0;;3004;0;;;;642;0;4,2346;;63;0;;0;0;;;;11,32;4;153;0;112;0;90;0;320;2;;;0;60;;;;;;;0;-3;N;4/7/2026 02:15;15;;D;99,61;224500;59567;6;CBN8;N;13;51;1;16540;;1,4;4;1075;;10;3,8;51;40;122;0;0;0;0;0;0;0
4/7/2026 00:00;1;2026070411;7076;3;3930;3930;;12,1;9,2;;;;;;;5,3;1;;14399;;32;;;;;;19;17;19;22;21;22;1;1;1;1;1;1;224477,7886;103;;;0;;;;;;;;;;;2300;;10,2;;;;;0;0;0;509;9;0;0;0;0;1;0;0;0;0;2;1;0;0;0;;0;0;0;0;0;0;0;130;0;11,5056;0,25;;11,572;-0,2244;;;0,41;1,98;;0;20,4322;19;974;957;974;0;;3004;0;;;;642;0;4,2481;;63;0;;0;1;;;;11,32;1;153;0;112;0;90;1;320;2;;;0;60;;;;;;300;0;-3;N;4/7/2026 06:15;630;;D;99,59;224500;59568;7;CBN8;N;11;36;1;16540;;1,4;4;;;;3,81;51;39;122;0;0;0;0;0;0;0
4/7/2026 00:00;2;2026070412;7076;3;3930,1667;3930,1667;;12,1;9,2;;;;;;;5,3;14;;14400;;;;;;;;;17;19;;21;22;1;1;1;1;1;1;224477,8634;103;;;0;;;;;;;;;;;2300;;10,2;;;;;0;0;0;516;10;0;1;0;0;0;0;0;0;0;3;3;0;0;0;;0;0;0;0;0;0;0;145,3333;0;11,54;0,25;;11,5584;-0,19;;;0,41;1,98;;0;29,2636;19;;957;974;0;3248;3248;0;36;11;663;663;0;4,245;1,5;64;0;;0;1;;;;11,32;5;153;0;112;0;90;0;320;2;;;0;60;;;;;;300;0;1;N;4/7/2026 10:15;630;;D;99,59;224500;59569;8;CBN8;N;11;36;1;16541;;1,4;4;;;;3,8;51;39;122;0;0;0;0;0;0;0
4/7/2026 00:00;3;2026070423;7076;3;3930,3333;3930,3333;;12,1;9,2;;;;;;;5,3;7;;14400;;;;;;;;;17;19;;21;22;1;1;1;1;1;1;224477,2244;103;;;0;;;;;;;;;;;2300;;10,2;;;;;0;0;0;515;9;0;0;0;0;0;0;0;0;0;4;4;0;0;0;;0;0;0;0;0;0;0;143;0;11,54;0,25;;11,6154;-0,19;;;0,41;1,98;;0;30,0971;19;;957;974;0;3234;3234;0;52;9;655;655;0;4,2578;;65;0;;0;1;;;;11,32;2;153;0;112;0;90;0;320;2;;;0;60;;;;;;300;0;1;N;4/7/2026 14:15;847;;D;99,6;224500;59570;9;CBN8;N;9;46;1;16541;;1,4;3;;;;3,84;48;37;116;0;0;0;0;0;0;0
4/7/2026 00:00;4;2026070424;7076;3;3930,5;3930,5;;12,1;9,2;;;;;;;5,3;8;;14400;;30;;;;;;;17;19;;21;22;1;1;1;1;1;1;224472,2739;103;;;0;;;;;;;;;;;2300;;10,2;;;;;0;0;1;451;7;0;0;0;0;1;0;0;0;0;0;0;0;0;1;;0;0;0;0;0;0;0;;0;12,1764;0,25;;12,2789;-0,19;;;0,41;1,98;;0;15,5211;19;;957;974;0;3335;3335;0;46;9;647;647;0;4,4068;;95;0;;0;1;;;;11,32;6;153;0;112;0;90;0;320;2;;;0;60;;;;;;300;0;1;N;4/7/2026 18:15;847;;D;99,6;224500;59571;0;CBN8;N;9;46;1;16542;;1,4;3;;;;4,3;48;37;116;0;0;0;0;0;0;0
4/7/2026 00:00;5;2026070435;7076;3;3930,6667;3930,6667;;12,1;9,2;;;;;;;5,3;0;;14401;;;;;;;;;17;19;;21;22;1;1;1;1;1;1;224477,4082;103;;;0;;;;;;;;;;;2300;;10,2;;;;;0;0;0;547;9;0;0;0;0;0;0;0;0;0;4;4;0;0;0;;0;0;0;0;0;0;0;156,25;0;12,0249;0,25;;12,11;-0,19;;;0,41;1,98;;0;31,8099;19;;957;974;0;3482;3482;0;49;11;665;665;0;4,3689;;66;0;;0;1;;;;11,32;0;153;0;112;0;90;1;320;2;;;0;60;;;;;;300;0;1;N;4/7/2026 22:15;456;;D;99,57;224500;59572;1;CBN8;N;11;49;;;;1,4;4;;;;4,18;48;38;118;0;0;0;0;0;0;0
4/7/2026 00:00;6;2026070436;7076;3;3930,8333;3930,8333;;12,1;9,2;;;;;;;5,3;17;;14400;;;;;;;;;17;19;;21;22;1;1;1;1;1;1;224479,7069;103;;;0;;;;;;;;;;;2300;;10,2;;;;;0;0;0;512;10;0;0;0;0;0;0;0;0;0;1;1;0;0;0;;1;0;0;0;0;0;0;119;0;11,8519;0,25;;11,9094;-0,19;;;0,41;1,98;;0;42,9688;19;;957;974;0;3570;3570;0;41;11;659;659;0;4,3238;;72;0;;0;0;;;;11,32;5;153;0;112;0;90;1;320;2;;;0;60;;;;;;300;0;1;N;5/7/2026 02:15;664;;D;99,56;224500;59573;2;CBN8;N;11;41;1;16543;;1,4;4;;;;4,04;49;36;118;0;0;0;0;0;0;0
5/7/2026 00:00;1;2026070511;7076;3;3931;3931;;12,1;9,2;;;;;;;5,3;18;;14398;;11;;;;-200;-69;;17;19;;21;22;1;1;1;1;1;1;224481,6199;103;;;0;;;;;;;;;2031;2031;2300;2100;10,2;;;;;0;0;0;510;9;0;0;0;0;1;0;0;0;0;1;0;0;0;0;;2;0;0;0;0;0;0;;0;11,6807;0,25;;11,7498;-0,19;;;0,41;1,98;;0;37,451;19;;957;974;0;3685;3685;0;34;12;667;667;0;4,288;;89;0;;0;1;;;;11,32;5;153;0;112;0;90;1;320;2;;;0;60;;;;;;300;0;1;N;5/7/2026 06:15;590;;D;99,54;224500;59574;3;CBN8;N;12;34;1;16543;;1,4;4;2260;;11;3,93;51;36;122;0;0;0;0;0;0;0
5/7/2026 00:00;2;2026070512;7076;3;3931,1667;3931,1667;;12,1;9,2;;;;;;;5,3;2;;14400;14;;;;;;;;17;19;;21;22;1;1;1;1;1;1;224478,9554;103;;;0,5694;;300;300;;;;;;;;;;10,2;;;;;0;0;0;453;9;0;0;0;1;0;0;0;0;0;1;1;0;1;0;;1;0;0;0;0;0;0;116;0;11,5491;0,25;;11,6183;-0,19;;;0,41;1,98;;0;43,4879;19;;957;974;0;;3685;0;;;;667;0;4,2585;;67;0;;0;1;;;;11,32;1;153;0;112;0;90;0;320;2;;;0;60;;;;;;;0;1;N;5/7/2026 10:15;590;;D;99,54;224500;59575;4;CBN8;N;12;34;1;16544;;1,4;4;;;;3,84;51;36;122;0;0;0;0;0;0;0
5/7/2026 00:00;3;2026070523;7076;3;3931,3333;3931,3333;9,6;12,1;9,6;;;;;;5,1;5,1;0;;14402;;;;;;;;18;17;18;21;21;21;1;1;1;1;1;1;224477,8526;103;;;0;;;;;;;;;;;2300;;10,2;;;;;0;0;0;515;9;0;0;0;0;0;0;0;0;0;4;4;0;0;0;;0;0;0;0;0;0;0;149,5;0;11,54;0,25;;11,6275;-0,19;;;0,41;1,98;;0;29,7087;19;971;957;971;0;3785;3785;0;33;12;655;655;0;4,2605;;66;0;;0;1;;;;11,32;0;153;0;112;0;90;0;320;2;;;0;60;;;;;;;0;1;N;5/7/2026 14:15;293;;D;99,53;224500;59576;5;CBN8;N;12;33;1;16544;;1,4;4;;;;3,83;52;36;122;0;0;0;0;0;0;0
5/7/2026 00:00;4;2026070524;7076;3;3931,5;3931,5;;12,1;9,6;;;;;;;5,1;14;;14398;;9;;;;;;;17;18;;21;21;1;1;1;1;1;1;224477,7562;103;;;0;;;;;;;;;;;2300;;10,2;;;;;0;0;0;527;8;0;0;0;0;1;0;0;0;0;3;3;0;0;1;;0;0;0;0;0;0;0;196,6667;0;11,54;0,25;;11,6271;-0,19;;;0,41;1,98;;0;18,4061;19;;957;971;0;3893;3893;0;33;11;657;657;0;4,2604;1,4;70;0;;0;1;;;;11,32;4;153;0;112;0;90;0;320;2;;;0;60;;;;;;;0;0;N;5/7/2026 18:15;844;;D;99,52;224500;59577;6;CBN8;N;11;33;1;16545;;1,4;4;;;;3,83;51;36;122;0;0;0;0;0;0;0
5/7/2026 00:00;5;2026070535;7076;3;3931,6667;3931,6667;;12,1;9,6;;;;;;;5,1;9;;14399;;32;;;;;;;17;18;;21;21;1;1;1;1;1;1;224477,6867;103;;;6,0208;;;;;;;;;;;2300;;10,2;;;;;0;0;1;488;7;0;0;0;0;1;0;0;0;0;1;1;0;0;0;;0;0;0;0;0;0;0;194;0;12,0754;0,25;;12,106;-0,19;;;0,41;1,98;;0;16,1885;11;;957;971;0;3968;3968;0;34;12;665;665;0;4,368;;113;0;;0;1;;;;11,32;8;153;0;112;0;90;0;320;2;;;0;60;;;;;;;0;0;N;5/7/2026 22:15;502;;D;99,51;224500;59578;0;CBN8;N;12;34;;;;1,4;4;;;;4,15;52;37;124;0;0;0;0;0;0;0
5/7/2026 00:00;6;2026070536;7076;3;3931,8333;3931,8333;;12,1;9,6;;;;;;;5,1;8;;14402;;22;;;;;;;17;18;;21;21;1;1;1;1;1;1;224477,3333;103;;;0;;;;;;;;;;;2300;;10,2;;;;;0;0;0;452;8;0;0;0;0;1;0;0;2;0;2;2;0;0;0;;0;0;0;0;0;0;0;150,5;0;12,0577;0,25;;12,1038;-0,19;;;0,41;1,98;;0;34,5133;11;;957;971;0;3965;3965;0;32;10;657;657;0;4,3675;;71;0;;0;0;;;;11,32;2;153;0;112;0;90;0;320;2;;;0;60;;;;;;;0;0;N;6/7/2026 02:15;-29;;D;99,51;224500;59579;1;CBN8;N;10;32;1;16546;;1,4;4;;;;4,15;51;36;121;0;0;0;0;0;0;0
6/7/2026 00:00;1;2026070611;7076;3;3932;3932;;12,1;9,6;;;;;;;5,1;3;;14397;;45;;;;;;;17;18;;21;21;1;1;1;1;1;1;224476,0125;103;;;0;;;;;;;;;;;2300;;10,2;;;;;0;0;0;448;8;0;0;0;0;1;0;0;0;0;2;2;0;0;0;;0;0;0;0;0;0;0;150;0;11,8864;0,25;;12,0204;-0,19;;;0,41;1,98;;0;18,9732;11;;957;971;0;4088;4088;0;27;13;666;666;0;4,3487;;73;0;;0;1;;;;11,32;3;153;0;112;0;90;0;320;2;;;0;60;;;;;;;0;0;N;6/7/2026 06:15;450;;D;99,5;224500;59580;2;CBN8;N;13;27;1;16546;;1,4;4;;;;4,09;52;36;122;0;0;0;0;0;0;0
6/7/2026 00:00;2;2026070612;7076;3;3932,1667;3932,1667;;12,1;9,6;;;;;;;5,1;14;;14401;;;;;;;;;17;18;;21;21;1;1;1;1;1;1;224476,5556;103;;;0;;;;;;;;;;;2300;;10,2;;;;;0;0;0;439;10;0;0;0;0;0;0;0;0;0;2;2;0;3;0;;1;0;0;0;0;0;0;119,5;0;11,7153;0,25;;11,7989;-0,19;;;0,41;1,98;;0;58,5421;11;;957;971;0;;4088;0;;;;666;0;4,299;;93;0;;0;1;;;;11,32;5;153;0;112;0;90;0;320;2;;;0;60;;;;;;;0;0;N;6/7/2026 10:15;450;;D;99,5;224500;59581;3;CBN8;N;13;27;1;16547;;1,4;4;;;;3,94;52;36;122;0;0;0;0;0;0;0
6/7/2026 00:00;3;2026070623;7076;3;3932,3333;3932,3333;;12,1;9,6;;;;;;;5,1;9;;14399;;15;;;;40;0;;17;18;;21;21;1;1;1;1;1;1;224478,0911;103;;;0;;;;;;;;;2340;2340;2300;2340;10,2;;;;;14;4;0;482;9;0;0;0;0;1;0;0;0;0;2;2;0;1;0;;0;0;0;0;0;0;0;153,5;0;11,7466;0,25;;11,8163;-0,19;;;0,41;1,98;;0;24,2739;11;;957;971;61,0737;4269;4269;31,8842;39;16;670;670;0;4,3029;;144;0;;0;1;;;;11,32;9;155;0;113;0;90;0;320;2;;;0;60;;;;;;;0;0;N;6/7/2026 14:15;527;;D;99,48;224500;59582;4;CBN8;N;16;39;1;16547;;1,4;4;2340;;2;3,95;52;35;123;0,1894;0;0;0;0;0;0
6/7/2026 00:00;4;2026070624;7076;3;3932,5;3932,5;;12,1;9,6;;;;;;;5,1;13;;14400;;9;;;;;;;17;18;;21;21;1;1;1;1;1;1;224472,3056;103;;;0;;;;;;;;;;;;;10,2;;;;;23;4;0;512;10;0;0;0;0;1;0;0;0;0;0;0;0;0;0;;0;0;0;0;0;0;0;;0;11,7142;0,25;;11,7584;-0,19;;;0,41;1,98;;0;0;11;;957;971;100;4195;4195;100;33;13;663;663;0;4,2899;;164;0;;0;1;;;;11,32;13;155;0;113;0;90;0;320;2;;;0;60;;;;;;;0;0;N;6/7/2026 18:15;-600;;D;99,49;224500;59583;5;CBN8;N;13;33;1;16548;;1,4;4;;;;3,91;52;35;121;0,1694;0;0;0;0;0;0
6/7/2026 00:00;5;2026070635;7076;3;3932,6667;3932,6667;;12,1;9,6;;;;;;;5,1;15;;14399;;7;;;;;;21;17;21;20;21;20;1;1;1;1;1;1;224479,2486;103;;;0;;;;;;;;;;;2300;;10,2;;;;;22;12;0;512;9;0;0;0;0;1;0;0;0;0;0;0;0;0;0;;0;0;0;0;0;0;0;;0;11,896;0,25;;11,9474;-0,1025;;;0,4242;2,02;2,02;0;0;11;958;957;958;100;4351;4351;100;61;13;667;667;0;4,3324;;164;0;;0;1;;;;11,32;15;155;0;113;0;90;0;320;2;;;0;60;;;;;;400;0;0;N;6/7/2026 22:15;963;;D;99,46;224500;59584;6;CBN8;N;13;61;;;;1,4;4;;;;3,93;53;35;123;0,2358;0;0;0;0;0;0
6/7/2026 00:00;6;2026070636;7076;3;3932,8333;3932,8333;;12,1;9,6;;;;;;;5,1;3;;14401;;15;914;;914;;;;17;21;;21;20;1;1;1;1;1;1;224479,3166;103;;;0;;;;;;;;;;;2300;;10,2;;;4;;0;0;0;597;8;0;1;0;0;1;0;1;0;0;2;2;0;0;1;;0;1;0;0;0;0;0;154;0;11,79;0,25;;12,0568;0,02;;;0,45;2,02;;0,0706;22,2781;11;;957;958;1,3402;4398;4398;1,3402;68;12;667;667;0;4,3567;1,9;61;0;;0;0;64;19,7188;;11,32;3;155;1262;113;64;90;0;320;2;;;0;60;;;;;;400;0;-1;N;7/7/2026 02:15;425;;D;99,46;224500;59585;7;CBN8;N;12;68;1;16549;;1,4;4;;;;4,01;51;34;120;0,0644;15,2833;36;0;0;0;0
7/7/2026 00:00;1;2026070711;7076;3;3933;3933;;12,1;9,6;;;;;;;5,1;7;;14399;;35;;;;;;;17;21;;21;20;1;1;1;1;1;1;224477,4382;103;;;0;;;;;;;;;;;2300;;10,2;;;;;0;0;1;443;4;0;0;0;0;1;0;0;0;0;1;1;0;0;0;;0;0;0;0;0;0;0;183;0;12,3268;0,25;;12,3656;0,02;;;0,45;2,02;;0;25,0564;11;;957;958;0;4306;4306;0;29;5;665;665;0;4,4262;;92;0;;0;1;;;;11,32;4;155;0;113;0;90;0;320;2;;;0;60;;;;;;400;0;-1;N;7/7/2026 06:15;1237;;D;99,48;224500;59586;0;CBN8;N;5;29;1;16549;;1,4;4;;;;4,21;51;35;120;0;0;0;0;0;0;0
7/7/2026 00:00;2;2026070712;7076;3;3933,1667;3933,1667;;12,1;9,6;;;;;;;5,1;1;;14400;;17;;;;;;;17;21;;21;20;1;1;1;1;1;1;224479,511;103;;;0;;;;;;;;;;;2300;;10,2;;;;;0;0;0;507;7;0;0;0;0;1;0;0;0;0;3;3;0;0;0;;0;0;0;0;0;0;0;147,3333;0;12,304;0,25;;12,4393;0,02;;;0,45;2,02;;0;19,3294;11;;957;958;0;;4306;0;;;;665;0;4,4428;;70;0;;0;1;;;;11,32;1;155;0;113;0;90;0;320;2;;;0;60;;;;;;400;0;-1;N;7/7/2026 10:15;1237;;D;99,48;224500;59587;1;CBN8;N;5;29;1;16550;;1,4;4;;;;4,26;51;35;120;0;0;0;0;0;0;0
7/7/2026 00:00;3;2026070723;7076;3;3933,3333;3933,3333;;12,1;9,6;;;;;;;5,1;2;;14401;;;;;;;;;17;21;;21;20;1;1;1;1;1;1;224480,4417;103;;;0;;;;;;;;;;;2300;;10,2;;;;;0;0;0;474;8;0;0;0;0;0;0;0;0;0;3;3;0;1;0;;0;0;0;0;0;0;0;126,6667;0;12,1346;0,25;;12,2316;0,02;;;0,45;2,02;;0;43,038;11;;957;958;0;4409;4409;0;52;14;668;668;0;4,3962;;68;0;;0;1;;;;11,32;2;155;0;113;0;90;0;320;2;;;0;60;;;;;;400;0;-1;N;7/7/2026 14:15;365;;D;99,46;224500;59588;2;CBN8;N;14;52;1;16550;;1,4;4;;;;4,12;51;35;120;0;0;0;0;0;0;0
7/7/2026 00:00;4;2026070724;7076;3;3933,5;3933,5;;12,1;9,6;;;;;;;5,1;8;;14399;;;;;;;;;17;21;;21;20;1;1;1;1;1;1;224478,2926;103;;;0;;;;;;;;;;;2300;;10,2;;;;;0;0;0;448;8;0;0;0;0;0;0;0;0;0;3;3;0;3;0;;1;0;0;0;0;0;0;153,3333;0;11,9672;0,25;;12,0578;0,02;;;0,45;2,02;;0;53,3482;11;;957;958;0;4268;4268;0;69;9;665;665;0;4,3572;;104;0;;0;1;;;;11,32;4;155;0;113;0;90;0;320;2;;;0;60;;;;;;400;0;-1;N;7/7/2026 18:15;-789;;D;99,47;224500;59589;3;CBN8;N;9;69;1;16551;;1,4;4;;;;4,01;52;35;122;0;0;0;0;0;0;0
7/7/2026 00:00;5;2026070735;7076;3;3933,6667;3933,6667;;12,1;9,6;;;;;;;5,1;1;;14399;;;;;;-120;0;;17;21;;21;20;1;1;1;1;1;1;224481,3907;103;;;0;;;;;;;;;2180;2016;2300;2180;10,2;;;;;0;0;0;526;8;0;0;0;0;0;0;0;0;0;4;4;0;1;0;;0;0;0;0;0;0;0;161,75;0;11,8157;0,25;;11,9116;0,02;;;0,45;2,02;;0;25,0951;11;;957;958;0;4256;4256;0;49;13;656;656;0;4,3243;;117;0;;0;1;;;;11,32;1;155;0;113;0;90;0;320;2;;;0;60;;;;;;400;0;-1;N;7/7/2026 22:15;-73;;D;99,48;224500;59590;4;CBN8;N;13;49;;;;1,4;4;2180;;2;3,91;51;34;120;0;0;0;0;0;0;0
7/7/2026 00:00;6;2026070736;7076;3;3933,8333;3933,8333;;12,1;9,6;;;;;;;5,1;0;;14400;12;;;;;;;;17;21;;21;20;1;1;1;1;1;1;224482,3006;103;;;2,0833;;400;400;;;;;;;;;;10,2;200;;;;0;0;0;520;8;0;0;0;1;0;0;0;0;0;3;3;0;0;0;;0;0;0;0;0;0;0;206,6667;0;11,79;0,25;;11,8806;0,02;;;0,45;2,02;;0;23,2692;11;;957;958;0;4192;4192;0;59;13;655;655;0;4,3174;;78;0;;0;0;;;;11,32;0;155;0;113;0;90;0;320;2;;;0;60;;;;;;;0;-1;N;8/7/2026 02:15;-618;;D;99,48;224500;59591;5;CBN8;N;13;59;1;16552;;1,4;4;;;;3,89;50;34;118;0;0;0;0;0;0;0
8/7/2026 00:00;1;2026070811;7076;3;3934;3934;;12,1;9,6;;;;;;;5,1;17;;14400;;;;;;;;14;17;14;22;21;22;1;1;1;1;1;1;224481,1141;103;;;0;;;;;;;;;;;2300;;10,2;;;;;0;0;0;591;8;0;0;0;0;0;0;0;0;0;3;1;0;0;0;;0;0;0;0;0;0;0;202;0;11,7802;0,25;;11,8392;0,0102;;;0,45;2,02;;0;15,2284;11;957;957;957;0;4175;4175;0;63;18;647;647;0;4,3081;;79;0;;0;1;;;;11,32;7;155;0;113;0;90;1;320;2;;;0;60;;;;;;-300;0;-1;N;8/7/2026 06:15;-66;;D;99,49;224500;59592;6;CBN8;N;18;63;1;16552;;1,4;4;;;;3,86;53;35;123;0;0;0;0;0;0;0
8/7/2026 00:00;2;2026070812;7076;3;3934,1667;3934,1667;12,51;12,1;12,51;;;;;;4,94;4,94;11;;14401;;12;;;;;;;17;14;;21;22;1;1;1;1;1;1;224482,0637;103;;;0;;;;;;;;;;;2300;;10,2;;;;;0;0;0;484;7;0;0;0;0;2;0;0;0;0;1;1;0;1;1;;0;0;0;0;0;0;0;117;0;11,77;0,25;;11,834;0;;;0,45;2,02;;0;24,5868;11;;957;957;0;;4175;0;;;;647;0;4,3069;1,9;77;0;;0;1;;;;11,32;6;155;0;113;0;90;0;320;2;;;0;60;;;;;;-300;0;1;N;8/7/2026 10:15;-66;;D;99,49;224500;59593;7;CBN8;N;18;63;1;16553;;1,4;4;;;;3,85;53;35;123;0;0;0;0;0;0;0
8/7/2026 00:00;3;2026070823;7076;3;3934,3333;3934,3333;;12,1;12,51;;;;;;;4,94;11;;14398;;;;;;;;;17;14;;21;22;1;1;1;1;1;1;224479,4831;103;;;0;;;;;;;;;;;2300;;10,2;;;;;0;0;1;554;8;0;0;0;0;0;0;0;0;0;3;3;0;0;0;;0;0;0;0;0;0;0;233,6667;0;11,9526;0,25;;11,9766;0;;;0,45;2,02;;0;20,3971;11;;957;957;0;4256;4256;0;65;11;643;643;0;4,3389;;92;0;;0;1;;;;11,32;8;155;0;113;0;90;0;320;2;;;0;60;;;;;;-300;0;1;N;8/7/2026 14:15;228;;D;99,48;224500;59594;0;CBN8;N;11;65;1;16553;;1,4;4;;;;3,95;53;34;124;0;0;0;0;0;0;0
8/7/2026 00:00;4;2026070824;7076;3;3934,5;3934,5;;12,1;12,51;;;;;;;4,94;8;;14400;;13,5;;;;;;;17;14;;21;22;1;1;1;1;1;1;224474,5;103;;;0;;;;;;;;;;;2300;;10,2;;;;;0;0;0;438;4;0;0;0;0;2;0;0;0;0;0;0;0;1;0;;1;0;0;0;0;0;0;;0;12,3773;0,25;;12,4827;0;;;0,45;2,02;;0;39,2694;10;;957;957;0;4152;4152;0;61;15;643;643;0;4,4525;;69;0;;0;1;;;;11,32;3;155;0;113;0;90;0;320;2;;;0;60;;;;;;-300;0;1;N;8/7/2026 18:15;-661;;D;99,49;224500;59595;1;CBN8;N;15;61;1;16554;;1,4;4;;;;4,16;53;34;123;0;0;0;0;0;0;0
8/7/2026 00:00;5;2026070835;7076;3;3934,6667;3934,6667;;12,1;12,51;;;;;;;4,94;11;;14401;;;;;;;;;17;14;;21;22;1;1;1;1;1;1;224478,7222;103;;;0;;;;;;;;;;;2300;;10,2;;;;;0;0;0;477;6;0;0;0;0;0;0;0;0;0;4;4;0;3;0;;0;0;0;0;0;0;0;147;0;12,2036;0,25;;12,2744;0;;;0,45;2,02;;0;41,9287;10;;957;957;0;4327;4327;0;56;19;646;646;0;4,4058;;77;0;;0;1;;;;11,32;4;155;0;113;0;90;0;320;2;;;0;60;;;;;;-300;0;1;N;8/7/2026 22:15;1748;;D;99,48;224500;59596;2;CBN8;N;19;56;;;;1,4;4;;;;4,02;51;34;123;0;0;0;0;0;0;0
8/7/2026 00:00;6;2026070836;7076;3;3934,8333;3934,8333;;12,1;12,51;;;;;;;4,94;17;;14401;;;;;;;;;17;14;;21;22;1;1;1;1;1;1;224480,0319;103;;;0;;;;;;;;;;;2300;;10,2;;;;;0;0;0;580;6;0;0;0;0;0;0;0;0;0;3;3;0;2;0;;0;0;0;0;0;0;0;155,3333;0;12,0346;0,25;;12,1231;0;;;0,45;2,02;;0;20,3448;10;;957;957;0;4351;4351;0;73;12;647;647;0;4,3718;;87;0;;0;0;;;;11,32;5;155;0;113;0;90;1;320;2;;;0;60;;;;;;-300;0;1;N;9/7/2026 02:15;227;;D;99,47;224500;59597;3;CBN8;N;12;73;1;16555;;1,4;4;;;;3,92;53;34;125;0;0;0;0;0;0;0
9/7/2026 00:00;1;2026070911;7076;3;3935;3935;;12,1;12,51;;;;;;;4,94;8;;14397;;;;;;0;0;;17;14;;21;22;1;1;1;1;1;1;224478,366;103;;;0;;;;;;;;;2300;2330;2300;2300;10,2;;;;;2;0;0;478;7;0;0;0;0;0;0;0;0;0;3;3;0;1;0;;0;0;0;0;0;0;0;156,3333;0;11,8649;0,25;;11,9125;0;;;0,45;2,02;;0;40,3766;10;;957;957;0;4084;4084;0;67;12;623;623;0;4,3245;;129;0;;0;1;;;;11,32;4;155;0;113;0;90;0;320;2;;;0;60;;;;;;-300;0;1;N;9/7/2026 06:15;-928;;D;99,5;224500;59598;4;CBN8;N;12;67;1;16555;;1,4;4;2300;;7;3,79;51;34;121;0;0;0;0;0;0;0
9/7/2026 00:00;2;2026070912;7076;3;3935,1667;3935,1667;;12,1;12,51;;;;;;;4,94;3;;14400;15;;;;;;;;17;14;;21;22;1;1;1;1;1;1;224476,9573;103;;;0,5139;300;-300;;;;;;;;;;;10,2;;;;;0;0;0;512;6;0;0;0;1;0;0;0;0;0;4;4;0;0;0;;0;0;0;0;0;0;0;202;0;11,7702;0,25;;11,8447;0;;;0,45;2,02;;0;19,9219;10;;957;957;0;;4084;0;;;;623;0;4,3093;;100;0;;0;1;;;;11,32;1;155;0;113;0;90;0;320;2;;;0;60;;;;;;;0;1;N;9/7/2026 10:15;-928;;D;99,5;224500;59599;5;CBN8;N;12;67;1;16556;;1,4;4;;;;3,74;51;34;121;0;0;0;0;0;0;0
9/7/2026 00:00;3;2026070923;7076;3;3935,3333;3935,3333;;12,1;12,51;;;;;;;4,94;4;;14400;;;;;;;;20;17;20;21;21;21;1;1;1;1;1;1;224477,4707;103;;;0;;;;;;;;;;;2300;;10,2;;;;;0;0;0;581;6;0;0;0;0;0;0;0;0;0;3;3;0;0;0;;0;0;0;0;0;0;0;163;0;11,7913;0,25;;11,8634;0,0213;;;0,45;2,02;;0;20,3098;10;955;957;955;0;;4084;0;;;;623;0;4,3135;;97;0;;0;1;;;;11,32;2;155;0;113;0;90;1;320;2;;;0;60;;;;;;400;0;1;N;9/7/2026 14:15;535;;D;99,48;224500;59600;6;CBN8;N;13;74;1;16556;;1,4;4;;;;3,75;52;33;124;0;0;0;0;0;0;0
9/7/2026 00:00;4;2026070924;7076;3;3935,5;3935,5;;12,1;12,51;;;;;;;4,94;3;;14401;;14;;;;;;;17;20;;21;21;1;1;1;1;1;1;224478,1899;103;;;0;;;;;;;;;;;2300;;10,2;;;;;0;0;0;515;5;0;0;0;0;1;0;0;0;0;4;4;0;0;1;;0;0;0;0;0;0;0;199,75;0;11,81;0,25;;11,9101;0,04;;;0,45;2,02;;0;17,8641;10;;957;955;0;4401;4401;0;94;17;641;641;0;4,324;;104;0;;0;1;;;;11,32;2;155;0;113;0;90;0;320;2;;;0;60;;;;;;400;0;0;N;9/7/2026 18:15;1089;;D;99,47;224500;59601;7;CBN8;N;17;94;1;16557;;1,4;4;;;;3,78;52;33;125;0;0;0;0;0;0;0
9/7/2026 00:00;5;2026070935;7076;3;3935,6667;3935,6667;;12,1;12,51;;;;;;;4,94;9;;14398;;;;;;;;;17;20;;21;21;1;1;1;1;1;1;224475,3578;103;;;0;;;;;;;;;;;2300;;10,2;;;;;0;0;1;549;6;0;0;0;0;0;0;0;0;0;2;2;0;0;0;;0;0;0;0;0;0;0;217;0;12,0328;0,25;;12,101;0,04;;;0,45;2,02;;0;14,2077;10;;957;955;0;4393;4393;0;72;12;635;635;0;4,3668;;130;0;;0;1;;;;11,32;7;155;0;113;0;90;0;320;2;;;0;60;;;;;;400;0;0;N;9/7/2026 22:15;2655;;D;99,47;224500;59602;0;CBN8;N;12;72;;;;1,4;4;;;;3,9;52;33;124;0;0;0;0;0;0;0
9/7/2026 00:00;6;2026070936;7076;3;3935,8333;3935,8333;;12,1;12,51;;;;;;;4,94;3;;14400;;22;;;;;;;17;20;;21;21;1;1;1;1;1;1;224473,8403;103;;;0;;;;;;;;;;;2300;;10,2;;;;;0;0;0;429;3;0;0;0;0;2;0;0;0;0;0;0;0;1;0;;1;0;0;0;0;0;0;;0;12,4063;0,25;;12,5545;0,04;;;0,45;2,02;;0;36,1305;10;;957;955;0;;4393;0;;;;635;0;4,4687;;69;0;;0;0;;;;11,32;3;155;0;113;0;90;0;320;2;;;0;60;;;;;;400;0;0;N;10/7/2026 02:15;2655;;D;99,47;224500;59603;1;CBN8;N;12;72;1;16558;;1,4;4;;;;4,2;52;33;124;0;0;0;0;0;0;0
10/7/2026 00:00;1;2026071011;7076;3;3936;3936;;12,1;12,51;;;;;;;4,94;13;;14400;;4;;;;;;;17;20;;21;21;1;1;1;1;1;1;224477,5702;103;;;2,4236;;;;;;;;;;;2300;;10,2;;;;;0;0;0;474;7;0;0;0;0;1;0;0;0;0;1;1;0;3;0;;0;0;0;0;0;0;0;236;0;12,2346;0,25;;12,2777;0,04;;;0,45;2,02;;0;39,6624;10;;957;955;0;4410;4410;0;90;16;629;629;0;4,4065;;86;1;;0;1;;;;11,32;8;155;0;113;0;90;0;320;2;;;0;60;;;;;;400;0;0;N;10/7/2026 06:15;59;;D;99,47;224500;59604;2;CBN8;N;16;90;1;16558;;1,4;4;;;;4,01;52;33;125;0;0;0;0;0;0;0
10/7/2026 00:00;2;2026071012;7076;3;3936,1667;3936,1667;;12,1;12,51;;;;;;;4,94;11;;14400;;;;;;;;;17;20;;21;21;1;1;1;1;1;1;224477,8812;103;;;0;;;;;;;;;;;2300;;10,2;;;;;0;0;0;525;6;0;0;0;0;0;0;0;0;0;5;5;0;0;0;;0;0;0;0;0;0;0;213,6;0;12,0655;0,25;;12,1209;0,04;;;0,45;2,02;;0;25,7143;10;;957;955;0;4388;4388;0;70;17;632;632;0;4,3713;;86;0;;0;1;;;;11,32;4;155;0;113;0;90;0;320;2;;;0;60;;;;;;400;0;0;N;10/7/2026 10:15;-101;;D;99,47;224500;59605;3;CBN8;N;17;70;1;16559;;1,4;5;;;;3,91;51;33;121;0;0;0;0;0;0;0
10/7/2026 00:00;3;2026071023;7076;3;3936,3333;3936,3333;;12,1;12,51;;;;;;;4,94;3;;14400;;;;;;20;0;;17;20;;21;21;1;1;1;1;1;1;224479,0413;103;;;0;;;;;;;;;2320;2320;2300;2320;10,2;;;;;0;0;0;512;6;0;0;0;0;0;0;0;0;0;4;4;0;0;0;;0;0;0;0;0;0;0;223,25;0;11,8993;0,25;;11,978;0,04;;;0,45;2,02;;0;27,3438;10;;957;955;0;4714;4714;0;85;15;658;658;0;4,3392;;98;0;;0;1;;;;11,32;1;155;0;113;0;90;0;320;2;;;0;60;;;;;;400;0;0;N;10/7/2026 14:15;1728;;D;99,43;224500;59606;4;CBN8;N;15;85;1;16559;;1,4;4;2320;;4;3,82;54;34;134;0;0;0;0;0;0;0
10/7/2026 00:00;4;2026071024;7076;3;3936,5;3936,5;;12,1;12,51;;;;;;;4,94;11;;14399;9;;;;;;;;17;20;;21;21;1;1;1;1;1;1;224478,1135;103;;;1;;400;400;;;;;;;;;;10,2;;;;;0;0;0;543;6;0;0;0;1;0;0;0;0;0;3;2;0;0;0;;0;0;0;0;0;0;0;206,5;0;11,8102;0,25;;11,8668;0,04;;;0,45;2,02;;0;14,733;10;;957;955;0;4641;4641;0;117;9;645;645;0;4,3143;;99;0;;0;1;;;;11,32;7;155;0;113;0;90;0;320;2;;;0;60;;;;;;;0;0;N;10/7/2026 18:15;-544;;D;99,45;224500;59607;5;CBN8;N;9;117;1;16560;;1,4;4;;;;3,75;54;33;134;0;0;0;0;0;0;0
10/7/2026 00:00;5;2026071035;7076;3;3936,6667;3936,6667;15;12,1;15;;;;;;5,1;5,1;0;;14400;;;;;;;;18;17;18;21;21;21;1;1;1;1;1;1;224480,257;103;;;0;;;;;;;;;;;2300;;10,2;;;;;0;0;0;529;7;0;0;0;0;0;0;0;0;0;5;5;0;0;0;;0;0;0;0;0;0;0;227,2;0;11,8478;0,25;;11,9367;0,0778;;;0,45;2,02;;0;23,8185;10;952;957;952;0;4631;4631;0;84;11;634;634;0;4,33;;77;0;;0;1;;;;11,32;0;155;0;113;0;90;0;320;2;;;0;60;;;;;;300;0;0;N;10/7/2026 22:15;-66;;D;99,45;224500;59608;6;CBN8;N;11;84;;;;1,4;4;;;;3,78;53;33;132;0;0;0;0;0;0;0
10/7/2026 00:00;6;2026071036;7076;3;3936,8333;3936,8333;;12,1;15;;;;;;;5,1;1;;14400;;6;;;;;;;17;18;;21;21;1;1;1;1;1;1;224476,8841;103;;;0;;;;;;;;;;;2300;;10,2;;;;;0;0;0;546;5;0;0;0;0;1;0;0;0;0;3;0;0;0;1;;0;0;0;0;0;0;0;;0;11,87;0,25;;11,9525;0,1;;;0,45;2,02;;0;16,3004;10;;957;952;0;4734;4734;0;102;14;636;636;0;4,3335;1,2;80;0;;0;0;;;;11,32;1;155;0;113;0;90;0;320;2;;;0;60;;;;;;300;0;0;N;11/7/2026 02:15;1245;;D;99,44;224500;59609;7;CBN8;N;14;102;1;16561;;1,4;4;;;;3,79;53;33;134;0;0;0;0;0;0;0
11/7/2026 00:00;1;2026071111;7076;3;3937;3937;;12,1;15;;;;;;;5,1;10;;14400;;12;;;;;;;17;18;;21;21;1;1;1;1;1;1;224479,536;103;;;30,8611;;;;;;;;;;;2300;;10,2;;;;;0;0;1;518;5;0;0;0;0;1;0;0;0;0;2;2;0;0;0;;0;0;0;0;0;0;0;217;0;12,3551;0,25;;12,2718;0,1;;;0,45;2,02;;0;9,6525;20;;957;952;0;4611;4611;0;94;10;613;613;0;4,4052;;131;0;;0;1;;;;11,32;6;155;0;113;0;90;0;320;2;;;0;60;;;;;;300;0;0;N;11/7/2026 06:15;-486;;D;99,45;224500;59610;0;CBN8;N;10;94;1;16561;;1,4;4;;;;3,89;53;33;132;0;0;0;0;0;0;0
11/7/2026 00:00;2;2026071112;7076;3;3937,1667;3937,1667;;12,1;15;;;;150;;;5,1;13;;14400;;27;;;;;;;17;18;;21;21;1;1;1;1;1;1;224479,9;103;;;0;;;;;;;;;;;2300;;10,2;;;;;1;1;0;526;2;0;0;0;0;1;0;0;1;0;3;3;0;0;0;;0;0;0;0;0;0;0;217,3333;0;12,3987;0,25;;12,498;0,1;;;0,45;2,02;;0;18,4411;20;;957;952;0;4932;4932;0;60;13;643;643;0;4,456;;116;0;;0;1;;;;11,32;7;155;0;113;0;90;1;320;2;;;0;60;;;;;;300;0;0;N;11/7/2026 10:15;1696;;D;99,42;224500;59611;1;CBN8;N;13;60;1;16562;;1,4;4;;;;4,03;55;34;135;0;0;0;0;0;0;0
11/7/2026 00:00;3;2026071123;7076;3;3937,3333;3937,3333;;12,1;15;;;;;;;5,1;20;;14399;;;;;;;;23;17;23;;21;21;1;1;1;1;1;1;224478,2871;103;;;0;;;;;;;;;;;2300;;10,2;;;;;9;1;0;566;4;0;0;0;0;0;0;0;0;0;3;3;0;0;0;;0;0;0;0;0;0;0;123,6667;0;12,2272;0,25;;12,3631;0,1;;;0,45;2,02;;0;23,4982;20;;957;952;14,5843;;4932;0;;;;643;0;4,4257;;140;0;;0;1;;;;11,32;11;155;0;113;0;90;2;320;2;;;0;60;;;;;;600;0;0;N;11/7/2026 14:15;1696;;D;99,42;224500;59612;2;CBN8;N;13;60;1;16562;;1,4;4;;;;3,95;55;34;135;0;0;0;0;0;0;0
11/7/2026 00:00;4;2026071124;7076;3;3937,5;3937,5;;12,1;15;;;;;;;5,1;17;;14401;;;;;;;;;17;23;;21;21;1;1;1;1;1;1;224477,554;103;;;0;;;;;;;;;;;2300;;10,2;;;;;7;4;0;647;4;0;0;0;0;0;0;0;0;0;2;2;0;0;0;;0;0;0;0;0;0;0;119;0;12,0947;0,25;;12,3014;0,1;;;0,45;2,02;;0;23,493;20;;957;952;6,8676;4926;4926;4,7844;77;13;661;661;0;4,4118;;145;0;;0;1;;;;11,32;13;155;0;113;0;90;2;320;2;;;0;60;;;;;;600;0;0;N;11/7/2026 18:15;-236;;D;99,41;224500;59613;3;CBN8;N;13;77;1;16563;;1,4;4;;;;3,91;52;33;135;0,0543;0;0;0;0;0;0
11/7/2026 00:00;5;2026071135;7076;3;3937,6667;3937,6667;;12,1;15;;;;;;;5,1;16;;14399;;34;;;;;;;17;23;;21;21;1;1;1;1;1;1;224476,712;103;;;0;;;;;;;;;;2220;2300;;10,2;;;;;5;2;0;535;3;0;0;0;0;1;0;0;0;0;1;1;0;0;0;;0;0;0;0;0;0;0;184;0;12,1834;0,25;;12,1809;0,1;;;0,45;2,02;;0;7,4766;20;;957;952;72,0814;;4926;72,0814;;;;661;0;4,3848;;128;0;;0;1;;;;11,32;14;155;0;113;0;90;1;320;2;;;0;60;;;;;;600;0;0;N;11/7/2026 22:15;-236;;D;99,41;224500;59614;4;CBN8;N;13;77;;;;1,4;4;;;;3,83;52;33;135;0,3403;0;0;0;0;0;0
11/7/2026 00:00;6;2026071136;7076;3;3937,8333;3937,8333;;12,1;15;;;;;;;5,1;17;;14400;;;;;;;;;17;23;;21;21;1;1;1;1;1;1;224477,4467;103;;;1,9653;;300;300;;;;;;;;;2220;10,2;;;;;0;0;0;427;3;0;0;0;0;0;0;0;0;0;1;1;0;0;0;;0;0;0;0;0;0;0;115;0;11,9083;0,25;;11,8674;0,1;;;0,45;2,02;;0;27,6347;20;;957;952;21,0625;4974;4974;21,0625;47;17;683;683;0;4,3144;;90;0;;0;0;;;;11,32;13;155;0;113;0;90;0;320;2;;;0;60;;;;;;600;0;0;N;12/7/2026 02:15;177;;D;99,41;224500;59615;5;CBN8;N;17;47;1;16564;;1,4;4;2220;;7;3,64;52;33;136;0,0379;0;0;0;0;0;0
12/7/2026 00:00;1;2026071211;7076;3;3938;3938;;12,1;15;;;;;;;5,1;33;;14399;;33;;;;;;19;17;19;19;21;19;1;1;1;1;1;1;224479,4069;103;;;0;;;;;;;;;;;1100;;10,2;;;;;1;0;0;518;3;0;0;0;0;1;0;0;0;0;2;2;0;0;0;;0;0;0;0;0;0;0;150,5;0;11,8649;0,25;;11,8931;0,0949;;;0,45;2,02;;0;20,8494;20;953;957;953;0;5024;5024;0;53;14;716;716;0;4,3202;;88;0;;0;1;;;;11,32;13;155;0;113;0;90;1;320;2;;;0;60;;;;;;400;0;0;N;12/7/2026 06:15;214;;D;99,4;224500;59616;6;CBN8;N;14;53;1;16564;;1,4;4;;;;3,66;51;32;133;0;0;0;0;0;0;0
12/7/2026 00:00;2;2026071212;7076;3;3938,1667;3938,1667;;12,1;15;;;;;;;5,1;20;;14401;36;28;;;;;;;17;19;;21;19;1;1;1;1;1;1;224479,2986;103;;;0;;;;;;;;;;;1100;;10,2;;;;;1;1;0;524;4;0;0;0;1;1;0;0;0;0;1;1;0;0;1;;0;0;0;0;0;0;0;127;0;11,85;0,25;;11,9059;0,08;;;0,45;2,02;;0;14,5038;20;;957;953;0;5251;5251;0;21;15;750;750;0;4,323;0,7;88;0;;0;1;;;;11,32;12;155;0;113;0;90;1;320;2;;;0;60;;;;;;400;0;-2;N;12/7/2026 10:15;1469;;D;99,37;224500;59617;7;CBN8;N;15;21;1;16565;;1,4;4;;;;3,66;51;32;134;0;0;0;0;0;0;0
12/7/2026 00:00;3;2026071223;7076;3;3938,3333;3938,3333;;12,1;15;;;;;;;5,1;32;;14400;;;;;;;;;17;19;;21;19;1;1;1;1;1;1;224475,7866;103;;;0,1944;;;;;;;;;;;1100;;10,2;;;;;1;1;1;534;4;0;0;0;0;0;0;0;0;0;1;1;0;0;0;;0;0;0;0;0;0;0;136;0;12,1017;0,25;;12,1937;0,08;;;0,45;2,02;;0;25,8427;20;;957;953;0;4872;4872;0;36;19;725;725;0;4,3877;;146;0;;0;1;;;;11,32;18;155;0;113;0;90;1;320;2;;;0;60;;;;;;400;0;-2;N;12/7/2026 14:15;-1068;;D;99,42;224500;59618;0;CBN8;N;19;36;1;16565;;1,4;4;;;;3,85;50;33;132;0;0;0;0;0;0;0
12/7/2026 00:00;4;2026071224;7076;3;3938,5;3938,5;;12,1;15;;;;;;;5,1;1;;14399;;30;;;;;;;17;19;;21;19;1;1;1;1;1;1;224472,6995;103;;;0;;;;;;;;;;;1100;;10,2;;;;;0;0;0;450;4;0;0;0;0;2;0;0;0;0;1;1;0;0;0;;0;0;0;0;0;0;0;123;0;12,439;0,25;;12,4813;0,08;;;0,45;2,02;;0;19,5556;20;;957;953;0;4916;4916;0;56;16;738;738;0;4,4522;;75;0;;0;1;;;;11,32;1;155;0;113;0;90;0;320;2;;;0;60;;;;;;400;0;-2;N;12/7/2026 18:15;278;;D;99,41;224500;59619;1;CBN8;N;16;56;1;16566;;1,4;4;;;;4,03;51;33;135;0;0;0;0;0;0;0
12/7/2026 00:00;5;2026071235;7076;3;3938,6667;3938,6667;;12,1;15;;;;;;;5,1;28;;14400;;;;;;;;;17;19;;21;19;1;1;1;1;1;1;224470,3758;103;;;0;;;;;;;;;;;1100;;10,2;;;;;0;0;0;544;5;0;0;0;0;0;0;0;0;0;3;3;0;0;0;;0;0;0;0;0;0;0;128,3333;0;12,2674;0,25;;12,3089;0,08;;;0,45;2,02;;0;30,8824;20;;957;953;0;;4916;0;;;;738;0;4,4135;;78;0;;0;1;;;;11,32;12;155;0;113;0;90;1;320;2;;;0;60;;;;;;400;0;-2;N;12/7/2026 22:15;278;;D;99,41;224500;59620;2;CBN8;N;16;56;;;;1,4;4;;;;3,92;51;33;135;0;0;0;0;0;0;0
12/7/2026 00:00;6;2026071236;7076;3;3938,8333;3938,8333;;12,1;15;;;;;;;5,1;24;;14400;;;;;;;;;17;19;;21;19;1;1;1;1;1;1;224473,2305;103;;;0;;;;;;;;;;;1100;;10,2;;;;;0;0;0;520;5;0;0;0;0;0;0;0;0;0;3;3;0;1;0;;1;0;0;0;0;0;0;126,3333;0;12,1;0,25;;12,1881;0,08;;;0,45;2,02;;0;39,0385;20;;957;953;0;4818;4818;0;48;13;734;734;0;4,3864;;80;0;;0;0;;;;11,32;10;155;0;113;0;90;1;320;2;;;0;60;;;;;;400;0;-2;N;13/7/2026 02:15;-458;;D;99,43;224500;59621;3;CBN8;N;13;48;1;16567;;1,4;4;;;;3,84;50;33;132;0;0;0;0;0;0;0
13/7/2026 00:00;1;2026071311;7076;3;3939;3939;;12,1;15;;;;;;;5,1;11;;14400;;;;;;0;0;;17;19;;21;19;1;1;1;1;1;1;224474,4322;103;;;0;;;;;;;;;1100;1100;1100;1100;10,2;;;;;0;0;0;553;5;0;0;0;0;0;0;0;0;0;3;3;0;0;0;;0;0;0;0;0;0;0;137,3333;0;11,932;0,25;;11,9951;0,08;;;0,45;2,02;;0;28,0289;20;;957;953;0;4557;4557;0;39;16;732;732;0;4,3431;;87;0;;0;1;;;;11,32;6;155;0;113;0;90;1;320;2;;;0;60;;;;;;400;0;-2;N;13/7/2026 06:15;-1100;;D;99,46;224500;59622;4;CBN8;N;16;39;1;16567;;1,4;6;1040;;7;3,72;49;33;131;0;0;0;0;0;0;0
13/7/2026 00:00;2;2026071312;7076;3;3939,1667;3939,1667;;12,1;15;;;;;;;5,1;23;;14400;20;;;;;;;;17;19;;21;19;1;1;1;1;1;1;224476,8216;103;;;0,1667;;400;400;;;;;;;;;;10,2;240;;;;0;0;0;454;5;0;0;0;1;0;0;0;0;0;2;2;0;0;0;;0;0;0;0;0;0;0;138,5;0;11,85;0,25;;11,9147;0,08;;;0,45;2,02;;0;34,3612;20;;957;953;0;;4557;0;;;;732;0;4,325;;82;0;;1;1;;;;11,32;13;155;0;113;0;90;0;320;2;;;0;60;;;;;;;0;-2;N;13/7/2026 10:15;-1100;;D;99,46;224500;59623;5;CBN8;N;16;39;1;16568;;1,4;6;;;;3,67;49;33;131;0;0;0;0;0;0;0
13/7/2026 00:00;3;2026071323;7076;3;3939,3333;3939,3333;11,95;12,1;11,95;;;;;;6,63;6,63;18;;14400;;;;;;;;16;17;16;23;21;23;1;1;1;1;1;1;224474,5729;103;;;0;;;;;;;;;;;2700;;10,2;;;;;0;0;0;509;5;0;0;0;0;0;0;0;0;0;4;4;0;0;0;;0;0;0;0;0;0;0;180,75;0;11,8768;0,25;;11,9442;0,1068;;;0,45;2,02;;0;30,6483;20;950;957;950;0;4608;4608;0;41;15;736;736;0;4,3316;;79;0;;0;1;;;;11,32;5;155;0;113;0;90;0;320;2;;;0;60;;;;;;;0;-2;N;13/7/2026 14:15;131;;D;99,46;224500;59624;6;CBN8;N;15;41;1;16568;;1,4;21;;;;3,67;49;33;132;0;0;0;0;0;0;0
13/7/2026 00:00;4;2026071324;7076;3;3939,5;3939,5;;12,1;11,95;;;;;;;6,63;17;;14398;;;;;;;;;17;16;;21;23;1;1;1;1;1;1;224474,2133;103;;;0;;;;;;;;;;;2700;;10,2;;;;;0;0;0;575;5;0;0;0;0;0;0;0;0;0;3;3;0;0;1;;0;0;0;0;0;0;0;211,6667;0;11,9183;0,25;;12,0149;0,15;;;0,4483;1,95;1,95;0;19,4783;20;;957;950;0;;4608;0;;;;736;0;4,3475;;88;0;;0;1;;;;11,32;10;155;0;113;0;90;1;320;2;;;0;60;;;;;;;0;2;N;13/7/2026 18:15;131;;D;99,46;224500;59625;7;CBN8;N;15;41;1;16569;;1,4;21;;;;3,76;49;33;132;0;0;0;0;0;0;0
13/7/2026 00:00;5;2026071335;7076;3;3939,6667;3939,6667;;12,1;11,95;;;;;;;6,63;13;;14400;;28;;;;;;;17;16;;21;23;1;1;1;1;1;1;224476,4465;103;;;0;;;;;;;;;;;2700;;10,2;;;;;0;0;1;459;4;0;0;0;0;1;0;0;0;0;2;2;0;0;0;;0;0;0;0;0;0;0;140;0;12,1281;0,25;;12,1377;0,15;;;0,44;1,95;;0;18,7364;4;;957;950;0;;4608;0;;;;736;0;4,3751;;111;0;;0;1;;;;11,32;10;155;0;113;0;90;0;320;2;;;0;60;;;;;;;0;2;N;13/7/2026 22:15;131;;D;99,46;224500;59626;0;CBN8;N;15;41;;;;1,4;21;;;;3,93;49;33;132;0;0;0;0;0;0;0
13/7/2026 00:00;6;2026071336;7076;3;3939,8333;3939,8333;;12,1;11,95;;;;;;;6,63;9;;14400;;32;;;;;;;17;16;;21;23;1;1;1;1;1;1;224478,1389;103;;;0;;;;;;;;;;;2700;;10,2;;;;;0;0;0;401;3;0;0;0;0;2;0;0;0;0;0;0;0;0;0;;0;0;0;0;0;0;0;;0;12,5063;0,25;;12,4843;0,15;;;0,44;1,95;;0;30,1746;4;;957;950;0;4594;4594;0;37;21;741;741;0;4,4529;;71;0;;0;0;;;;11,32;8;155;0;113;0;90;0;320;2;;;0;60;;;;;;;0;2;N;14/7/2026 02:15;-37;;D;99,45;224500;59627;1;CBN8;N;21;37;1;16570;;1,4;4;;;;4,16;53;33;141;0;0;0;0;0;0;0
14/7/2026 00:00;1;2026071411;7076;3;3940;3940;;12,1;11,95;;;;;;;6,63;24;;14400;;;;;;;;;17;16;;21;23;1;1;1;1;1;1;224479,1082;103;;;0;;;;;;;;;;;2700;;10,2;;;;;0;0;0;507;6;0;0;0;0;0;0;0;0;0;2;2;0;2;0;;1;0;0;0;0;0;0;121,5;0;12,3328;0,25;;12,4213;0,15;;;0,44;1,95;;0;43,9842;4;;957;950;0;;4594;0;;;;741;0;4,4388;;78;0;;0;1;;;;11,32;7;155;0;113;0;90;1;320;2;;;0;60;;;;;;;0;2;N;14/7/2026 06:15;-687;;D;99,47;224500;59628;2;CBN8;N;19;33;1;16570;;1,4;4;;;;4,11;53;34;139;0;0;0;0;0;0;0
14/7/2026 00:00;2;2026071412;7076;3;3940,1667;3940,1667;;12,1;11,95;;;;;;;6,63;2;;14401;;;;;;;;;17;16;;21;23;1;1;1;1;1;1;224475,0139;103;;;0;;;;;;;;;;;2700;;10,2;;;;;0;0;0;550;6;0;0;0;0;0;0;0;0;0;4;4;0;1;0;;0;0;0;0;0;0;0;170;0;12,1619;0,25;;12,2841;0,15;;;0,44;1,95;;0;29,0909;4;;957;950;0;4378;4378;0;33;19;742;742;0;4,4079;;81;0;;0;1;;;;11,32;1;155;0;113;0;90;1;320;2;;;0;60;;;;;;;0;2;N;14/7/2026 10:15;-687;;D;99,47;224500;59629;3;CBN8;N;19;33;1;16571;;1,4;4;;;;4,03;53;34;139;0;0;0;0;0;0;0
14/7/2026 00:00;3;2026071423;7076;3;3940,3333;3940,3333;;12,1;11,95;;;;;;;6,63;10;;14400;;;;;;0;59;;17;16;;21;23;1;1;1;1;1;1;224474,6006;103;;;0;;;;;;;;;2759;2759;2700;2700;10,2;;;;;0;0;0;438;6;0;0;0;0;0;0;0;0;0;1;1;0;0;0;;1;0;0;0;0;0;0;121;0;11,9902;0,25;;12,0247;0,15;;;0,44;1,95;;0;55,2511;4;;957;950;0;4449;4449;0;37;15;739;739;0;4,3497;;68;0;;0;1;;;;11,32;3;155;0;113;0;90;0;320;2;;;0;60;;;;;;;0;2;N;14/7/2026 14:15;232;;D;99,47;224500;59630;4;CBN8;N;15;37;1;16571;;1,43;4;2700;;7;3,86;52;34;138;0;0;0;0;0;0;0
14/7/2026 00:00;4;2026071424;7076;3;3940,5;3940,5;;12,1;11,95;;;;;;;6,63;13;;14397;19;;;;;;;;17;16;;21;23;1;1;1;1;1;1;224478,6369;103;;;0;;;;;;;;;;;;;10,2;;;;;0;0;0;494;5;0;0;0;1;0;0;0;0;0;3;3;0;0;0;;0;0;0;0;0;0;0;164,3333;0;11,91;0,25;;11,9616;0,15;;;0,44;1,95;;0;23,4818;4;;957;950;0;;4449;0;;;;739;0;4,3355;;70;0;;0;1;;;;11,32;5;155;0;113;0;90;0;320;2;;;0;60;;;;;;;0;2;N;14/7/2026 18:15;232;;D;99,47;224500;59631;5;CBN8;N;15;37;1;16572;;1,43;4;;;;3,82;52;34;138;0;0;0;0;0;0;0
14/7/2026 00:00;5;2026071435;7076;3;3940,6667;3940,6667;;12,1;11,95;;;;;;;6,63;15;;14401;;;;;;;;17;17;17;20;21;20;1;1;1;1;1;1;224477,8526;103;;;0;;;;;;;;;;;2300;;10,2;;;;;0;0;0;483;5;0;0;0;0;0;0;0;0;0;3;3;0;0;0;;0;0;0;0;0;0;0;154,6667;0;11,8087;0,25;;11,8686;0,0487;;;0,44;1,95;;0;39,5445;4;963;957;963;0;;4449;0;;;;739;0;4,3147;;72;0;;0;1;;;;11,32;5;155;0;113;0;90;0;320;2;;;0;60;;;;;;;0;2;N;14/7/2026 22:15;232;;D;99,47;224500;59632;6;CBN8;N;15;37;;;;1,43;4;;;;3,83;52;34;138;0;0;0;0;0;0;0
14/7/2026 00:00;6;2026071436;7076;3;3940,8333;3940,8333;;12,1;11,95;;;;;;;6,63;0;;14401;;17;;;;;;;17;17;;21;20;1;1;1;1;1;1;224475,2864;103;;;0;;;;;;;;;;;2300;;10,2;;;;;0;0;0;493;7;0;0;0;0;1;0;0;0;0;3;3;0;0;1;;0;0;0;0;0;0;0;149,3333;0;11,63;0,25;;11,7036;-0,13;;;0,44;1,95;;0;23,5294;4;;957;963;0;4384;4384;0;39;13;730;730;0;4,2776;1,9;77;0;;0;0;;;;11,32;0;155;0;113;0;90;0;320;2;;;0;60;;;;;;;0;-1;N;15/7/2026 02:15;-174;;D;99,47;224500;59633;7;CBN8;N;13;39;1;16573;;1,43;4;;;;3,72;51;35;135;0;0;0;0;0;0;0
15/7/2026 00:00;1;2026071511;7076;3;3941;3941;;12,1;11,95;;;;;;;6,63;21;;14398;;;;;;;;;17;17;;21;20;1;1;1;1;1;1;224474,6388;103;;;0;;;;;;;;;;;2300;;10,2;;;;;0;0;0;596;6;0;0;0;0;0;0;0;0;0;2;2;0;0;0;;0;0;0;0;0;0;0;163;0;11,7789;0,25;;11,9198;-0,13;;;0,44;1,95;;0;18,2886;4;;957;963;0;4230;4230;0;41;18;709;709;0;4,3262;;90;0;;0;1;;;;11,32;11;155;0;113;0;90;1;320;2;;;0;60;;;;;;;0;-1;N;15/7/2026 06:15;0;;D;99,49;224500;59634;8;CBN8;N;18;41;1;16573;;1,43;4;;;;3,86;50;35;133;0;0;0;0;0;0;0
15/7/2026 00:00;2;2026071512;7076;3;3941,1667;3941,1667;;12,1;11,95;;;;;;;6,63;3;;14401;;31;;;;;;;17;17;;21;20;1;1;1;1;1;1;224470,3958;103;;;0;;;;;;;;;;;2300;;10,2;;;;;0;0;1;389;3;0;0;0;0;2;0;0;0;0;0;0;0;0;0;;0;0;0;0;0;0;0;;0;12,2446;0,25;;12,2735;-0,13;;;0,44;1,95;;0;23,9075;4;;957;963;0;4207;4207;0;46;10;713;713;0;4,4056;;78;0;;0;1;;;;11,32;1;155;0;113;0;90;0;320;2;;;0;60;;;;;;;0;-1;N;15/7/2026 10:15;-179;;D;99,5;224500;59635;0;CBN8;N;10;46;1;16574;;1,43;4;;;;4,09;49;34;132;0;0;0;0;0;0;0
15/7/2026 00:00;3;2026071523;7076;3;3941,3333;3941,3333;;12,1;11,95;;;;;;;6,63;0;;14399;;;;;;;;;17;17;;21;20;1;1;1;1;1;1;224473,72;103;;;0;;;;;;;;;;;2300;;10,2;;;;;0;0;0;482;6;0;0;0;0;0;0;0;0;0;4;4;0;0;0;;0;0;0;0;0;0;0;128,5;0;12,0728;0,25;;12,1549;-0,13;;;0,44;1,95;;0;40,249;4;;957;963;0;4220;4220;0;53;11;723;723;0;4,379;;88;0;;0;1;;;;11,32;0;155;0;113;0;90;0;320;2;;;0;60;;;;;;;0;-1;N;15/7/2026 14:15;94;;D;99,49;224500;59636;1;CBN8;N;11;53;1;16574;;1,43;4;;;;4,02;49;34;132;0;0;0;0;0;0;0
15/7/2026 00:00;4;2026071524;7076;3;3941,5;3941,5;;12,1;11,95;;;;;;;6,63;9;;14401;;;;;;;;;17;17;;21;20;1;1;1;1;1;1;224477,0817;103;;;0;;;;;;;;;;;2300;;10,2;;;;;0;0;0;468;6;0;0;0;0;0;0;0;0;0;2;2;0;0;0;;0;0;0;0;0;0;0;116;0;11,9054;0,25;;11,9523;-0,13;;;0,44;1,95;;0;45,2991;4;;957;963;0;;4220;0;;;;723;0;4,3335;;92;0;;0;1;;;;11,32;2;155;0;113;0;90;0;320;2;;;0;60;;;;;;;0;-1;N;15/7/2026 18:15;94;;D;99,49;224500;59637;2;CBN8;N;11;53;1;16575;;1,43;4;;;;3,88;49;34;132;0;0;0;0;0;0;0
15/7/2026 00:00;5;2026071535;7076;3;3941,6667;3941,6667;;12,1;11,95;;;;;;;6,63;7;;14399;;;;;;;;;17;17;;21;20;1;1;1;1;1;1;224473,2666;103;;;0;;;;;;;;;;1;2300;;10,2;;;;;1;0;0;513;6;0;0;0;0;0;0;0;0;0;4;4;0;0;0;;0;0;0;0;0;0;0;141,75;0;11,7378;0,25;;11,8369;-0,13;;;0,44;1,95;;0;29,2398;4;;957;963;0;;4220;0;;;;723;0;4,3075;;116;0;;0;1;;;;11,32;3;155;0;113;0;90;0;320;2;;;0;60;;;;;;;0;-1;N;15/7/2026 22:15;94;;D;99,49;224500;59638;3;CBN8;N;11;53;;;;1,43;4;;;;3,81;49;34;132;0;0;0;0;0;0;0
15/7/2026 00:00;6;2026071536;7076;3;3941,8333;3941,8333;;12,1;11,95;;;;;;;6,63;6;;14400;16;;;;;;;;17;17;;21;20;1;1;1;1;1;1;224475,1094;103;;;0;;;;;;;;;;;;;10,2;;;;;0;0;0;574;6;0;0;0;1;0;0;0;0;0;3;3;0;0;0;;0;0;0;0;0;0;0;211,3333;0;11,6315;0,25;;11,7135;-0,13;;;0,44;1,95;;0;14,8084;4;;957;963;0;4059;4059;0;43;18;699;699;0;4,2798;;92;0;;0;0;;;;11,32;5;155;0;113;0;90;1;320;2;;;0;60;;;;;;;0;-1;N;16/7/2026 02:15;-369;;D;99,5;224500;59639;4;CBN8;N;18;43;1;16576;;1,43;4;;;;3,73;51;35;136;0;0;0;0;0;0;0
16/7/2026 00:00;1;2026071611;7076;3;3942;3942;10,83;12,1;10,83;;;;;;4,94;4,94;8;;14399;;;;;;;;18;17;18;20;21;20;1;1;1;1;1;1;224479,5137;103;;;0;;;;;;;;;;;2300;;10,2;;;;;0;0;0;513;5;0;0;0;0;0;0;0;0;0;4;4;0;0;0;;0;0;0;0;0;0;0;165,5;0;11,677;0,25;;11,6996;-0,083;;;0,44;1,95;;0;29,0448;4;960;957;960;0;3916;3916;0;41;12;677;677;0;4,2767;;80;0;;0;1;;;;11,32;4;155;0;113;0;90;0;320;2;;;0;60;;;;;;300;0;-1;N;16/7/2026 06:15;-515;;D;99,53;224500;59640;5;CBN8;N;12;41;1;16576;;1,43;4;;;;3,7;49;35;134;0;0;0;0;0;0;0
16/7/2026 00:00;2;2026071612;7076;3;3942,1667;3942,1667;;12,1;10,83;;;;;;;4,94;7;;14399;;;;;;;;;17;18;;21;20;1;1;1;1;1;1;224482,7047;103;;;0;;;;;;;;;;;2300;;10,2;;;;;0;0;0;469;6;0;0;0;0;0;0;0;0;0;3;3;0;0;1;;0;0;0;0;0;0;0;155,6667;0;11,71;0,25;;11,7353;-0,05;;;0,44;1,95;;0;33,2623;4;;957;960;0;3740;3740;0;41;18;658;658;0;4,2847;;80;0;;0;1;;;;11,32;2;155;0;113;0;90;0;320;2;;;0;60;;;;;;300;0;-1;N;16/7/2026 10:15;-1071;;D;99,55;224500;59641;6;CBN8;N;18;41;1;16577;;1,43;4;;;;3,72;49;36;131;0;0;0;0;0;0;0
16/7/2026 00:00;3;2026071623;7076;3;3942,3333;3942,3333;;12,1;10,83;;;;;;;4,94;14;;14400;;12;;;;-2299;;;17;18;;21;20;1;1;1;1;1;1;224478,244;103;;;0;;;;;;;;;;;2300;1;10,2;;;;;0;0;1;518;6;0;0;0;0;1;0;0;0;0;2;2;0;0;0;;0;0;0;0;0;0;0;132,5;0;11,9181;0,25;;11,9977;-0,05;;;0,44;1,95;;0;19,4981;5;;957;960;0;3865;3865;0;42;18;679;679;0;4,3436;;94;0;;0;1;;;;11,32;10;155;0;113;0;90;0;320;2;;;0;60;;;;;;300;0;-1;N;16/7/2026 14:15;1024;;D;99,53;224500;59642;0;CBN8;N;18;42;1;16577;;1,43;4;;;;3,98;49;35;131;0;0;0;0;0;0;0
16/7/2026 00:00;4;2026071624;7076;3;3942,5;3942,5;;12,1;10,83;;;;;;;4,94;11;;14401;;24;;;;;;;17;18;;21;20;1;1;1;1;1;1;224475,585;103;;;0;;;;;;;;;;;2300;;10,2;;;;;0;0;0;419;3;0;0;0;0;2;0;0;0;0;0;0;0;1;0;;0;0;0;0;0;0;0;;0;12,31;0,25;;12,3945;-0,05;;;0,44;1,95;;0;32,4582;5;;957;960;0;3938;3938;0;47;15;693;693;0;4,4327;;85;0;;0;1;;;;11,32;6;155;0;113;0;90;0;320;2;;;0;60;;;;;;300;0;-1;N;16/7/2026 18:15;668;;D;99,53;224500;59643;1;CBN8;N;15;47;1;16578;;1,43;4;;;;4,24;49;35;134;0;0;0;0;0;0;0
16/7/2026 00:00;5;2026071635;7076;3;3942,6667;3942,6667;;12,1;10,83;;;;;;;4,94;3;;14399;;;;;;;;;17;18;;21;20;1;1;1;1;1;1;224477,1742;103;;;0;;;;;;;;;;;2300;;10,2;;;;;0;0;0;498;7;0;0;0;0;0;0;0;0;0;4;4;0;1;0;;0;0;0;0;0;0;0;129,5;0;12,1383;0,25;;12,2153;-0,05;;;0,44;1,95;;0;33,9357;5;;957;960;0;3971;3971;0;38;16;692;692;0;4,3925;;84;0;;0;1;;;;11,32;1;155;0;113;0;90;0;320;2;;;0;60;;;;;;300;0;-1;N;16/7/2026 22:15;119;;D;99,51;224500;59644;2;CBN8;N;16;38;;;;1,43;4;;;;4,12;53;36;143;0;0;0;0;0;0;0
16/7/2026 00:00;6;2026071636;7076;3;3942,8333;3942,8333;;12,1;10,83;;;;;;;4,94;8;;14400;;;;;;;;;17;18;;21;20;1;1;1;1;1;1;224476,634;103;;;0;;;;;;;;;;;2300;;10,2;;;;;0;0;0;489;6;0;0;0;0;0;0;0;0;0;3;3;0;1;0;;0;0;0;0;0;0;0;161,3333;0;11,9709;0,25;;12,0435;-0,05;;;0,44;1,95;;0;37,2188;5;;957;960;0;4012;4012;0;56;8;689;689;0;4,3539;;90;0;;0;0;;;;11,32;3;155;0;113;0;90;0;320;2;;;0;60;;;;;;300;0;-1;N;17/7/2026 02:15;533;;D;99,5;224500;59645;3;CBN8;N;8;56;1;16579;;1,43;4;;;;4,01;53;37;144;0;0;0;0;0;0;0
17/7/2026 00:00;1;2026071711;7076;3;3943;3943;;12,1;10,83;;;;;;;4,94;13;;14399;;;;;;20;0;;17;18;;21;20;1;1;1;1;1;1;224476,836;103;;;0;;;;;;;;;2320;2372;2300;2320;10,2;;;;;0;0;0;513;6;0;0;0;0;0;0;0;0;0;4;4;0;0;0;;0;0;0;0;0;0;0;208,5;0;11,8049;0,25;;11,8954;-0,05;;;0,44;1,95;;0;28,655;5;;957;960;0;3825;3825;0;72;10;670;670;0;4,3207;;88;0;;0;1;;;;11,32;3;155;0;113;0;90;0;320;2;;;0;60;;;;;;300;0;-1;N;17/7/2026 06:15;-698;;D;99,52;224500;59646;4;CBN8;N;10;72;1;16579;;1,43;4;2340;;1;3,91;51;36;140;0;0;0;0;0;0;0
17/7/2026 00:00;2;2026071712;7076;3;3943,1667;3943,1667;;12,1;10,83;;;;;;;4,94;1;;14401;15;;;;;;;;17;18;;21;20;1;1;1;1;1;1;224474,8559;103;;;1,0486;;300;300;;;;;;;;;;10,2;;;;;0;0;0;529;6;0;0;0;1;0;0;0;0;0;3;3;0;0;0;;0;0;0;0;0;0;0;155,3333;0;11,7104;0,25;;11,8166;-0,05;;;0,44;1,95;;0;18,7146;5;;957;960;0;;3825;0;;;;670;0;4,303;;77;0;;0;1;;;;11,32;1;155;0;113;0;90;0;320;2;;;0;60;;;;;;;0;-1;N;17/7/2026 10:15;-698;;D;99,52;224500;59647;5;CBN8;N;10;72;1;16580;;1,43;4;;;;3,86;51;36;140;0;0;0;0;0;0;0
17/7/2026 00:00;3;2026071723;7076;3;3943,3333;3943,3333;;12,1;10,83;;;;;;;4,94;8;;14398;;;;;;;;17;17;17;21;21;21;1;1;1;1;1;1;224470,585;103;;;0;;;;;;;;;;;2300;;10,2;;;;;0;0;0;521;7;0;0;0;0;0;0;0;0;0;4;4;0;0;0;;0;0;0;0;0;0;0;235;0;11,707;0,25;;11,7852;-0,053;;;0,44;1,95;;0;26,8714;5;961;957;961;0;3669;3669;0;61;14;657;657;0;4,2959;;81;0;;0;1;;;;11,32;2;155;0;113;0;90;0;320;2;;;0;60;;;;;;;0;-1;N;17/7/2026 14:15;-548;;D;99,53;224500;59648;6;CBN8;N;14;61;1;16580;;1,43;4;;;;3,84;51;36;140;0;0;0;0;0;0;0
17/7/2026 00:00;4;2026071724;7076;3;3943,5;3943,5;;12,1;10,83;;;;;;;4,94;8;;14402;;10;;;;;;;17;17;;21;21;1;1;1;1;1;1;224478,5293;103;;;0;;;;;;;;;;;2300;;10,2;;;;;0;0;0;526;6;0;0;0;0;1;0;0;0;0;3;2;0;0;1;;0;0;0;0;0;0;0;217,5;0;11,7;0,25;;11,7519;-0,06;;;0,44;1,95;;0;17,1103;5;;957;961;0;;3669;0;;;;657;0;4,2885;;80;0;;0;1;;;;11,32;4;155;0;113;0;90;0;320;2;;;0;60;;;;;;;0;0;N;17/7/2026 18:15;-548;;D;99,53;224500;59649;7;CBN8;N;14;61;1;16581;;1,43;4;;;;3,82;51;36;140;0;0;0;0;0;0;0
17/7/2026 00:00;5;2026071735;7076;3;3943,6667;3943,6667;;12,1;10,83;;;;;;;4,94;11;;14399;;;;;;;;;17;17;;21;21;1;1;1;1;1;1;224481,1059;103;;;0;;;;;;;;;;;2300;;10,2;;;;;0;0;1;534;6;0;0;0;0;0;0;0;0;0;3;3;0;0;0;;0;0;0;0;0;0;0;173,3333;0;11,9081;0,25;;11,9392;-0,06;;;0,44;1,95;;0;18,7266;5;;957;961;0;3715;3715;0;56;14;655;655;0;4,3305;;75;0;;0;1;;;;11,32;6;155;0;113;0;90;0;320;2;;;0;60;;;;;;;0;0;N;17/7/2026 22:15;-1770;;D;99,57;224500;59650;0;CBN8;N;14;57;;;;1,43;4;;;;3,94;49;36;136;0;0;0;0;0;0;0
17/7/2026 00:00;6;2026071736;7076;3;3943,8333;3943,8333;;12,1;10,83;;;;;;;4,94;7;;14399;;42;;;;;;;17;17;;21;21;1;1;1;1;1;1;224475,908;103;;;0;;;;;;;;;;;2300;;10,2;;;;;0;0;0;367;3;0;0;0;0;2;0;0;0;0;0;0;0;0;0;;0;0;0;0;0;0;0;;0;12,3;0,25;;12,3719;-0,06;;;0,44;1,95;;0;26,4305;5;;957;961;0;3460;3460;0;57;14;635;635;0;4,4277;;62;0;;0;0;;;;11,32;4;155;0;113;0;90;0;320;2;;;0;60;;;;;;;0;0;N;18/7/2026 02:15;-1770;;D;99,57;224500;59651;1;CBN8;N;14;57;1;16582;;1,43;4;;;;4,23;49;36;136;0;0;0;0;0;0;0
18/7/2026 00:00;1;2026071811;7076;3;3944;3944;;12,1;10,83;;;;;;;4,94;16;;14400;;;;;;;;;17;17;;21;21;1;1;1;1;1;1;224479,5513;103;;;0;;;;;;;;;;;2300;;10,2;;;;;0;0;0;486;7;0;0;0;0;0;0;0;0;0;4;4;0;1;0;;1;0;0;0;0;0;0;152;0;12,1264;0,25;;12,1583;-0,06;;;0,44;1,95;;0;38,6831;5;;957;961;0;3421;3421;0;43;15;637;637;0;4,3797;;63;0;;0;1;;;;11,32;4;155;0;113;0;90;0;320;2;;;0;60;;;;;;;0;0;N;18/7/2026 06:15;-126;;D;99,58;224500;59652;2;CBN8;N;15;43;1;16582;;1,43;4;;;;4,09;51;37;138;0;0;0;0;0;0;0
18/7/2026 00:00;2;2026071812;7076;3;3944,1667;3944,1667;;12,1;10,83;;;;;;;4,94;3;;14400;;;;;;;;;17;17;;21;21;1;1;1;1;1;1;224480,957;103;;;0;;;;;;;;;;;2300;;10,2;;;;;0;0;0;501;6;0;0;0;0;0;0;0;0;0;3;3;0;0;0;;0;0;0;0;0;0;0;133,3333;0;11,9555;0,25;;12,0026;-0,06;;;0,44;1,95;;0;33,5329;5;;957;961;0;3491;3491;0;40;16;636;636;0;4,3447;;62;0;;0;1;;;;11,32;1;155;0;113;0;90;0;320;2;;;0;60;;;;;;;0;0;N;18/7/2026 10:15;456;;D;99,57;224500;59653;3;CBN8;N;16;40;1;16583;;1,43;4;;;;3,99;51;38;138;0;0;0;0;0;0;0
18/7/2026 00:00;3;2026071823;7076;3;3944,3333;3944,3333;;12,1;10,83;;;;;;;4,94;12;;14400;;;;;;0;2;;17;17;;21;21;1;1;1;1;1;1;224476,8044;103;;;0;;;;;;;;;2302;2302;2300;2300;10,2;;;;;0;0;0;476;7;0;0;0;0;0;0;0;0;0;4;4;0;1;0;;0;0;0;0;0;0;0;125,5;0;11,7857;0,25;;11,8592;-0,06;;;0,44;1,95;;0;42,2269;5;;957;961;0;3557;3557;0;42;9;642;642;0;4,3126;;60;0;;0;1;;;;11,32;4;155;0;113;0;90;0;320;2;;;0;60;;;;;;;0;0;N;18/7/2026 14:15;389;;D;99,57;224500;59654;4;CBN8;N;9;42;1;16583;;1,43;4;2300;;2;3,89;49;37;136;0;0;0;0;0;0;0
18/7/2026 00:00;4;2026071824;7076;3;3944,5;3944,5;;12,1;10,83;;;;;;;4,94;0;;14401;13;;;;;;;;17;17;;21;21;1;1;1;1;1;1;224480,1653;103;;;0;;;;;;;;;;;;;10,2;200;;;;0;0;0;509;5;0;0;0;1;0;0;0;0;0;2;2;0;0;0;;0;0;0;0;0;0;0;120,5;0;11,7;0,25;;11,7758;-0,06;;;0,44;1,95;;0;24,165;5;;957;961;0;;3557;0;;;;642;0;4,2938;;62;0;;0;1;;;;11,32;0;155;0;113;0;90;0;320;2;;;0;60;;;;;;;0;0;N;18/7/2026 18:15;389;;D;99,57;224500;59655;5;CBN8;N;9;42;1;16584;;1,43;4;;;;3,84;49;37;136;0;0;0;0;0;0;0
18/7/2026 00:00;5;2026071835;7076;3;3944,6667;3944,6667;9,8;12,1;9,8;;;;;;5,3;5,3;14;;14398;;;;;;;;16;17;16;21;21;21;1;1;1;1;1;1;224479,2581;103;;;0;;;;;;;;;;;2300;;10,2;;;;;0;0;0;492;7;0;0;0;0;0;0;0;0;0;4;4;0;2;0;;0;0;0;0;0;0;0;149,75;0;11,5736;0,25;;11,6623;-0,1864;;;0,44;1,95;;0;35,9756;5;975;957;975;0;3412;3412;0;31;15;625;625;0;4,2683;;62;0;;0;1;;;;11,32;4;155;0;113;0;90;0;320;2;;;0;60;;;;;;;0;0;N;18/7/2026 22:15;-451;;D;99,59;224500;59656;6;CBN8;N;15;31;;;;1,43;4;;;;3,83;49;39;133;0;0;0;0;0;0;0
18/7/2026 00:00;6;2026071836;7076;3;3944,8333;3944,8333;;12,1;9,8;;;;;;;5,3;9;;14402;;;;;;;;;17;16;;21;21;1;1;1;1;1;1;224476,2831;103;;;0;;;;;;;;;;;2300;;10,2;;;;;0;0;0;503;8;0;1;0;0;0;0;0;0;0;3;3;0;0;1;;0;0;0;0;0;0;0;148;0;11,52;0,25;;11,5415;-0,24;;;0,44;1,95;;0;30,2187;5;;957;975;0;;3412;0;;;;625;0;4,2412;1,7;56;0;;0;0;;;;11,32;3;155;0;113;0;90;0;320;2;;;0;60;;;;;;;0;0;N;19/7/2026 02:15;-451;;D;99,59;224500;59657;7;CBN8;N;15;31;1;16585;;1,43;4;;;;3,75;49;39;133;0;0;0;0;0;0;0
19/7/2026 00:00;1;2026071911;7076;3;3945;3945;;12,1;9,8;;;;;;;5,3;12;;14397;;;;;;;;;17;16;;21;21;1;1;1;1;1;1;224473,9248;103;;;0;;;;;;;;;;;2300;;10,2;;;;;0;0;0;546;8;0;0;0;0;0;0;0;0;0;3;3;0;0;0;;0;0;0;0;0;0;0;182,3333;0;11,6874;0,25;;11,7405;-0,24;;;0,44;1,95;;0;22,1612;17;;957;975;0;3373;3373;0;35;11;616;616;0;4,2859;;70;0;;0;1;;;;11,32;6;155;0;113;0;90;0;320;2;;;0;60;;;;;;;0;0;N;19/7/2026 06:15;-107;;D;99,59;224500;59658;8;CBN8;N;11;35;1;16585;;1,43;4;;;;3,93;47;39;130;0;0;0;0;0;0;0
19/7/2026 00:00;2;2026071912;7076;3;3945,1667;3945,1667;;12,1;9,8;;;;;;;5,3;6;;14400;;40;;;;;;;17;16;;21;21;1;1;1;1;1;1;224480,9765;103;;;0;;;;;;;;;;;2300;;10,2;;;;;0;0;1;367;4;0;0;0;0;2;0;0;0;0;1;1;0;0;0;;0;0;0;0;0;0;0;127;0;12,1328;0,25;;12,1924;-0,24;;;0,44;1,95;;0;21,7984;17;;957;975;0;;3373;0;;;;616;0;4,3874;;57;0;;0;1;;;;11,32;2;155;0;113;0;90;0;320;2;;;0;60;;;;;;;0;0;N;19/7/2026 10:15;-107;;D;99,59;224500;59659;0;CBN8;N;11;35;1;16586;;1,43;4;;;;4,24;47;39;130;0;0;0;0;0;0;0
19/7/2026 00:00;3;2026071923;7076;3;3945,3333;3945,3333;;12,1;9,8;;;;;;;5,3;0;;14400;;;;;;;;;17;16;;21;21;1;1;1;1;1;1;224478,5055;103;;;0;;;;;;;;;;;2300;;10,2;;;;;0;0;0;520;10;0;0;0;0;0;0;0;0;0;3;3;0;0;0;;0;0;0;0;0;0;0;130;0;11,9611;0,25;;12,0161;-0,24;;;0,44;1,95;;0;29,8077;17;;957;975;0;;3373;0;;;;616;0;4,3478;;59;0;;0;1;;;;11,32;0;155;0;113;0;90;0;320;2;;;0;60;;;;;;;0;0;N;19/7/2026 14:15;-107;;D;99,59;224500;59660;1;CBN8;N;11;35;1;16586;;1,43;4;;;;4,12;47;39;130;0;0;0;0;0;0;0
19/7/2026 00:00;4;2026071924;7076;3;3945,5;3945,5;;12,1;9,8;;;;;;;5,3;10;;14401;;;;;;;;;17;16;;21;21;1;1;1;1;1;1;224480,8293;103;;;0;;;;;;;;;;;2300;;10,2;;;;;0;0;0;484;10;0;0;0;0;0;0;0;0;0;4;4;0;1;0;;0;0;0;0;0;0;0;179,5;0;11,7917;0,25;;11,8407;-0,24;;;0,44;1,95;;0;39,0496;17;;957;975;0;3293;3293;0;51;7;609;609;0;4,3084;;60;0;;0;1;;;;11,32;3;155;0;113;0;90;0;320;2;;;0;60;;;;;;;0;0;N;19/7/2026 18:15;-201;;D;99,59;224500;59661;2;CBN8;N;7;51;1;16587;;1,43;4;;;;4;46;38;127;0;0;0;0;0;0;0
19/7/2026 00:00;5;2026071935;7076;3;3945,6667;3945,6667;;12,1;9,8;;;;;;;5,3;13;;14399;;;;;;0;-56;;17;16;;21;21;1;1;1;1;1;1;224478,5288;103;;;0;;;;;;;;;2244;2244;2300;2300;10,2;;;;;0;0;0;475;10;0;0;0;0;0;0;0;0;0;3;3;0;2;0;;0;0;0;0;0;0;0;126,3333;0;11,6241;0,25;;11,6669;-0,24;;;0,44;1,95;;0;42,5263;17;;957;975;0;3253;3253;0;37;10;604;604;0;4,2694;;59;0;;0;1;;;;11,32;6;155;0;113;0;90;0;320;2;;;0;60;;;;;;;0;0;N;19/7/2026 22:15;-185;;D;99,6;224500;59662;3;CBN8;N;10;37;;;;1,43;4;2360;;2;3,88;46;38;126;0;0;0;0;0;0;0
19/7/2026 00:00;6;2026071936;7076;3;3945,8333;3945,8333;;12,1;9,8;;;;;;;5,3;10;;14400;14;;;;;;;;17;16;;21;21;1;1;1;1;1;1;224476,8648;103;;;0;;;;;;;;;;;;;10,2;;;;;0;0;0;498;8;0;0;0;1;0;0;0;0;0;2;2;0;1;0;;0;0;0;0;0;0;0;128,5;0;11,5211;0,25;;11,6054;-0,24;;;0,44;1,95;;0;26,506;17;;957;975;0;;3253;0;;;;604;0;4,2556;;56;0;;0;0;;;;11,32;3;155;0;113;0;90;0;320;2;;;0;60;;;;;;;0;0;N;20/7/2026 02:15;-185;;D;99,6;224500;59663;4;CBN8;N;10;37;1;16588;;1,43;4;;;;3,83;46;38;126;0;0;0;0;0;0;0
20/7/2026 00:00;1;2026072011;7076;3;3946;3946;;12,1;9,8;;;;;;;5,3;2;;14399;;;;;;;;17;17;17;20;21;20;1;1;1;1;1;1;224477,3741;103;;;0;;;;;;;;;;;2300;;10,2;;;;;0;0;0;513;10;0;1;0;0;0;0;0;0;0;4;4;0;0;0;;0;0;0;0;0;0;0;153;0;11,5298;0,25;;11,5658;-0,2302;;;0,44;1,95;;0;29,0448;17;983;957;983;0;3273;3273;0;44;12;593;593;0;4,2467;;54;0;;0;1;;;;11,32;1;155;0;113;0;90;0;320;2;;;0;60;;;;;;;0;0;N;20/7/2026 06:15;54;;D;99,6;224500;59664;5;CBN8;N;12;44;1;16588;;1,43;4;;;;3,85;49;41;138;0;0;0;0;0;0;0
20/7/2026 00:00;2;2026072012;7076;3;3946,1667;3946,1667;;12,1;9,8;;;;;;;5,3;2;;14400;;;;;;;;;17;17;;21;20;1;1;1;1;1;1;224477,5872;103;;;0;;;;;;;;;;;2300;;10,2;;;;;0;0;0;503;9;0;0;0;0;0;0;0;0;0;4;4;0;1;1;;0;0;0;0;0;0;0;154,5;0;11,5411;0,25;;11,6328;-0,21;;;0,4311;1,94;1,94;0;29,6223;17;;957;983;0;;3273;0;;;;593;0;4,2617;;54;0;;0;1;;;;11,32;1;155;0;113;0;90;0;320;2;;;0;60;;;;;;;0;-1;N;20/7/2026 10:15;54;;D;99,6;224500;59665;6;CBN8;N;12;44;1;16589;;1,43;4;;;;3,9;49;41;138;0;0;0;0;0;0;0
20/7/2026 00:00;3;2026072023;7076;3;3946,3333;3946,3333;;12,1;9,8;;;;;;;5,3;6;;14401;;15;;;;;;;17;17;;21;20;1;1;1;1;1;1;224478,7069;103;;;0;;;;;;;;;;;2300;;10,2;;;;;0;0;1;456;8;0;0;0;0;2;0;0;0;0;0;0;0;1;0;;0;0;0;0;0;0;0;;0;12,0821;0,25;;12,1362;-0,21;;;0,41;1,94;;0;26,7544;17;;957;983;0;2892;2892;0;41;14;555;555;0;4,3747;;64;0;;0;1;;;;11,32;5;155;0;113;0;90;0;320;2;;;0;60;;;;;;;0;-1;N;20/7/2026 14:15;-3068;;D;99,63;224500;59666;0;CBN8;N;14;41;1;16589;;1,43;4;;;;4,25;50;41;136;0;0;0;0;0;0;0
20/7/2026 00:00;4;2026072024;7076;3;3946,5;3946,5;;12,1;9,8;;;;;;;5,3;5;;14401;;31;;;;;;;17;17;;21;20;1;1;1;1;1;1;224477,0764;103;;;0;;;;;;;;;;;2300;;10,2;;;;;0;0;0;509;7;0;0;0;0;1;0;0;0;0;2;2;0;0;0;;1;0;0;0;0;0;0;157,5;0;12,0268;0,25;;12,0509;-0,21;;;0,41;1,94;;0;22,2004;17;;957;983;0;;2892;0;;;;555;0;4,3556;;54;0;;0;1;;;;11,32;1;156;0;114;0;91;1;320;2;;;0;60;;;;;;;0;-1;N;20/7/2026 18:15;-3068;;D;99,63;224500;59667;1;CBN8;N;14;41;1;16590;;1,43;4;;;;4,19;50;41;136;0;0;0;0;0;0;0
20/7/2026 00:00;5;2026072035;7076;3;3946,6667;3946,6667;;12,1;9,8;;;;;;;5,3;12;;14398;;9;;;;;;;17;17;;21;20;1;1;1;1;1;1;224476,4191;103;;;2,2778;;;;;;;;;;;2300;;10,2;;;;;0;0;0;488;9;0;0;0;0;1;0;0;0;0;2;2;0;1;0;;0;0;0;0;0;0;0;216,5;0;11,8574;0,25;;11,9185;-0,21;;;0,41;1,94;;0;30,5328;17;;957;983;0;3079;3079;0;53;14;577;577;0;4,3259;;57;1;;0;1;;;;11,32;3;156;0;114;0;91;0;320;2;;;0;60;;;;;;;0;-1;N;20/7/2026 22:15;580;;D;99,6;224500;59668;2;CBN8;N;14;53;;;;1,43;4;;;;4,1;51;42;137;0;0;0;0;0;0;0
20/7/2026 00:00;6;2026072036;7076;3;3946,8333;3946,8333;;12,1;9,8;;;;;;;5,3;0;;14399;;;;;;;;;17;17;;21;20;1;1;1;1;1;1;224476,5907;103;;;0;;;;;;;;;;;2300;;10,2;;;;;0;0;0;507;9;0;0;0;0;0;0;0;0;0;4;4;0;0;0;;0;0;0;0;0;0;0;174;0;11,6898;0,25;;11,7828;-0,21;;;0,41;1,94;;0;29,3886;17;;957;983;0;;3079;0;;;;577;0;4,2954;;58;0;;0;0;;;;11,32;0;156;0;114;0;91;0;320;2;;;0;60;;;;;;;0;-1;N;21/7/2026 02:15;580;;D;99,6;224500;59669;3;CBN8;N;14;53;1;16591;;1,43;4;;;;4,01;51;42;137;0;0;0;0;0;0;0
21/7/2026 00:00;1;2026072111;7076;3;3947;3947;;12,1;9,8;;;;;;;5,3;3;;14403;;;;;;0;0;;17;17;;21;20;1;1;1;1;1;1;224475,6389;103;;;0;;;;;;;;;2300;2300;2300;2300;10,2;;;;;0;0;0;479;10;0;0;0;0;0;0;0;0;0;3;3;0;0;0;;0;0;0;0;0;0;0;166,3333;0;11,5408;0,25;;11,5984;-0,21;;;0,41;1,94;;0;37,3695;17;;957;983;0;2818;2818;0;39;19;549;549;0;4,254;;58;0;;0;1;;;;11,32;1;156;0;114;0;91;0;320;2;;;0;60;;;;;;;0;-1;N;21/7/2026 06:15;-808;;D;99,66;224500;59670;4;CBN8;N;19;39;1;16591;;1,43;4;;;;3,88;49;42;131;0;0;0;0;0;0;0
21/7/2026 00:00;2;2026072112;7076;3;3947,1667;3947,1667;;12,1;9,8;;;;;;;5,3;10;;14396;12;;;;;;;;17;17;;21;20;1;1;1;1;1;1;224475,238;103;;;0;;;;;;;;;;;;;10,2;;;;;0;0;0;505;9;0;0;0;1;0;0;0;0;0;3;3;0;0;0;;0;0;0;0;0;0;0;124;0;11,52;0,25;;11,5338;-0,21;;;0,41;1,94;;0;24,3564;17;;957;983;0;;2818;0;;;;549;0;4,2395;;61;0;;0;1;;;;11,32;6;156;0;114;0;91;0;320;2;;;0;60;;;;;;;0;-1;N;21/7/2026 10:15;-808;;D;99,66;224500;59671;5;CBN8;N;19;39;1;16592;;1,43;4;;;;3,84;49;42;131;0;0;0;0;0;0;0
21/7/2026 00:00;3;2026072123;7076;3;3947,3333;3947,3333;8,7;12,1;8,7;;;;;;5,4;5,4;8;;14401;;;;;;;;17;17;17;21;21;21;1;1;1;1;1;1;224475,0347;103;;;0;;;;;;;;;;;2300;;10,2;;;;;0;0;0;507;9;0;0;0;0;0;0;0;0;0;4;4;0;0;0;;0;0;0;0;0;0;0;202,25;0;11,5235;0,25;;11,5587;-0,2065;;;0,41;1,94;;0;29,1913;17;983;957;983;0;2990;2990;0;46;19;563;563;0;4,2451;;58;0;;0;1;;;;11,32;4;156;0;114;0;91;0;320;2;;;0;60;;;;;;;0;-1;N;21/7/2026 14:15;497;;D;99,63;224500;59672;6;CBN8;N;19;46;1;16592;;1,43;4;;;;3,85;49;43;131;0;0;0;0;0;0;0
21/7/2026 00:00;4;2026072124;7076;3;3947,5;3947,5;;12,1;8,7;;;;;;;5,4;5;;14400;;8;;;;;;;17;17;;21;21;1;1;1;1;1;1;224478,3149;103;;;0;;;;;;;;;;;2300;;10,2;;;;;0;0;0;530;9;0;1;0;0;1;0;0;0;0;3;2;0;1;1;;0;0;0;0;0;0;0;143;0;11,53;0,25;;11,6256;-0,2;;;0,41;1,94;;0;18,8679;17;;957;983;0;;2990;0;;;;563;0;4,2601;1,4;56;0;;0;1;;;;11,32;3;156;0;114;0;91;0;320;2;;;0;60;;;;;;;0;0;N;21/7/2026 18:15;497;;D;99,63;224500;59673;7;CBN8;N;19;46;1;16593;;1,43;4;;;;3,9;49;43;131;0;0;0;0;0;0;0
21/7/2026 00:00;5;2026072135;7076;3;3947,6667;3947,6667;;12,1;8,7;;;;;;;5,4;11;;14399;;;;;;;;17;17;17;21;21;21;1;1;1;1;1;1;224472,9073;103;;;0;;;;;;;;;;;2300;;10,2;;;;;0;0;0;514;11;0;0;0;0;0;0;0;0;0;4;4;0;1;0;;0;0;0;0;0;0;0;153,25;0;11,5998;0,25;;11,6677;-0,2345;;;0,41;1,94;;0;25,8755;25;987;957;987;0;2895;2895;0;49;12;549;549;0;4,2696;;76;0;;0;1;;;;11,32;4;156;0;114;0;91;0;320;2;;;0;60;;;;;;;0;0;N;21/7/2026 22:15;-285;;D;99,65;224500;59674;8;CBN8;N;12;49;;;;1,43;4;;;;4;47;42;126;0;0;0;0;0;0;0
21/7/2026 00:00;6;2026072136;7076;3;3947,8333;3947,8333;;12,1;8,7;45;;;;;;5,4;1;;14401;;26,5;;;;;;;17;17;;21;21;1;1;1;1;1;1;224475,375;103;;;0;;;;;;;;;;;2300;;10,2;;;;;0;0;1;407;8;0;1;0;0;2;0;0;0;0;0;0;0;0;0;;0;0;0;0;0;0;0;;0;12,095;0,25;;12,1866;-0,26;;;0,41;1,94;;0;23,0958;25;;957;987;0;;2895;0;;;;549;0;4,3861;;53;0;;0;0;;;;11,32;1;156;0;114;0;91;0;320;2;;;0;60;;;;;;;0;0;N;22/7/2026 02:15;-285;;D;99,65;224500;59675;0;CBN8;N;12;49;1;16594;;1,43;4;;;;4,36;47;42;126;0;0;0;0;0;0;0
22/7/2026 00:00;1;2026072211;7076;3;3948;3948;;12,1;8,7;;;;;;;5,4;0;;14399;;;;;;;;;17;17;;21;21;1;1;1;1;1;1;224471,0545;103;;;0;;;;;;;;;;;2300;;10,2;;;;;0;0;0;435;12;0;0;0;0;0;0;0;0;0;3;3;0;0;0;;1;0;0;0;0;0;0;134;0;11,9221;0,25;;11,9627;-0,26;;;0,41;1,94;;0;57,7011;25;;957;987;0;2871;2871;0;47;15;552;552;0;4,3358;;53;0;;0;1;;;;11,32;0;156;0;114;0;91;0;320;2;;;0;60;;;;;;;0;0;N;22/7/2026 06:15;-81;;D;99,64;224500;59676;1;CBN8;N;15;47;1;16594;;1,43;3;;;;4,2;48;41;129;0;0;0;0;0;0;0
22/7/2026 00:00;2;2026072212;7076;3;3948,1667;3948,1667;;12,1;8,7;;;;;;;5,4;9;;14400;;;;;;;;;17;17;;21;21;1;1;1;1;1;1;224472,6818;103;;;0;;;;;;;;;;;2300;;10,2;;;;;0;0;0;506;11;0;0;0;0;0;0;0;0;0;3;3;0;0;0;;0;0;0;0;0;0;0;120,3333;0;11,7509;0,25;;11,8025;-0,26;;;0,41;1,94;;0;29,8419;25;;957;987;0;;2871;0;;;;552;0;4,2998;;57;0;;0;1;;;;11,32;2;156;0;114;0;91;0;320;2;;;0;60;;;;;;;0;0;N;22/7/2026 10:15;-81;;D;99,64;224500;59677;2;CBN8;N;15;47;1;16595;;1,43;3;;;;4,09;48;41;129;0;0;0;0;0;0;0
22/7/2026 00:00;3;2026072223;7076;3;3948,3333;3948,3333;;12,1;8,7;;;;;;;5,4;2;;14400;;;;;;;;;17;17;;21;21;1;1;1;1;1;1;224472,5479;103;;;0;;;;;;;;;;2586;2300;;10,2;;;;;0;0;0;508;12;0;0;0;0;0;0;0;0;0;4;4;0;2;0;;0;0;0;0;0;0;0;154,5;-0,3033;11,278;0,25;;11,3964;-0,26;;;0,41;1,94;;0;29,3307;25;;957;987;0;;2871;0;;;;552;0;4,2087;;61;0;;0;1;;;;11,32;1;156;0;114;0;91;0;320;2;;;0;60;;;;;;;0;0;N;22/7/2026 14:15;84;;D;99,65;224500;59678;3;CBN8;N;17;46;1;16595;;1,43;4;;;;3,81;48;41;129;0;0;0;0;0;0;0
22/7/2026 00:00;4;2026072224;7076;3;3948,5;3948,5;;12,1;8,7;;;;;;;5,4;10;;14399;;;;;;260;;;17;17;;21;21;1;1;1;1;1;1;224472,558;103;;;0;;;;;;;;;;;2300;2560;10,2;;;;;0;0;0;483;12;0;0;0;0;0;0;0;0;0;4;4;0;0;0;;0;0;0;0;0;0;0;158,5;-0,31;11,1622;0,25;;11,2381;-0,26;;;0,41;1,94;;0;37,8882;25;;957;987;0;2905;2905;0;46;17;548;548;0;4,1731;;61;0;;0;1;;;;11,32;3;156;0;114;0;91;0;320;2;;;0;60;;;;;;;0;0;N;22/7/2026 18:15;84;;D;99,65;224500;59679;4;CBN8;N;17;46;1;16596;;1,43;4;4940;;2;3,7;48;41;129;0;0;0;0;0;0;0
22/7/2026 00:00;5;2026072235;7076;3;3948,6667;3948,6667;;12,1;8,7;;;;;;;5,4;8;;14399;15;;;;;;;18;17;18;19;21;19;1;1;1;1;1;1;224470,9662;103;;;0;;;;;;;;;;;1100;;10,2;;;;;0;0;0;496;10;0;0;0;1;0;0;0;0;0;3;3;0;1;0;;0;0;0;0;0;0;0;151;-0,31;11,2162;0,25;;11,2706;-0,2038;;;0,41;1,94;;0;25,2016;25;975;957;975;0;2811;2811;0;44;14;540;540;0;4,1804;;56;0;;0;1;;;;11,32;3;156;0;114;0;91;0;320;2;;;0;60;;;;;;;0;0;N;22/7/2026 22:15;-302;;D;99,66;224500;59680;5;CBN8;N;14;44;;;;1,43;4;;;;3,65;47;40;127;0;0;0;0;0;0;0
22/7/2026 00:00;6;2026072236;7076;3;3948,8333;3948,8333;;12,1;8,7;;;;;;;5,4;6;;14400;;14;;;;;;;17;18;;21;19;1;1;1;1;1;1;224471,7044;103;;;0;;;;;;;;;;;1100;;10,2;;;;;0;0;0;505;9;0;1;0;0;1;0;0;0;0;2;2;0;0;1;;0;0;0;0;0;0;0;172,5;-0,31;11,28;0,25;;11,3498;-0,14;;;0,41;1,94;;0;20,198;25;;957;975;0;;2811;0;;;;540;0;4,1982;2;60;0;;0;0;;;;11,32;3;156;0;114;0;91;0;320;2;;;0;60;;;;;;;0;-2;N;23/7/2026 02:15;-302;;D;99,66;224500;59681;6;CBN8;N;14;44;1;16597;;1,43;4;;;;3,71;47;40;127;0;0;0;0;0;0;0
23/7/2026 00:00;1;2026072311;7076;3;3949;3949;;12,1;8,7;;;;;;;5,4;12;;14400;;;;;;;;;17;18;;21;19;1;1;1;1;1;1;224477,1689;103;;;0;;;;;;;;;;;1100;;10,2;;;;;0;0;0;533;10;0;0;0;0;0;0;0;0;0;3;3;0;0;0;;0;0;0;0;0;0;0;144;-0,31;11,3991;0,25;;11,5286;-0,14;;;0,41;1,94;;0;26,0788;25;;957;975;0;2975;2975;0;42;9;557;557;0;4,2383;;95;0;;0;1;;;;11,32;5;156;0;114;0;91;0;320;2;;;0;60;;;;;;;0;-2;N;23/7/2026 06:15;21888;;D;99,63;224500;59682;7;CBN8;N;9;42;1;16597;;1,43;1;;;;3,83;48;39;134;0;0;0;0;0;0;0
23/7/2026 00:00;2;2026072312;7076;3;3949,1667;3949,1667;;12,1;8,7;;;;;;;5,4;9;;14400;;;;;;;;;17;18;;21;19;1;1;1;1;1;1;224475,8039;103;;;0;;;;;;;;;;;1100;;10,2;;;;;16;11;1;351;5;0;1;0;0;0;0;0;1;0;0;0;0;0;0;;0;0;0;0;0;0;0;;-0,31;12,3658;0,25;;12,3992;-0,14;;;0,41;1,94;;0;2,2792;25;;957;975;88,5;;2975;86,4167;;;;557;0;4,4338;;146;0;;0;1;;;;11,32;9;156;0;114;0;91;0;320;2;;;0;60;;;;;;;0;-2;N;23/7/2026 10:15;21888;;D;99,63;224500;59683;0;CBN8;N;9;42;1;16598;;1,43;1;;;;4,43;48;39;134;0,4725;0;0;0;0;0;0
23/7/2026 00:00;3;2026072323;7076;3;3949,3333;3949,3333;;12,1;8,7;;;;;;;5,4;6;;14400;;58;;;;;;;17;18;;21;19;1;1;1;1;1;1;224476,8355;103;;;0;;;;;;;;;;;1100;;10,2;;;;;0;0;0;525;10;0;0;0;0;1;0;0;0;0;3;3;0;0;0;;0;0;0;0;0;0;0;121;-0,31;11,7751;0,25;;11,8677;-0,14;;;0,41;1,94;;0;24,1905;25;;957;975;21,9236;2841;2841;21,9236;28;17;547;547;0;4,3145;;64;0;;0;1;;;;11,32;6;156;0;114;0;91;0;320;2;;;0;60;;;;;;;0;-2;N;23/7/2026 14:15;-366;;D;99,66;224500;59684;1;CBN8;N;17;28;1;16598;;1,43;4;;;;4,06;47;40;128;0,0383;0;0;0;0;0;0
23/7/2026 00:00;4;2026072324;7076;3;3949,5;3949,5;;12,1;8,7;;;;;;;5,4;2;;14400;;;;;;;;;17;18;;21;19;1;1;1;1;1;1;224474,7777;103;;;0;;;;;;;;;;;1100;;10,2;;;;;0;0;0;479;10;0;0;0;0;0;0;0;0;0;4;4;0;1;0;;0;0;0;0;0;0;0;126,75;-0,31;11,5572;0,25;;11,6634;-0,14;;;0,41;1,94;;0;39,8747;25;;957;975;0;;2841;0;;;;547;0;4,2686;;61;0;;0;1;;;;11,32;1;156;0;114;0;91;0;320;2;;;0;60;;;;;;;0;-2;N;23/7/2026 18:15;-366;;D;99,66;224500;59685;2;CBN8;N;17;28;1;16599;;1,43;4;;;;3,92;47;40;128;0;0;0;0;0;0;0
23/7/2026 00:00;5;2026072335;7076;3;3949,6667;3949,6667;;12,1;8,7;;;;;;;5,4;22;;14401;;;;;;20;0;;17;18;;21;19;1;1;1;1;1;1;224478,9678;103;;;0;;;;;;;;;1120;1120;1100;1120;10,2;;;;;0;0;0;479;9;0;0;0;0;0;0;0;0;0;3;3;0;0;0;;0;0;0;0;0;0;0;152;-0,31;11,3896;0,25;;11,3986;-0,14;;;0,41;1,94;;0;36,3257;25;;957;975;0;2760;2760;0;48;19;535;535;0;4,2091;;67;0;;0;1;;;;11,32;8;156;0;114;0;91;0;320;2;;;0;60;;;;;;;0;-2;N;23/7/2026 22:15;-246;;D;99,66;224500;59686;3;CBN8;N;19;48;;;;1,43;4;1120;;6;3,74;49;40;128;0;0;0;0;0;0;0
23/7/2026 00:00;6;2026072336;7076;3;3949,8333;3949,8333;;12,1;8,7;;;;;;;5,4;8;;14398;12;;;;;;;;17;18;;21;19;1;1;1;1;1;1;224479,4109;103;;;0;;;;;;;;;;;;;10,2;240;;;;0;0;0;504;9;0;0;0;1;0;0;0;0;0;3;3;0;0;0;;0;0;0;0;0;0;0;144;-0,31;11,2821;0,25;;11,374;-0,14;;;0,41;1,94;;0;24,2063;25;;957;975;0;;2760;0;;;;535;0;4,2036;;64;0;;0;0;;;;11,32;4;156;0;114;0;91;0;320;2;;;0;60;;;;;;;0;-2;N;24/7/2026 02:15;-246;;D;99,66;224500;59687;4;CBN8;N;19;48;1;16600;;1,43;4;;;;3,72;49;40;128;0;0;0;0;0;0;0
24/7/2026 00:00;1;2026072411;7076;3;3950;3950;9,53;12,1;9,53;;;;;;4,89;4,89;17;;14400;;;;;;;;19;17;19;21;21;21;1;1;1;1;1;1;224475,3855;103;;;0;;;;;;;;;;;2300;;10,2;;;;;0;0;0;475;10;0;0;0;0;0;0;0;0;0;3;2;0;0;0;;0;0;0;0;0;0;0;146,5;-0,2547;11,3226;0,25;;11,3632;-0,1528;;;0,41;1,94;;0;42,1053;25;969;957;969;0;3096;3096;0;48;16;537;537;0;4,2012;;63;0;;0;1;;;;11,32;6;156;0;114;0;91;1;320;2;;;0;60;;;;;;300;0;-2;N;24/7/2026 06:15;968;;D;99,63;224500;59688;5;CBN8;N;16;48;1;16600;;1,43;3;;;;3,68;46;39;123;0;0;0;0;0;0;0
24/7/2026 00:00;2;2026072412;7076;3;3950,1667;3950,1667;;12,1;9,53;;;;;;;4,89;4;;14399;;12;;;;;;;17;19;;21;21;1;1;1;1;1;1;224475,0816;103;;;0;;;;;;;;;;;2300;;10,2;;;;;0;0;0;504;9;0;0;0;0;1;0;0;0;0;0;0;0;0;1;;0;0;0;0;0;0;0;;-0,11;11,44;0,25;;11,5319;-0,18;;;0,41;1,94;;0;33,1349;25;;957;969;0;2734;2734;0;43;17;514;514;0;4,2391;1,7;59;0;;0;1;;;;11,32;2;156;0;114;0;91;0;320;2;;;0;60;;;;;;300;0;0;N;24/7/2026 10:15;-3082;;D;99,67;224500;59689;6;CBN8;N;17;43;1;16601;;1,43;9;;;;3,8;47;39;122;0;0;0;0;0;0;0
24/7/2026 00:00;3;2026072423;7076;3;3950,3333;3950,3333;;12,1;9,53;;;;;;;4,89;19;;14401;;;;;;;;;17;19;;21;21;1;1;1;1;1;1;224478,747;103;;;0;;;;;;;;;;;2300;;10,2;;;;;0;0;0;540;8;0;0;0;0;0;0;0;0;0;3;3;0;1;0;;0;0;0;0;0;0;0;141,3333;-0,11;11,6038;0,25;;11,6556;-0,18;;;0,41;1,94;;0;21,6667;9;;957;969;0;2689;2689;0;40;18;512;512;0;4,2669;;76;0;;0;1;;;;11,32;9;156;0;114;0;91;0;320;2;;;0;60;;;;;;300;0;0;N;24/7/2026 14:15;-227;;D;99,67;224500;59690;7;CBN8;N;18;40;1;16601;;1,43;3;;;;3,86;47;39;124;0;0;0;0;0;0;0
24/7/2026 00:00;4;2026072424;7076;3;3950,5;3950,5;;12,1;9,53;;;;;;;4,89;3;;14399;;30;;;;;;;17;19;;21;21;1;1;1;1;1;1;224476,9466;103;;;0;;;;;;;;;;;2300;;10,2;;;;;0;0;1;417;5;0;0;0;0;2;0;0;1;0;1;1;0;0;0;;0;0;0;0;0;0;0;123;-0,11;12,0528;0,25;;12,0657;-0,18;;;0,41;1,94;;0;16,0671;9;;957;969;0;;2689;0;;;;512;0;4,3589;;62;0;;0;1;;;;11,32;3;156;0;114;0;91;0;320;2;;;0;60;;;;;;300;0;0;N;24/7/2026 18:15;-227;;D;99,67;224500;59691;0;CBN8;N;18;40;1;16602;;1,43;3;;;;4,14;47;39;124;0;0;0;0;0;0;0
24/7/2026 00:00;5;2026072435;7076;3;3950,6667;3950,6667;;12,1;9,53;;;;;;;4,89;12;;14401;;;;;;;;;17;19;;21;21;1;1;1;1;1;1;224476,0053;103;;;0;;;;;;;;;;;2300;;10,2;;;;;0;0;0;475;10;0;0;0;0;0;0;0;0;0;3;3;0;0;0;;0;0;0;0;0;0;0;121,3333;-0,11;11,8811;0,25;;11,9063;-0,18;;;0,41;1,94;;0;41,0526;9;;957;969;0;2664;2664;0;40;13;517;517;0;4,3231;;65;0;;0;1;;;;11,32;3;156;0;114;0;91;0;320;2;;;0;60;;;;;;300;0;0;N;24/7/2026 22:15;-86;;D;99,67;224500;59692;1;CBN8;N;13;40;;;;1,43;3;;;;4,03;48;39;126;0;0;0;0;0;0;0
24/7/2026 00:00;6;2026072436;7076;3;3950,8333;3950,8333;;12,1;9,53;;;;;;;4,89;13;;14398;;;;;;;;;17;19;;21;21;1;1;1;1;1;1;224477,8102;103;;;0;;;;;;;;;;;2300;;10,2;;;;;0;0;0;507;10;0;0;0;0;0;0;0;0;0;4;4;0;0;0;;0;0;0;0;0;0;0;129,75;-0,11;11,71;0,25;;11,7578;-0,18;;;0,41;1,94;;0;29,783;9;;957;969;0;;2664;0;;;;517;0;4,2898;;67;0;;0;0;;;;11,32;3;156;0;114;0;91;0;320;2;;;0;60;;;;;;300;0;0;N;25/7/2026 02:15;-86;;D;99,67;224500;59693;2;CBN8;N;13;40;1;16603;;1,43;3;;;;3,93;48;39;126;0;0;0;0;0;0;0
25/7/2026 00:00;1;2026072511;7076;3;3951;3951;;12,1;9,53;;;;;;;4,89;13;;14400;;20;;;;0;0;;17;19;;21;21;1;1;1;1;1;1;224474,717;103;;;0;;;;;;;;;2300;2300;2300;2300;10,2;;;;;0;0;0;461;8;0;0;0;0;1;0;0;0;0;2;2;0;1;0;;0;0;0;0;0;0;0;135,5;-0,11;11,5385;0,25;;11,5883;-0,18;;;0,41;1,94;;0;32,1041;9;;957;969;0;;2664;0;;;;517;0;4,2517;;67;0;;0;1;;;;11,32;5;156;0;114;0;91;0;320;2;;;0;60;;;;;;300;0;0;N;25/7/2026 06:15;5;;D;99,67;224500;59694;3;CBN8;N;13;32;1;16603;;1,43;3;2280;;6;3,82;48;40;124;0;0;0;0;0;0;0
25/7/2026 00:00;2;2026072512;7076;3;3951,1667;3951,1667;;12,1;9,53;;;;;;;4,89;7;;14400;14;;;;;;;;17;19;;21;21;1;1;1;1;1;1;224473,3037;103;;;0,5139;;300;300;;;;;;;;;;10,2;;;;;0;0;0;538;10;0;0;0;1;0;0;0;0;0;2;2;0;0;0;;0;0;0;0;0;0;0;211,5;-0,11;11,4404;0,25;;11,5029;-0,18;;;0,41;1,94;;0;23,9777;9;;957;969;0;2666;2666;0;32;13;508;508;0;4,2326;;64;0;;0;1;;;;11,32;2;156;0;114;0;91;1;320;2;;;0;60;;;;;;;0;0;N;25/7/2026 10:15;5;;D;99,67;224500;59695;4;CBN8;N;13;32;1;16604;;1,43;3;;;;3,76;48;40;124;0;0;0;0;0;0;0
25/7/2026 00:00;3;2026072523;7076;3;3951,3333;3951,3333;;12,1;9,53;;;;;;;4,89;3;;14399;;;;;;;;19;17;19;20;21;20;1;1;1;1;1;1;224476,299;103;;;0;;;;;;;;;;;2300;;10,2;;;;;0;0;0;483;10;0;0;0;0;0;0;0;0;0;4;4;0;2;0;;0;0;0;0;0;0;0;136,25;-0,11;11,4591;0,25;;11,5612;-0,1609;;;0,41;1,94;;0;38,0952;9;966;957;966;0;2672;2672;0;47;19;510;510;0;4,2457;;58;0;;0;1;;;;11,32;2;156;0;114;0;91;0;320;2;;;0;60;;;;;;300;0;0;N;25/7/2026 14:15;26;;D;99,67;224500;59696;5;CBN8;N;19;47;1;16604;;1,43;3;;;;3,78;48;40;123;0;0;0;0;0;0;0
25/7/2026 00:00;4;2026072524;7076;3;3951,5;3951,5;;12,1;9,53;;;;;;;4,89;3;;14401;;;;;;;;;17;19;;21;20;1;1;1;1;1;1;224474,3593;103;;;0;;;;;;;;;;;2300;;10,2;;;;;0;0;0;487;8;0;0;0;0;0;0;0;0;0;3;3;0;1;1;;0;0;0;0;0;0;0;168,3333;-0,11;11,48;0,25;;11,5954;-0,14;;;0,41;1,94;;0;24,23;9;;957;966;0;;2672;0;;;;510;0;4,2533;1,6;64;0;;0;1;;;;11,32;2;156;0;114;0;91;0;320;2;;;0;60;;;;;;300;0;-1;N;25/7/2026 18:15;26;;D;99,67;224500;59697;6;CBN8;N;19;47;1;16605;;1,43;3;;;;3,8;48;40;123;0;0;0;0;0;0;0
25/7/2026 00:00;5;2026072535;7076;3;3951,6667;3951,6667;;12,1;9,53;;;;;;;4,89;16;;14399;;21;;;;;;;17;19;;21;20;1;1;1;1;1;1;224475,8736;103;;;0;;;;;;;;;;;2300;;10,2;;;;;0;0;0;543;8;0;0;0;0;1;0;0;0;0;2;2;0;0;0;;0;0;0;0;0;0;0;127;-0,11;11,6438;0,25;;11,7048;-0,14;;;0,41;1,94;;0;19,8895;9;;957;966;0;2632;2632;0;48;11;506;506;0;4,2779;;64;0;;0;1;;;;11,32;9;156;0;114;0;91;0;320;2;;;0;60;;;;;;300;0;-1;N;25/7/2026 22:15;-648;;D;99,68;224500;59698;7;CBN8;N;11;48;;;;1,43;4;;;;3,88;48;39;125;0;0;0;0;0;0;0
25/7/2026 00:00;6;2026072536;7076;3;3951,8333;3951,8333;;12,1;9,53;;;;;;;4,89;11;;14400;;14;;;;;;;17;19;;21;20;1;1;1;1;1;1;224476,0367;103;;;0;;;;;;;;;;;2300;;10,2;;;;;6;2;1;504;7;0;0;0;0;1;0;0;0;0;2;2;0;1;0;;0;0;0;0;0;0;0;147,5;-0,11;11,8304;0,25;;11,9262;-0,14;;;0,41;1,94;;0;17,2619;9;;957;966;21,4931;;2632;0;;;;506;0;4,3276;;159;0;;0;0;;;;11,32;6;156;0;114;0;91;0;320;2;;;0;60;;;;;;300;0;-1;N;26/7/2026 02:15;-648;;D;99,68;224500;59699;0;CBN8;N;11;48;1;16606;;1,43;4;;;;4,03;48;39;125;0;0;0;0;0;0;0
26/7/2026 00:00;1;2026072611;7076;3;3952;3952;;12,1;9,53;;;;;;;4,89;8;;14399;;;;;;;;;17;19;;21;20;1;1;1;1;1;1;224477,848;103;;;0;;;;;;;;;;;2300;;10,2;;;;;5;3;0;471;7;0;0;0;0;0;0;0;0;0;3;3;0;1;0;;0;0;0;0;0;0;0;146,3333;-0,11;12,1146;0,25;;12,203;-0,14;;;0,41;1,94;;0;25,0531;9;;957;966;32,6828;2605;2605;27,0922;42;16;505;505;0;4,3897;;101;0;;0;1;;;;11,32;7;156;0;114;0;91;0;320;2;;;0;60;;;;;;300;0;-1;N;26/7/2026 06:15;-83;;D;99,68;224500;59700;1;CBN8;N;16;42;1;16606;;1,43;4;;;;4,22;48;38;127;0,0689;0;0;0;0;0;0
26/7/2026 00:00;2;2026072612;7076;3;3952,1667;3952,1667;;12,1;9,53;;;;;;;4,89;6;;14401;;;;;;120;;;17;19;;21;20;1;1;1;1;1;1;224480,6613;103;;;0;;;;;;;;;;;2300;2420;10,2;;;;;0;0;0;491;9;0;0;0;0;0;0;0;0;0;4;4;0;1;0;;0;0;0;0;0;0;0;141;-0,11;11,8809;0,25;;11,9736;-0,14;;;0,41;1,94;;0;35,0305;9;;957;966;0;;2605;0;;;;505;0;4,3383;;71;0;;0;1;;;;11,32;2;156;0;114;0;91;0;320;2;;;0;60;;;;;;300;0;-1;N;26/7/2026 10:15;-83;;D;99,68;224500;59701;2;CBN8;N;16;42;1;16607;;1,43;4;2420;;8;4,06;48;38;127;0;0;0;0;0;0;0
26/7/2026 00:00;3;2026072623;7076;3;3952,3333;3952,3333;;12,1;9,53;;;;;;;4,89;3;;14400;;;;;;;;;17;19;;21;20;1;1;1;1;1;1;224479,4902;103;;;0;;;;;;;;;2369;2369;2300;;10,2;;;;;0;0;0;507;8;0;0;0;0;0;0;0;0;0;3;3;0;0;0;;0;0;0;0;0;0;0;123;-0,11;11,7154;0,25;;11,8155;-0,14;;;0,41;1,94;;0;29,3886;9;;957;966;0;2584;2584;0;54;17;501;501;0;4,3028;;65;0;;0;1;;;;11,32;2;156;0;114;0;91;0;320;2;;;0;60;;;;;;300;0;-1;N;26/7/2026 14:15;-68;;D;99,67;224500;59702;3;CBN8;N;17;54;1;16607;;1,43;4;;;;3,95;49;39;128;0;0;0;0;0;0;0
26/7/2026 00:00;4;2026072624;7076;3;3952,5;3952,5;11,46;12,1;11,46;;;;;;4,42;4,42;7;;14400;;;;;;;;;17;19;;21;20;1;1;1;1;1;1;224477,202;103;;;1,5139;;300;300;;;;;;;;;;10,2;;;;;0;0;0;551;7;0;0;0;0;0;0;0;0;0;4;3;0;2;0;;0;0;0;0;0;0;0;154,6667;-0,11;11,5468;0,25;;11,626;-0,14;;;0,41;1,94;;0;27,7677;;;957;966;0;;2584;0;;;;501;0;4,2602;;69;0;;0;1;;;;11,32;6;156;0;114;0;91;1;320;2;;;0;60;;;;;;;0;-1;N;26/7/2026 18:15;-68;;D;99,67;224500;59703;4;CBN8;N;17;54;1;16608;;1,43;4;;;;;49;39;128;0;0;0;0;0;0;0
26/7/2026 00:00;5;2026072635;7076;3;3952,6667;3952,6667;11,2;12,1;11,2;;;;;;5,3;5,3;14;;14400;;;;;;;;19;17;19;20;21;20;1;1;1;1;1;1;224476,1184;103;;;0;;;;;;;;;;;2300;;10,2;;;;;0;0;0;559;6;0;0;0;0;0;0;0;0;0;4;4;0;0;0;;0;0;0;0;0;0;0;174,5;-0,0287;11,6591;0,25;;11,7078;-0,0422;;;0,41;1,94;;0;25,2236;;956;957;956;0;2561;2561;0;57;19;495;495;0;4,2786;;58;0;;0;1;;;;11,32;5;156;0;114;0;91;1;320;2;;;0;60;;;;;;300;0;-1;N;26/7/2026 22:15;-57;;D;99,67;224500;59704;5;CBN8;N;19;57;;;;1,43;4;;;;;48;38;127;0;0;0;0;0;0;0
26/7/2026 00:00;6;2026072636;7076;3;3952,8333;3952,8333;;12,1;11,2;;;;;;;5,3;7;;14399;;;;;;;;;17;19;;21;20;1;1;1;1;1;1;224474,4826;103;;;0;;;;;;;;;;;2300;;10,2;;;;;0;0;0;509;6;0;0;0;0;0;0;0;0;0;3;3;0;1;1;;0;0;0;0;0;0;0;159;0;11,7971;0,25;;11,9109;0,04;;;0,4371;2,18;2,18;0;25,9332;;;957;956;0;;2561;0;;;;495;0;4,3242;;56;0;;0;0;;;;11,32;5;156;0;114;0;91;0;320;2;;;0;60;;;;;;300;0;-1;N;27/7/2026 02:15;-57;;D;99,67;224500;59705;6;CBN8;N;19;57;1;16609;;1,43;4;;;;;48;38;127;0;0;0;0;0;0;0
27/7/2026 00:00;1;2026072711;7076;3;3953;3953;;12,1;11,2;;;;;;;5,3;11;;14400;;11;;;;;;;17;19;;21;20;1;1;1;1;1;1;224472,786;103;;;0;;;;;;;;;;;2300;;10,2;;;;;0;0;1;510;4;0;0;0;0;2;0;0;0;0;1;1;0;1;0;;0;0;0;0;0;0;0;134;0;12,394;0,25;;12,4976;0,04;;;0,51;2,18;;0;12,549;3;;957;956;0;2443;2443;0;70;14;480;480;0;4,4559;;73;0;;0;1;;;;11,32;9;156;0;114;0;91;0;320;2;;;0;60;;;;;;300;0;-1;N;27/7/2026 06:15;-364;;D;99,69;224500;59706;0;CBN8;N;14;70;1;16609;;1,43;6;;;;4,11;47;38;124;0;0;0;0;0;0;0
27/7/2026 00:00;2;2026072712;7076;3;3953,1667;3953,1667;;12,1;11,2;;;;;;;5,3;2;;14399;;13;;;;;;;17;19;;21;20;1;1;1;1;1;1;224477,1288;103;;;0;;;;;;;;;;;2300;;10,2;;;;;0;0;0;478;5;0;0;0;0;1;0;0;0;0;2;2;0;1;0;;0;0;0;0;0;0;0;181;0;12,3858;0,25;;12,4783;0,04;;;0,51;2,18;;0;29,9163;3;;957;956;0;;2443;0;;;;480;0;4,4516;;62;0;;0;1;;;;11,32;2;156;0;114;0;91;0;320;2;;;0;60;;;;;;300;0;-1;N;27/7/2026 10:15;-364;;D;99,69;224500;59707;1;CBN8;N;14;70;1;16610;;1,43;6;;;;4,1;47;38;124;0;0;0;0;0;0;0
27/7/2026 00:00;3;2026072723;7076;3;3953,3333;3953,3333;;12,1;11,2;;;;;;;5,3;3;;14400;;;;;;;;;17;19;;21;20;1;1;1;1;1;1;224476,2814;103;;;0;;;;;;;;;;;2300;;10,2;;;;;0;0;0;481;6;0;0;0;0;0;0;0;0;0;4;4;0;2;0;;0;0;0;0;0;0;0;133,5;0;12,2128;0,25;;12,3142;0,04;;;0,51;2,18;;0;38,4615;3;;957;956;0;2418;2418;0;83;14;497;497;0;4,4147;;67;0;;0;1;;;;11,32;2;156;0;114;0;91;0;320;2;;;0;60;;;;;;300;0;-1;N;27/7/2026 14:15;-77;;D;99,69;224500;59708;2;CBN8;N;14;83;1;16610;;1,43;4;;;;3,99;47;38;124;0;0;0;0;0;0;0
27/7/2026 00:00;4;2026072724;7076;3;3953,5;3953,5;;12,1;11,2;;;;;;;5,3;6;;14400;;;;;;;;;17;19;;21;20;1;1;1;1;1;1;224473,2287;103;;;0;;;;;;;;;;;2300;;10,2;;;;;0;0;0;534;6;0;0;0;0;0;0;0;0;0;4;4;0;0;0;;0;0;0;0;0;0;0;192,5;0;12,0435;0,25;;12,1472;0,04;;;0,51;2,18;;0;21,161;3;;957;956;0;;2418;0;;;;497;0;4,3772;;65;0;;0;1;;;;11,32;2;156;0;114;0;91;0;320;2;;;0;60;;;;;;300;0;-1;N;27/7/2026 18:15;-77;;D;99,69;224500;59709;3;CBN8;N;14;83;1;16611;;1,43;4;;;;3,88;47;38;124;0;0;0;0;0;0;0
27/7/2026 00:00;5;2026072735;7076;3;3953,6667;3953,6667;;12,1;11,2;;;;;;;5,3;7;;14400;;;;;;0;0;;17;19;;21;20;1;1;1;1;1;1;224477,8882;103;;;0;;;;;;;;;2300;2300;2300;2300;10,2;;;;;0;0;0;531;6;0;0;0;0;0;0;0;0;0;5;4;0;0;0;;0;0;0;0;0;0;0;188,5;0;11,8942;0,25;;11,9956;0,04;;;0,51;2,18;;0;21,6573;3;;957;956;0;2429;2429;0;83;14;495;495;0;4,3432;;62;0;;0;1;;;;11,32;3;156;0;114;0;91;0;320;2;;;0;60;;;;;;300;0;-1;N;27/7/2026 22:15;32;;D;99,69;224500;59710;4;CBN8;N;14;83;;;;1,43;4;2300;;11;3,78;47;38;123;0;0;0;0;0;0;0
27/7/2026 00:00;6;2026072736;7076;3;3953,8333;3953,8333;;12,1;11,2;;;;;;;5,3;6;;14399;9;;;;;;;;17;19;;21;20;1;1;1;1;1;1;224477,8773;103;;;1,3472;;300;300;;;;;;;;;;10,2;;;;;0;0;0;590;6;0;0;0;1;0;0;0;0;0;3;1;0;0;0;;0;0;0;0;0;0;0;223;0;11,87;0,25;;11,9342;0,04;;;0,51;2,18;;0;13,7288;3;;957;956;0;;2429;0;;;;495;0;4,3294;;54;0;;0;0;;;;11,32;4;156;0;114;0;91;1;320;2;;;0;60;;;;;;;0;-1;N;28/7/2026 02:15;32;;D;99,69;224500;59711;5;CBN8;N;14;83;1;16612;;1,43;4;;;;3,74;47;38;123;0;0;0;0;0;0;0
28/7/2026 00:00;1;2026072811;7076;3;3954;3954;;12,1;11,2;;;;;;;5,3;3;;14400;;;;;;;;18;17;18;20;21;20;1;1;1;1;1;1;224477,2298;103;;;0;;;;;;;;;;;2300;;10,2;;;;;0;0;0;516;6;0;0;0;0;0;0;0;0;0;5;4;0;0;0;;0;0;0;0;0;0;0;190,75;0;11,7939;0,25;;11,8966;-0,0361;;;0,51;2,18;;0;26,1628;3;963;957;963;0;2273;2273;0;84;14;471;471;0;4,321;;53;0;;0;1;;;;11,32;2;156;0;114;0;91;0;320;2;;;0;60;;;;;;;0;-1;N;28/7/2026 06:15;-511;;D;99,7;224500;59712;6;CBN8;N;14;84;1;16612;;1,43;3;;;;3,75;46;37;120;0;0;0;0;0;0;0
28/7/2026 00:00;2;2026072812;7076;3;3954,1667;3954,1667;;12,1;11,2;;;;;;;5,3;9;;14401;;;;;;;;;17;18;;21;20;1;1;1;1;1;1;224477,0401;103;;;0;;;;;;;;;;;2300;;10,2;;;;;0;0;0;576;6;0;0;0;0;0;0;0;0;0;3;2;0;1;0;;0;0;0;0;0;0;0;239;0;11,73;0,25;;11,8119;-0,1;;;0,51;2,18;;0;20,4861;3;;957;963;0;;2273;0;;;;471;0;4,3019;1,4;69;0;;0;1;;;;11,32;4;156;0;114;0;91;1;320;2;;;0;60;;;;;;;0;-1;N;28/7/2026 10:15;-511;;D;99,7;224500;59713;7;CBN8;N;14;84;1;16613;;1,43;3;;;;3,7;46;37;120;0;0;0;0;0;0;0
28/7/2026 00:00;3;2026072823;7076;3;3954,3333;3954,3333;;12,1;11,2;;;;;;;5,3;18;;14399;;12;;;;;;;17;18;;21;20;1;1;1;1;1;1;224478,2965;103;;;0;;;;;;;;;;;2300;;10,2;;;;;0;0;1;565;6;0;0;0;0;1;0;0;0;0;3;3;0;0;0;;0;0;0;0;0;0;0;194,6667;0;11,9672;0,25;;12,0267;-0,1;;;0,51;2,18;;0;13,0973;3;;957;963;0;2415;2415;0;74;19;492;492;0;4,3502;;77;0;;0;1;;;;11,32;10;156;0;114;0;91;1;320;2;;;0;60;;;;;;;0;-1;N;28/7/2026 14:15;683;;D;99,69;224500;59714;0;CBN8;N;19;74;1;16613;;1,43;3;;;;3,84;47;37;126;0;0;0;0;0;0;0
28/7/2026 00:00;4;2026072824;7076;3;3954,5;3954,5;;12,1;11,2;;;;;;;5,3;4;;14400;;20;;;;;;;17;18;;21;20;1;1;1;1;1;1;224478,9569;103;;;0;;;;;;;;;;;2300;;10,2;;;;;0;0;0;481;5;0;0;0;0;1;0;0;0;0;1;1;0;1;1;;0;0;0;0;0;0;0;115;0;12,3245;0,25;;12,4447;-0,1;;;0,51;2,18;;0;19,9584;3;;957;963;0;2440;2440;0;71;13;496;496;0;4,444;;94;0;;0;1;;;;11,32;4;156;0;114;0;91;0;320;2;;;0;60;;;;;;;0;-1;N;28/7/2026 18:15;185;;D;99,69;224500;59715;1;CBN8;N;13;71;1;16614;;1,43;4;;;;4,12;47;37;126;0;0;0;0;0;0;0
28/7/2026 00:00;5;2026072835;7076;3;3954,6667;3954,6667;;12,1;11,2;;;;;;;5,3;6;;14399;;;;;;;;;17;18;;21;20;1;1;1;1;1;1;224478,0232;103;;;0;;;;;;;;;;;2300;;10,2;;;;;0;0;0;503;6;0;0;0;0;0;0;0;0;0;4;4;0;0;0;;0;0;0;0;0;0;0;131,25;0;12,151;0,25;;12,2376;-0,1;;;0,51;2,18;;0;30,8151;3;;957;963;0;2383;2383;0;65;13;495;495;0;4,3975;;75;0;;0;1;;;;11,32;3;156;0;114;0;91;0;320;2;;;0;60;;;;;;;0;-1;N;28/7/2026 22:15;-289;;D;99,69;224500;59716;2;CBN8;N;13;65;;;;1,43;4;;;;3,98;47;37;127;0;0;0;0;0;0;0
28/7/2026 00:00;6;2026072836;7076;3;3954,8333;3954,8333;;12,1;11,2;;;;;;;5,3;20;;14400;;;;;;;;;17;18;;21;20;1;1;1;1;1;1;224477,5926;103;;;0;;;;;;;;;;;2300;;10,2;;;;;0;0;0;494;6;0;0;0;0;0;0;0;0;0;4;4;0;1;0;;0;0;0;0;0;0;0;164,75;0;11,98;0,25;;12,06;-0,1;;;0,51;2,18;;0;34,413;3;;957;963;0;;2383;0;;;;495;0;4,3576;;78;0;;0;0;;;;11,32;4;156;0;114;0;91;0;320;2;;;0;60;;;;;;;0;-1;N;29/7/2026 02:15;-289;;D;99,69;224500;59717;3;CBN8;N;13;65;1;16615;;1,43;4;;;;3,86;47;37;127;0;0;0;0;0;0;0
29/7/2026 00:00;1;2026072911;7076;3;3955;3955;;12,1;11,2;;;;;;;5,3;11;;14401;;;;;;0;0;;17;18;;21;20;1;1;1;1;1;1;224477,9692;103;;;0;;;;;;;;;2300;2300;2300;2300;10,2;;;;;0;0;0;504;6;0;0;0;0;0;0;0;0;0;4;4;0;0;0;;0;0;0;0;0;0;0;161,5;0;11,812;0,25;;11,8869;-0,1;;;0,51;2,18;;0;30,754;3;;957;963;0;2329;2329;0;78;16;489;489;0;4,3188;;108;0;;0;1;;;;11,32;5;156;0;114;0;91;0;320;2;;;0;60;;;;;;;0;-1;N;29/7/2026 06:15;-180;;D;99,7;224500;59718;4;CBN8;N;16;78;1;16615;;1,43;4;2300;;8;3,75;48;37;126;0;0;0;0;0;0;0
29/7/2026 00:00;2;2026072912;7076;3;3955,1667;3955,1667;;12,1;11,2;;;;;;;5,3;2;;14400;;17;;;;;;;17;18;;21;20;1;1;1;1;1;1;224477,5247;103;;;0;;;;;;;;;;;;;10,2;;;;;0;0;0;515;6;0;0;0;0;1;0;0;0;0;3;3;0;0;0;;0;0;0;0;0;0;0;212,3333;0;11,73;0,25;;11,8369;-0,1;;;0,51;2,18;;0;15,9223;3;;957;963;0;;2329;0;;;;489;0;4,3075;;109;0;;0;1;;;;11,32;1;156;0;114;0;91;0;320;2;;;0;60;;;;;;;0;-1;N;29/7/2026 10:15;-180;;D;99,7;224500;59719;5;CBN8;N;16;78;1;16616;;1,43;4;;;;3,71;48;37;126;0;0;0;0;0;0;0
29/7/2026 00:00;3;2026072923;7076;3;3955,3333;3955,3333;13,1;12,1;13,1;;;;;;5,2;5,2;9;;14398;;;;;;;;18;17;18;22;21;22;1;1;1;1;1;1;224476,5229;103;;;0;;;;;;;;;;;2300;;10,2;560;;;;1;1;0;576;5;0;0;0;0;0;0;0;0;0;4;3;0;0;0;;0;0;0;0;0;0;0;200;0;11,8425;0,25;;11,9036;0,0125;;;0,51;2,18;;0;20,1389;3;955;957;955;0;2285;2285;0;79;14;482;482;0;4,3225;;115;0;;0;1;;;;11,32;6;156;0;114;0;91;1;320;2;;;0;60;;;;;;;0;-1;N;29/7/2026 14:15;-117;;D;99,7;224500;59720;6;CBN8;N;14;79;1;16616;;1,43;3;;;;3,71;48;36;126;0;0;0;0;0;0;0
29/7/2026 00:00;4;2026072924;7076;3;3955,5;3955,5;;12,1;13,1;;;;;;;5,2;8;;14402;;;;;;;;;17;18;;21;22;1;1;1;1;1;1;224476,2553;103;;;0;;;;;;;;;;;2300;;10,2;;;;;3;1;0;552;6;0;0;0;0;0;0;0;0;0;3;2;0;0;1;;0;0;0;0;0;0;0;155;0;11,88;0,25;;11,9127;0,05;;;0,51;2,18;;0;27,3551;3;;957;955;0;;2285;0;;;;482;0;4,3246;1,4;122;0;;0;1;;;;11,32;7;156;0;114;0;91;1;320;2;;;0;60;;;;;;;0;1;N;29/7/2026 18:15;-117;;D;99,7;224500;59721;7;CBN8;N;14;79;1;16617;;1,43;3;;;;3,72;48;36;126;0;0;0;0;0;0;0
29/7/2026 00:00;5;2026072935;7076;3;3955,6667;3955,6667;;12,1;13,1;;;;;;;5,2;5;;14399;;;;;;;;;17;18;;21;22;1;1;1;1;1;1;224478,0479;103;;;0;;;;;;;;;;;2300;;10,2;;;;;0;0;0;585;6;0;0;0;0;0;0;0;0;0;4;4;0;0;0;;0;0;0;0;0;0;0;203,25;0;12,0474;0,25;;12,167;0,05;;;0,51;2,18;;0;16,7521;12;;957;955;0;2291;2291;0;91;18;480;480;0;4,3817;;113;0;;0;1;;;;11,32;5;156;0;114;0;91;1;320;2;;;0;60;;;;;;;0;1;N;29/7/2026 22:15;20;;D;99,7;224500;59722;8;CBN8;N;18;91;;;;1,43;3;;;;3,81;47;36;127;0;0;0;0;0;0;0
29/7/2026 00:00;6;2026072936;7076;3;3955,8333;3955,8333;;12,1;13,1;;;;;;;5,2;13;;14399;;17;;;;;;;17;18;;21;22;1;1;1;1;1;1;224480,5237;103;;;0;;;;;;;;;;;2300;;10,2;;;;;1;1;1;521;3;0;0;0;0;2;0;0;0;0;1;0;0;0;0;;0;0;0;0;0;0;0;;0;12,491;0,25;;12,5983;0,05;;;0,51;2,18;;0;13,8196;12;;957;955;0;;2291;0;;;;480;0;4,4785;;110;0;;0;0;;;;11,32;11;156;0;114;0;91;1;320;2;;;0;60;;;;;;;0;1;N;30/7/2026 02:15;20;;D;99,7;224500;59723;0;CBN8;N;18;91;1;16618;;1,43;3;;;;4,09;47;36;127;0;0;0;0;0;0;0
30/7/2026 00:00;1;2026073011;7076;3;3956;3956;;12,1;13,1;;;;;;;5,2;21;;14399;;;;;;;;;17;18;;21;22;1;1;1;1;1;1;224477,5161;103;;;0;;;;;;;;;;;2300;;10,2;;;;;0;0;0;470;6;0;0;0;0;0;0;0;0;0;3;3;0;1;0;;0;0;0;0;0;0;0;135,6667;0;12,3191;0,25;;12,4171;0,05;;;0,51;2,18;;0;42,766;12;;957;955;0;2159;2159;0;74;17;479;479;0;4,4378;;100;0;;0;1;;;;11,32;5;156;0;114;0;91;0;320;2;;;0;60;;;;;;;0;1;N;30/7/2026 06:15;-358;;D;99,71;224500;59724;1;CBN8;N;17;74;1;16618;;1,43;3;;;;3,97;47;36;125;0;0;0;0;0;0;0
30/7/2026 00:00;2;2026073012;7076;3;3956,1667;3956,1667;;12,1;13,1;;;;;;;5,2;12;;14401;;;586;;586;;;;17;18;;21;22;1;1;1;1;1;1;224473,0556;103;;;0;;;;;;;;;;;2300;;10,2;;;1;;2;2;0;535;6;0;0;0;0;0;0;1;0;0;1;1;0;1;0;;1;1;0;0;0;0;0;183;0;12,1929;0,25;;12,3491;0,05;;;0,51;2,18;;0,0324;46,5421;12;;957;955;8,798;;2159;8,798;;;;479;0;4,4226;;113;0;;0;1;37;16,1081;;11,32;8;156;596;114;37;91;0;320;2;;;0;60;;;;;;;0;1;N;30/7/2026 10:15;-358;;D;99,71;224500;59725;2;CBN8;N;17;74;1;16619;;1,43;3;;;;3,93;47;36;125;0,0448;9,7667;22;0;0;0;0
30/7/2026 00:00;3;2026073023;7076;3;3956,3333;3956,3333;;12,1;13,1;;;;;;;5,2;17;;14399;;;;;;;;;17;18;;21;22;1;1;1;1;1;1;224473,6056;103;;;0;;;;;;;;;;1000;2300;;10,2;;;;;0;0;0;562;6;0;0;0;0;0;0;0;0;0;3;3;0;1;0;;0;0;0;0;0;0;0;179;0;11,9731;0,25;;12,0695;0,05;;;0,51;2,18;;0;24,0214;12;;957;955;0;2341;2341;0;69;17;503;503;0;4,3598;;74;0;;0;1;;;;11,32;4;156;0;114;0;91;1;320;2;;;0;60;;;;;;;0;1;N;30/7/2026 14:15;538;;D;99,7;224500;59726;3;CBN8;N;17;69;1;16619;;1,43;4;;;;3,75;46;36;125;0;0;0;0;0;0;0
30/7/2026 00:00;4;2026073024;7076;3;3956,5;3956,5;;12,1;13,1;;;;;;;5,2;20;;14401;;;;;;;;;17;18;;21;22;1;1;1;1;1;1;224472,0744;103;;;0;;;;;;;;;;;;1000;10,2;;;;;1;0;0;599;6;0;0;0;0;0;0;0;0;0;3;3;0;0;0;;0;0;0;0;0;0;0;155,3333;0;11,88;0,25;;12,0233;0,05;;;0,51;2,18;;0;23,2053;12;;957;955;0;4945;4945;0;68;15;400;400;0;4,3494;;105;0;;0;1;;;;11,32;6;156;0;114;0;91;2;320;2;;;0;60;;;;;;;0;1;N;30/7/2026 18:15;20549;;D;99,45;224500;59727;4;CBN8;N;15;68;1;16620;;1,43;4;980;;8;3,72;48;36;129;0;0;0;0;0;0;0
30/7/2026 00:00;5;2026073035;7076;3;3956,6667;3956,6667;;12,1;13,1;;;;;;;5,2;16;;14401;21;;;;;;;21;17;21;21;21;21;1;1;1;1;1;1;224474,3385;103;;;0;;;;;;;;;;;2300;;10,2;;;;;0;0;0;492;5;0;0;0;1;0;0;0;0;0;2;2;0;0;1;;0;0;0;0;0;0;0;141;0;11,8711;0,25;;11,9673;0,0411;;;0,51;2,18;;0;18,0894;12;956;957;956;0;2204;2204;0;63;21;482;482;0;4,3368;;78;0;;0;1;;;;11,32;8;156;0;114;0;91;0;320;2;;;0;60;;;;;;400;0;1;N;30/7/2026 22:15;-16388;;D;99,71;224500;59728;5;CBN8;N;21;63;;;;1,43;3;;;;3,69;45;35;121;0;0;0;0;0;0;0
30/7/2026 00:00;6;2026073036;7076;3;3956,8333;3956,8333;;12,1;13,1;;;;;;;5,2;34;;14398;;;;;;;;;17;21;;21;21;1;1;1;1;1;1;224477,5354;100;;;0;;;;;;;;;;;2300;;10,2;;;;;7;2;0;661;6;0;0;0;0;0;0;0;0;0;3;3;0;0;0;;0;0;0;0;0;0;0;184;0;11,85;0,25;;11,9908;0,02;;;0,51;2,18;;0;19,8185;12;;957;956;16,669;;2204;0;;;;482;0;4,3421;1,7;102;0;;0;0;;;;11,32;15;156;0;114;0;91;3;320;2;;;0;60;;;;;;400;0;0;N;31/7/2026 02:15;-16388;;D;99,71;224500;59729;6;CBN8;N;21;63;1;16621;;1,43;3;;;;3,7;45;35;121;0;0;0;0;0;0;0
31/7/2026 00:00;1;2026073111;7076;3;3957;3957;;12,1;13,1;;;;;;;5,2;19;;14399;;23;;;;;;;17;21;;21;21;1;1;1;1;1;1;224473,67;100;;;0;;;;;;;;;;;2300;;10,2;;;;;0;0;0;522;4;0;0;0;0;1;0;0;0;0;1;1;0;0;0;;0;0;0;0;0;0;0;152;0,274;12,273;0,25;;12,4102;0,02;;;0,51;2,18;;0;19,3487;12;;957;956;0;;2204;0;;;;482;0;4,4363;;114;0;;0;1;;;;11,32;12;156;0;114;0;91;0;320;2;;;0;60;;;;;;400;0;0;N;31/7/2026 06:15;-16388;;D;99,71;224500;59730;7;CBN8;N;21;63;1;16621;;1,43;3;;;;3,97;45;35;121;0;0;0;0;0;0;0
31/7/2026 00:00;2;2026073112;7076;3;3957,1667;3957,1667;;12,1;13,1;;;;;;;5,2;6;;14401;;32,5;;;;;;;17;21;;21;21;1;1;1;1;1;1;224470,9028;100;;;0;;;;;;;;;;;2300;;10,2;;;;;0;0;1;429;3;0;0;0;0;2;0;0;0;0;1;1;0;0;0;;0;0;0;0;0;0;0;147;0,46;12,9246;0,25;;13,0089;0,02;;;0,51;2,18;;0;10,4895;12;;957;956;0;2210;2210;0;53;12;485;485;0;4,5707;;88;0;;0;1;;;;11,32;4;156;0;114;0;91;0;320;2;;;0;60;;;;;;400;0;0;N;31/7/2026 10:15;15;;D;99,71;224500;59731;0;CBN8;N;12;53;1;16622;;1,43;3;;;;4,36;45;35;122;0;0;0;0;0;0;0
31/7/2026 00:00;3;2026073123;7076;3;3957,3333;3957,3333;;12,1;13,1;;;;;;;5,2;10;;14400;;26;;;;;;;17;21;;21;21;1;1;1;1;1;1;224474,479;100;;;3,7778;;;;;;;;;;;2300;;10,2;;;;;0;0;0;476;5;0;0;0;0;1;0;0;0;0;2;2;0;0;0;;0;0;0;0;0;0;0;170,5;0,46;12,7511;0,25;;12,7828;0,02;;;0,51;2,18;;0;25,6303;12;;957;956;0;;2210;0;;;;485;0;4,5199;;89;1;;0;1;;;;11,32;3;156;0;114;0;91;0;320;2;;;0;60;;;;;;400;0;0;N;31/7/2026 14:15;384;;D;99,7;224500;59732;1;CBN8;N;16;61;1;16622;;1,43;3;;;;4,21;46;35;122;0;0;0;0;0;0;0
31/7/2026 00:00;4;2026073124;7076;3;3957,5;3957,5;;12,1;13,1;;;;;;;5,2;9;;14400;;;;;;;;;17;21;;21;21;1;1;1;1;1;1;224476,9188;100;;;0;;;;;;;;;;;2300;;10,2;;;;;0;0;0;518;6;0;0;0;0;0;0;0;0;0;4;4;0;0;0;;0;0;0;0;0;0;0;151;0,46;12,5817;0,25;;12,6371;0,02;;;0,51;2,18;;0;31,0811;12;;957;956;0;2331;2331;0;61;16;509;509;0;4,4872;;100;0;;0;1;;;;11,32;4;156;0;114;0;91;0;320;2;;;0;60;;;;;;400;0;0;N;31/7/2026 18:15;384;;D;99,7;224500;59733;2;CBN8;N;16;61;1;16623;;1,43;3;;;;4,12;46;35;122;0;0;0;0;0;0;0
31/7/2026 00:00;5;2026073135;7076;3;3957,6667;3957,6667;;12,1;13,1;;;;;;;5,2;2;;14399;;;;;;-60;0;;17;21;;21;21;1;1;1;1;1;1;224476,3893;100;;;0;;;;;;;;;2240;2240;2300;2240;10,2;;;;;0;0;0;519;6;0;0;0;0;0;0;0;0;0;3;3;0;0;0;;0;0;0;0;0;0;0;165,3333;0,46;12,4141;0,25;;12,4833;0,02;;;0,51;2,18;;0;30,8285;12;;957;956;0;2235;2235;0;61;17;493;493;0;4,4527;;84;0;;0;1;;;;11,32;1;156;0;114;0;91;0;320;2;;;0;60;;;;;;400;0;0;N;31/7/2026 22:15;-323;;D;99,71;224500;59734;3;CBN8;N;17;61;;;;1,43;4;2260;;10;4,02;45;35;122;0;0;0;0;0;0;0
31/7/2026 00:00;6;2026073136;7076;3;3957,8333;3957,8333;;12,1;13,1;;;;;;;5,2;10;;14398;15;;;;;;;;17;21;;21;21;1;1;1;1;1;1;224476,5127;100;;;2,0903;;400;400;;;;;;;;;;10,2;;;;;0;0;0;536;5;0;0;0;1;0;0;0;0;0;3;3;0;2;0;;0;0;0;0;0;0;0;160;0,46;12,3111;0,25;;12,4243;0,02;;;0,51;2,18;;0;29,1045;12;;957;956;0;;2235;0;;;;493;0;4,4394;;68;0;;0;0;;;;11,32;6;156;0;114;0;91;1;320;2;;;0;60;;;;;;;0;0;N;1/8/2026 02:15;-323;;D;99,71;224500;59735;4;CBN8;N;17;61;1;16624;;1,43;4;;;;3,98;45;35;122;0;0;0;0;0;0;0
1/8/2026 00:00;1;2026080111;7076;3;3958;3958;11,8;12,1;11,8;;;;;;5,1;5,1;17;;14401;;;;;;;;18;17;18;22;21;22;1;1;1;1;1;1;224475,8855;100;;;0;;;;;;;;;;;2300;;10,2;;;;;0;0;0;590;6;0;0;0;0;0;0;0;0;0;3;3;0;0;0;;0;0;0;0;0;0;0;211,6667;0,2153;12,0313;0,25;;12,1251;-0,014;;;0,51;2,18;;0;21,3559;12;959;957;959;0;2185;2185;0;59;13;482;482;0;4,3722;;66;0;;0;1;;;;11,32;5;156;0;114;0;91;1;320;2;;;0;60;;;;;;;0;0;N;1/8/2026 06:15;-153;;D;99,71;224500;59736;5;CBN8;N;13;59;1;16624;;1,43;3;;;;3,8;46;35;126;0;0;0;0;0;0;0
1/8/2026 00:00;2;2026080112;7076;3;3958,1667;3958,1667;;12,1;11,8;;;;;;;5,1;8;;14400;;19;;;;;;;17;18;;21;22;1;1;1;1;1;1;224471,88;100;;;0;;;;;;;;;;;2300;;10,2;;;;;0;0;0;499;5;0;0;0;0;1;0;0;0;0;1;1;0;0;1;;0;0;0;0;0;0;0;131;0;11,8;0,25;;11,852;-0,03;;;0,51;2,18;;0;33,2665;12;;957;959;0;;2185;0;;;;482;0;4,3109;;64;0;;0;1;;;;11,32;7;156;0;114;0;91;1;320;2;;;0;60;;;;;;;0;1;N;1/8/2026 10:15;-153;;D;99,71;224500;59737;6;CBN8;N;13;59;1;16625;;1,43;3;;;;3,63;46;35;126;0;0;0;0;0;0;0
1/8/2026 00:00;3;2026080123;7076;3;3958,3333;3958,3333;;12,1;11,8;;;;;;;5,1;15;;14400;;;;;;;;;17;18;;21;22;1;1;1;1;1;1;224471,6102;100;;;0;;;;;;;;;;;2300;;10,2;;;;;0;0;0;571;6;0;0;0;0;0;0;0;0;0;3;3;0;0;0;;0;0;0;0;0;0;0;194;0;11,9217;0,25;;11,9523;-0,03;;;0,51;2,18;;0;21,1909;9;;957;959;0;2179;2179;0;58;12;484;484;0;4,3334;;87;0;;0;1;;;;11,32;8;156;0;114;0;91;0;320;2;;;0;60;;;;;;;0;1;N;1/8/2026 14:15;-17;;D;99,71;224500;59738;7;CBN8;N;12;58;1;16625;;1,43;3;;;;3,75;47;39;126;0;0;0;0;0;0;0
1/8/2026 00:00;4;2026080124;7076;3;3958,5;3958,5;;12,1;11,8;;;;;;;5,1;5;;14399;;34;;;;;;;17;18;;21;22;1;1;1;1;1;1;224478,4415;100;;;0;;;;;;;;;;;2300;;10,2;;;;;0;0;1;377;2;0;0;0;0;2;0;0;0;0;0;0;0;0;0;;0;0;0;0;0;0;0;;0;12,4217;0,25;;12,4383;-0,03;;;0,51;2,18;;0;12,4668;9;;957;959;0;;2179;0;;;;484;0;4,4426;;73;0;;0;1;;;;11,32;2;156;0;114;0;91;0;320;2;;;0;60;;;;;;;0;1;N;1/8/2026 18:15;-17;;D;99,71;224500;59739;0;CBN8;N;12;58;1;16626;;1,43;3;;;;4,07;47;39;126;0;0;0;0;0;0;0
1/8/2026 00:00;5;2026080135;7076;3;3958,6667;3958,6667;;12,1;11,8;;;;;;;5,1;8;;14400;;;;;;;;;17;18;;21;22;1;1;1;1;1;1;224470,3181;100;;;0;;;;;;;;;;;2300;;10,2;;;;;0;0;0;524;6;0;0;0;0;0;0;0;0;0;4;4;0;0;0;;0;0;0;0;0;0;0;137,25;0;12,2483;0,25;;12,2913;-0,03;;;0,51;2,18;;0;29,771;9;;957;959;0;2196;2196;0;52;15;488;488;0;4,4096;;76;0;;0;1;;;;11,32;3;156;0;114;0;91;0;320;2;;;0;60;;;;;;;0;1;N;1/8/2026 22:15;62;;D;99,71;224500;59740;1;CBN8;N;15;52;;;;1,43;3;;;;3,97;46;36;125;0;0;0;0;0;0;0
1/8/2026 00:00;6;2026080136;7076;3;3958,8333;3958,8333;;12,1;11,8;;;;;;;5,1;2;;14400;;;;;;;;;17;18;;21;22;1;1;1;1;1;1;224470,6348;100;;;0;;;;;;;;;;;2300;;10,2;;;;;0;0;0;556;5;0;0;0;0;0;0;0;0;0;3;3;0;0;0;;0;0;0;0;0;0;0;150,6667;0;12,0772;0,25;;12,1796;-0,0294;;;0,51;2,18;;0;31,295;9;;957;959;0;;2196;0;;;;488;0;4,3845;;78;0;;0;0;;;;11,32;1;156;0;114;0;91;1;320;2;;;0;60;;;;;;;0;1;N;2/8/2026 02:15;62;;D;99,71;224500;59741;2;CBN8;N;15;52;1;16627;;1,43;3;;;;3,9;46;36;125;0;0;0;0;0;0;0
2/8/2026 00:00;1;2026080211;7076;3;3959;3959;;12,1;11,8;;;;;;;5,1;11;;14399;;;;;;;;;17;18;;21;22;1;1;1;1;1;1;224465,2126;100;;;0;;;;;;;;;;;2300;;10,2;;;;;0;0;0;465;6;0;0;0;0;0;0;0;0;0;3;3;0;2;0;;1;0;0;0;0;0;0;149,3333;0;11,9078;0,25;;11,9744;-0,03;;;0,51;2,18;;0;48,3871;9;;957;959;0;2136;2136;0;42;8;486;486;0;4,3384;;72;0;;0;1;;;;11,32;4;156;0;114;0;91;0;320;2;;;0;60;;;;;;;0;1;N;2/8/2026 06:15;-155;;D;99,73;224500;59742;3;CBN8;N;8;42;1;16627;;1,43;3;2320;;1;3,76;46;36;122;0;0;0;0;0;0;0
2/8/2026 00:00;2;2026080212;7076;3;3959,1667;3959,1667;;12,1;11,8;;;;;;;5,1;7;;14399;17;;;;;;;;17;18;;21;22;1;1;1;1;1;1;224465,773;100;;;0;;;;;;;;;;;;;10,2;;;;;0;0;0;504;6;0;0;0;1;0;0;0;0;0;2;2;0;0;0;;0;0;0;0;0;0;0;142;0;11,8015;0,25;;11,8995;-0,03;;;0,51;2,18;;0;25,7937;9;;957;959;0;;2136;0;;;;486;0;4,3216;;71;0;;0;1;;;;11,32;3;156;0;114;0;91;0;320;2;;;0;60;;;;;;;0;1;N;2/8/2026 10:15;-155;;D;99,73;224500;59743;4;CBN8;N;8;42;1;16628;;1,43;3;;;;3,71;46;36;122;0;0;0;0;0;0;0
2/8/2026 00:00;3;2026080223;7076;3;3959,3333;3959,3333;;12,1;11,8;;;;;;;5,1;10;;14401;;;;;;;;19;17;19;22;21;22;1;1;1;1;1;1;224471,3105;100;;;0;;;;;;;;;;;2300;;10,2;;;;;0;0;0;557;6;0;0;0;0;0;0;0;0;0;3;3;0;0;0;;0;0;0;0;0;0;0;152,3333;0;11,7851;0,25;;11,863;-0,0449;;;0,51;2,18;;0;31,2388;9;962;957;962;0;2099;2099;0;52;8;477;477;0;4,3134;;70;0;;0;1;;;;11,32;4;156;0;114;0;91;1;320;2;;;0;60;;;;;;300;0;1;N;2/8/2026 14:15;-114;;D;99,72;224500;59744;5;CBN8;N;8;52;1;16628;;1,43;3;;;;3,7;43;36;117;0;0;0;0;0;0;0
2/8/2026 00:00;4;2026080224;7076;3;3959,5;3959,5;;12,1;11,8;;;;;;;5,1;8;;14400;;14;;;;;;;17;19;;21;22;1;1;1;1;1;1;224476,8648;100;;;0;;;;;;;;;;;2300;;10,2;;;;;0;0;0;455;5;0;0;0;0;1;0;0;0;0;2;2;0;0;1;;1;0;0;0;0;0;0;167,5;0;11,9796;0,25;;11,9962;-0,08;;;0,7396;2,18;2,18;0;41,978;9;;957;962;0;;2099;0;;;;477;0;4,3433;;68;0;;0;1;;;;11,32;6;156;0;114;0;91;0;320;2;;;0;60;;;;;;300;0;1;N;2/8/2026 18:15;-114;;D;99,72;224500;59745;6;CBN8;N;8;52;1;16629;;1,43;3;;;;3,79;43;36;117;0;0;0;0;0;0;0
2/8/2026 00:00;5;2026080235;7076;3;3959,6667;3959,6667;;12,1;11,8;;;;;;;5,1;13;;14400;;;;;;;;;17;19;;21;22;1;1;1;1;1;1;224477,662;100;;;0;;;;;;;;;;;2300;;10,2;;;;;0;0;0;501;6;0;0;0;0;0;0;0;0;0;2;2;0;1;0;;0;0;0;0;0;0;0;118;0;12,1922;0,25;;12,314;-0,08;;;0,8;2,18;;0;32,3353;9;;957;962;0;2065;2065;0;43;10;468;468;0;4,4147;;108;0;;0;1;;;;11,32;8;156;0;114;0;91;0;320;2;;;0;60;;;;;;300;0;1;N;2/8/2026 22:15;-734;;D;99,73;224500;59746;7;CBN8;N;10;43;;;;1,43;3;;;;4;43;37;118;0;0;0;0;0;0;0
2/8/2026 00:00;6;2026080236;7076;3;3959,8333;3959,8333;;12,1;11,8;;;;;;;5,1;14;;14400;;29,5;;;;;;;17;19;;21;22;1;1;1;1;1;1;224480,0194;100;;;0;;;;;;;;;;;2300;;10,2;;;;;0;0;1;401;3;0;0;0;0;2;0;0;0;0;0;0;0;0;0;;0;0;0;0;0;0;0;;0;12,6546;0,25;;12,6572;-0,08;;;0,8;2,18;;0;29,4264;9;;957;962;0;;2065;0;;;;468;0;4,4917;;73;0;;0;0;;;;11,32;9;156;0;114;0;91;0;320;2;;;0;60;;;;;;300;0;1;N;3/8/2026 02:15;-734;;D;99,73;224500;59747;0;CBN8;N;10;43;1;16630;;1,43;3;;;;4,23;43;37;118;0;0;0;0;0;0;0
3/8/2026 00:00;1;2026080311;7076;3;3960;3960;;12,1;11,8;;;;;;;5,1;7;;14399;;13;;;;;;;17;19;;21;22;1;1;1;1;1;1;224478,2038;100;;;0;;;;;;;;;;;2300;;10,2;;;;;0;0;0;481;6;0;0;0;0;1;0;0;0;0;2;2;0;0;0;;0;0;0;0;0;0;0;131;0;12,4811;0,25;;12,5505;-0,08;;;0,8;2,18;;0;37,2141;9;;957;962;0;2111;2111;0;45;7;476;476;0;4,4678;;63;0;;0;1;;;;11,32;2;156;0;114;0;91;0;320;2;;;0;60;;;;;;300;0;1;N;3/8/2026 06:15;135;;D;99,73;224500;59748;1;CBN8;N;7;45;1;16630;;1,43;3;;;;4,16;43;38;116;0;0;0;0;0;0;0
3/8/2026 00:00;2;2026080312;7076;3;3960,1667;3960,1667;;12,1;11,8;;;;;;;5,1;11;;14400;;;;;;;;;17;19;;21;22;1;1;1;1;1;1;224478,0579;100;;;0;;;;;;;;;;;2300;;10,2;;;;;0;0;0;509;6;0;0;0;0;0;0;0;0;0;4;4;0;1;0;;0;0;0;0;0;0;0;140,25;0;12,31;0,25;;12,3568;-0,08;;;0,8;2,18;;0;34,3811;9;;957;962;0;;2111;0;;;;476;0;4,4243;;68;0;;0;1;;;;11,32;3;156;0;114;0;91;0;320;2;;;0;60;;;;;;300;0;1;N;3/8/2026 10:15;135;;D;99,73;224500;59749;2;CBN8;N;7;45;1;16631;;1,43;3;;;;4,03;43;38;116;0;0;0;0;0;0;0
3/8/2026 00:00;3;2026080323;7076;3;3960,3333;3960,3333;;12,1;11,8;;;;;;;5,1;15;;14399;;;;;;0;0;;17;19;;21;22;1;1;1;1;1;1;224478,9719;100;;;0;;;;;;;;;2300;2300;2300;2300;10,2;;;;;0;0;0;505;6;0;0;0;0;0;0;0;0;0;3;3;0;2;0;;0;0;0;0;0;0;0;153,6667;0;12,1404;0,25;;12,2008;-0,08;;;0,8;2,18;;0;34,0594;9;;957;962;0;2090;2090;0;45;12;472;472;0;4,3893;;68;0;;0;1;;;;11,32;4;156;0;114;0;91;0;320;2;;;0;60;;;;;;300;0;1;N;3/8/2026 14:15;-59;;D;99,73;224500;59750;3;CBN8;N;12;45;1;16631;;1,43;3;2300;;10;3,93;41;38;114;0;0;0;0;0;0;0
3/8/2026 00:00;4;2026080324;7076;3;3960,5;3960,5;;12,1;11,8;;;;;;;5,1;10;;14400;12;;;;;;;;17;19;;21;22;1;1;1;1;1;1;224479,5582;100;;;1,2708;;300;300;;;;;;;;;;10,2;160;;;;0;0;0;479;6;0;0;0;1;0;0;0;0;0;3;3;0;0;0;;0;0;0;0;0;0;0;128,6667;0;12,0406;0,25;;12,0717;-0,08;;;0,8;2,18;;0;38,2046;9;;957;962;0;;2090;0;;;;472;0;4,3603;;62;0;;0;1;;;;11,32;5;156;0;114;0;91;0;320;2;;;0;60;;;;;;;0;1;N;3/8/2026 18:15;-59;;D;99,73;224500;59751;4;CBN8;N;12;45;1;16632;;1,43;3;;;;3,84;41;38;114;0;0;0;0;0;0;0
3/8/2026 00:00;5;2026080335;7076;3;3960,6667;3960,6667;9,2;12,1;9,2;;;;;;5;5;10;;14401;;10;;;;;;15;17;15;21;21;21;1;1;1;1;1;1;224480,1181;100;;;0;;;;;;;;;;;2300;;10,2;;;;;0;0;0;493;6;0;0;0;0;1;0;0;0;0;1;1;0;1;1;;0;0;0;0;0;0;0;126;0;12,0534;0,25;;12,113;-0,0666;;;0,8;2,18;;0;31,4402;9;960;957;960;0;2011;2011;0;44;13;461;461;0;4,3695;;64;0;;0;1;;;;11,32;6;156;0;114;0;91;0;320;2;;;0;60;;;;;;;0;1;N;3/8/2026 22:15;-254;;D;99,74;224500;59752;5;CBN8;N;13;44;;;;1,43;3;;;;3,86;46;40;122;0;0;0;0;0;0;0
3/8/2026 00:00;6;2026080336;7076;3;3960,8333;3960,8333;;12,1;9,2;;;;;;;5;5;;14399;;;;;;;;;17;15;;21;21;1;1;1;1;1;1;224478,6444;100;;;0;;;;;;;;;;;2300;;10,2;;;;;0;0;0;524;6;0;0;0;0;0;0;0;0;0;4;4;0;0;0;;0;0;0;0;0;0;0;155;0;12,07;0,25;;12,1052;-0,05;;;0,8;2,18;;0;29,771;9;;957;960;0;;2011;0;;;;461;0;4,3678;;64;0;;0;0;;;;11,32;2;156;0;114;0;91;0;320;2;;;0;60;;;;;;;0;0;N;4/8/2026 02:15;-254;;D;99,74;224500;59753;6;CBN8;N;13;44;1;16633;;1,43;3;;;;3,85;46;40;122;0;0;0;0;0;0;0
4/8/2026 00:00;1;2026080411;7076;3;3961;3961;;12,1;9,2;;;;;;;5;4;;14400;;;;;;;;;17;15;;21;21;1;1;1;1;1;1;224478,2956;100;;;0;;;;;;;;;;;2300;;10,2;;;;;0;0;0;521;6;0;0;0;0;0;0;0;0;0;4;4;0;0;0;;0;0;0;0;0;0;0;154,5;0;12,07;0,25;;12,102;-0,05;;;0,8;2,18;;0;29,9424;-1;;957;960;0;2030;2030;0;49;7;458;458;0;4,3671;;63;0;;0;1;;;;11,32;1;156;0;114;0;91;0;320;2;;;0;60;;;;;;;0;0;N;4/8/2026 06:15;63;;D;99,74;224500;59754;7;CBN8;N;7;49;1;16633;;1,43;3;;;;3,97;43;40;122;0;0;0;0;0;0;0
4/8/2026 00:00;2;2026080412;7076;3;3961,1667;3961,1667;;12,1;9,2;;;;;;;5;14;;14400;;26;;;;;;;17;15;;21;21;1;1;1;1;1;1;224479,2943;100;;;0;;;;;;;;;;;2300;;10,2;;;;;0;0;1;464;8;0;0;0;0;1;0;0;0;0;1;1;0;0;0;;0;0;0;0;0;0;0;129;0;12,6204;0,25;;12,7041;-0,05;;;0,8;2,18;;0;21,9828;-1;;957;960;0;;2030;0;;;;458;0;4,5023;;81;0;;0;1;;;;11,32;9;156;0;114;0;91;0;320;2;;;0;60;;;;;;;0;0;N;4/8/2026 10:15;63;;D;99,74;224500;59755;0;CBN8;N;7;49;1;16634;;1,43;3;;;;4,37;43;40;122;0;0;0;0;0;0;0
4/8/2026 00:00;3;2026080423;7076;3;3961,3333;3961,3333;;12,1;9,2;;;;;;;5;14;;14399;;;;;;;;;17;15;;21;21;1;1;1;1;1;1;224477,7261;100;;;0;;;;;;;;;;;2300;;10,2;;;;;0;0;0;432;9;0;0;0;0;0;0;0;0;0;2;2;0;2;0;;1;0;0;0;0;0;0;125;0;12,4349;0,25;;12,498;-0,1919;;;0,8;2,18;;0;65,0463;-1;972;957;972;0;2093;2093;0;37;4;467;467;0;4,456;;70;0;;0;1;;;;11,32;3;156;0;114;0;91;0;320;2;;;0;60;;;;;;;0;0;N;4/8/2026 14:15;159;;D;99,73;224500;59756;1;CBN8;N;4;37;1;16634;;1,43;3;;;;4,31;45;41;122;0;0;0;0;0;0;0
4/8/2026 00:00;4;2026080424;7076;3;3961,5;3961,5;9,8;12,1;9,8;;;;;;5,1;5,1;18;;14400;;;;;;;;;17;15;;21;21;1;1;1;1;1;1;224474,6336;100;;;0;;;;;;;;;;;2300;;10,2;;;;;0;0;0;502;10;0;0;0;0;0;0;0;0;0;4;4;0;0;0;;0;0;0;0;0;0;0;160;0;12,1755;0,25;;12,2383;-0,28;;;0,8;2,18;;0;37,0518;13;;957;972;0;;2093;0;;;;467;0;4,3977;;71;0;;0;1;;;;11,32;5;156;0;114;0;91;0;320;2;;;0;60;;;;;;;0;0;N;4/8/2026 18:15;159;;D;99,73;224500;59757;2;CBN8;N;4;37;1;16635;;1,43;3;;;;4,1;45;41;122;0;0;0;0;0;0;0
4/8/2026 00:00;5;2026080435;7076;3;3961,6667;3961,6667;;12,1;9,8;;;;;;;5,1;3;;14400;;;;;;0;0;;17;15;;21;21;1;1;1;1;1;1;224474,2516;100;;;0;;;;;;;;;2300;2300;2300;2300;10,2;;;;;0;0;0;482;9;0;0;0;0;0;0;0;0;0;2;2;0;0;0;;0;0;0;0;0;0;0;136;0;12,0061;0,25;;12,0693;-0,28;;;0,8;2,18;;0;44,1909;13;;957;972;0;2030;2030;0;39;14;462;462;0;4,3597;;66;0;;0;1;;;;11,32;1;156;0;114;0;91;0;320;2;;;0;60;;;;;;;0;0;N;4/8/2026 22:15;-200;;D;99,74;224500;59758;3;CBN8;N;14;39;;;;1,43;3;2280;;10;3,98;45;42;123;0;0;0;0;0;0;0
4/8/2026 00:00;6;2026080436;7076;3;3961,8333;3961,8333;;12,1;9,8;;;;;;;5,1;2;;14399;16;;;;;;;;17;15;;21;21;1;1;1;1;1;1;224476,5437;100;;;0;;;;;;;;;;;;;10,2;;;;;0;0;0;476;9;0;0;0;1;0;0;0;0;0;2;2;0;1;0;;1;0;0;0;0;0;0;118;0;11,8596;0,25;;11,907;-0,28;;;0,8;2,18;;0;36,5546;13;;957;972;0;;2030;0;;;;462;0;4,3233;;64;0;;0;0;;;;11,32;1;156;0;114;0;91;0;320;2;;;0;60;;;;;;;0;0;N;5/8/2026 02:15;-200;;D;99,74;224500;59759;4;CBN8;N;14;39;1;16636;;1,43;3;;;;3,87;45;42;123;0;0;0;0;0;0;0
5/8/2026 00:00;1;2026080511;7076;3;3962;3962;;12,1;9,8;;;;;;;5,1;11;;14402;;;;;;;;20;17;20;21;21;21;1;1;1;1;1;1;224476,6704;100;;;0;;;;;;;;;;;2300;;10,2;;;;;0;0;0;503;10;0;0;0;0;0;0;0;0;0;4;4;0;0;0;;0;0;0;0;0;0;0;130,5;0;11,8543;0,25;;11,8917;-0,2657;;;0,8;2,18;;0;35,7853;13;977;957;977;0;2081;2081;0;43;9;471;471;0;4,3199;;67;0;;0;1;;;;11,32;3;156;0;114;0;91;0;320;2;;;0;60;;;;;;400;0;0;N;5/8/2026 06:15;154;;D;99,73;224500;59760;5;CBN8;N;9;43;1;16636;;1,43;5;;;;3,89;44;41;121;0;0;0;0;0;0;0
5/8/2026 00:00;2;2026080512;7076;3;3962,1667;3962,1667;;12,1;9,8;;;;;;;5,1;7;;14398;;;;;;;;;17;20;;21;21;1;1;1;1;1;1;224477,0839;100;;;0;;;;;;;;;;;2300;;10,2;;;;;0;0;0;498;10;0;1;0;0;0;0;0;0;0;3;3;0;1;1;;0;0;0;0;0;0;0;119,6667;0;11,9;0,25;;11,9347;-0,22;;;0,8;2,18;;0;32,5301;13;;957;977;0;;2081;0;;;;471;0;4,3295;1,5;68;0;;0;1;;;;11,32;2;156;0;114;0;91;0;320;2;;;0;60;;;;;;400;0;0;N;5/8/2026 10:15;154;;D;99,73;224500;59761;6;CBN8;N;9;43;1;16637;;1,43;5;;;;3,92;44;41;121;0;0;0;0;0;0;0
5/8/2026 00:00;3;2026080523;7076;3;3962,3333;3962,3333;;12,1;9,8;;;;;;;5,1;14;;14400;;;;;;;;;17;20;;21;21;1;1;1;1;1;1;224476,0767;100;;;0;;;;;;;;;;;2300;;10,2;;;;;0;0;1;549;9;0;0;0;0;0;0;0;0;0;2;2;0;0;0;;0;0;0;0;0;0;0;125,5;0;12,0934;0,25;;12,1201;-0,22;;;0,8;2,18;;0;24,0437;13;;957;977;0;;2081;0;;;;471;0;4,3711;;92;0;;0;1;;;;11,32;5;156;0;114;0;91;0;320;2;;;0;60;;;;;;400;0;0;N;5/8/2026 14:15;-17;;D;99,73;224500;59762;0;CBN8;N;11;46;1;16637;;1,43;3;;;;4,04;43;41;116;0;0;0;0;0;0;0
5/8/2026 00:00;4;2026080524;7076;3;3962,5;3962,5;;12,1;9,8;;;;;;;5,1;0;;14399;;30;;;;;;;17;20;;21;21;1;1;1;1;1;1;224479,0943;100;;;0;;;;;;;;;;;2300;;10,2;;;;;0;0;0;388;5;0;0;0;0;1;0;0;0;0;2;2;0;0;0;;0;0;0;0;0;0;0;125;0;12,5038;0,25;;12,5596;-0,22;;;0,8;2,18;;0;28,866;13;;957;977;0;2075;2075;0;46;11;468;468;0;4,4698;;73;0;;0;1;;;;11,32;0;156;0;114;0;91;0;320;2;;;0;60;;;;;;400;0;0;N;5/8/2026 18:15;-17;;D;99,73;224500;59763;1;CBN8;N;11;46;1;16638;;1,43;3;;;;4,35;43;41;116;0;0;0;0;0;0;0
5/8/2026 00:00;5;2026080535;7076;3;3962,6667;3962,6667;;12,1;9,8;;;;;;;5,1;13;;14400;;;;;;;;;17;20;;21;21;1;1;1;1;1;1;224479,3568;100;;;0;;;;;;;;;;;2300;;10,2;;;;;0;0;0;516;10;0;0;0;0;0;0;0;0;0;3;3;0;1;0;;0;0;0;0;0;0;0;133;0;12,3317;0,25;;12,4006;-0,22;;;0,8;2,18;;0;32,1705;13;;957;977;0;2183;2183;0;49;13;479;479;0;4,4341;;72;0;;0;1;;;;11,32;3;156;0;114;0;91;0;320;2;;;0;60;;;;;;400;0;0;N;5/8/2026 22:15;395;;D;99,72;224500;59764;2;CBN8;N;13;49;;;;1,43;3;;;;4,24;43;41;116;0;0;0;0;0;0;0
5/8/2026 00:00;6;2026080536;7076;3;3962,8333;3962,8333;;12,1;9,8;;;;;;;5,1;5;;14400;;;;;;;;;17;20;;21;21;1;1;1;1;1;1;224477,8287;100;;;0;;;;;;;;;;;2300;;10,2;;;;;0;0;0;523;9;0;0;0;0;0;0;0;0;0;4;4;0;2;0;;0;0;0;0;0;0;0;148,75;0;12,1646;0,25;;12,2274;-0,22;;;0,8;2,18;;0;29,6367;13;;957;977;0;2061;2061;0;41;7;461;461;0;4,3952;;71;0;;0;0;;;;11,32;2;156;0;114;0;91;0;320;2;;;0;60;;;;;;400;0;0;N;6/8/2026 02:15;-1310;;D;99,73;224500;59765;3;CBN8;N;7;41;1;16639;;1,43;3;;;;4,12;45;42;118;0;0;0;0;0;0;0
6/8/2026 00:00;1;2026080611;7076;3;3963;3963;;12,1;9,8;;;;;;;5,1;1;;14401;;;;;;;;;17;20;;21;21;1;1;1;1;1;1;224473,0847;100;;;0,9375;;400;400;;;;;;;1;2300;;10,2;;;;;0;0;0;486;9;0;0;0;0;0;0;0;0;0;2;2;0;0;0;;0;0;0;0;0;0;0;147,5;0;11,9987;0,25;;12,0212;-0,22;;;0,8;2,18;;0;42,7984;13;;957;977;0;2140;2140;0;45;8;472;472;0;4,3489;;70;0;;0;1;;;;11,32;1;156;0;114;0;91;0;320;2;;;0;60;;;;;;400;0;0;N;6/8/2026 06:15;322;;D;99,73;224500;59766;4;CBN8;N;8;45;1;16639;;1,43;3;2300;;10;3,98;42;40;118;0;0;0;0;0;0;0
6/8/2026 00:00;2;2026080612;7076;3;3963,1667;3963,1667;;12,1;9,8;;;;;;;5,1;0;;14398;13;;;;;;;;17;20;;21;21;1;1;1;1;1;1;224475,0573;100;;;0;;;;;;;;;;;;;10,2;;;;;0;0;0;481;9;0;0;0;1;0;0;0;0;0;2;2;0;1;0;;0;0;0;0;0;0;0;120;0;11,9006;0,25;;11,9973;-0,22;;;0,8;2,18;;0;37,2141;13;;957;977;0;;2140;0;;;;472;0;4,3436;;60;0;;0;1;;;;11,32;0;156;0;114;0;91;0;320;2;;;0;60;;;;;;;0;0;N;6/8/2026 10:15;322;;D;99,73;224500;59767;5;CBN8;N;8;45;1;16640;;1,43;3;;;;3,96;42;40;118;0;0;0;0;0;0;0
6/8/2026 00:00;3;2026080623;7076;3;3963,3333;3963,3333;9,2;12,1;9,2;;;;;;5,3;5,3;6;;14399;;;;;;;;16;17;16;22;21;22;1;1;1;1;1;1;224475,7433;100;;;0;;;;;;;;;;;2300;;10,2;;;;;0;0;0;524;10;0;0;0;0;0;0;0;0;0;4;4;0;0;0;;0;0;0;0;0;0;0;120;0;11,917;0,25;;11,9729;-0,203;;;0,8;2,18;;0;29,771;13;969;957;969;0;2138;2138;0;42;5;462;462;0;4,3381;;67;0;;0;1;;;;11,32;2;156;0;114;0;91;0;320;2;;;0;60;;;;;;;0;0;N;6/8/2026 14:15;-773;;D;99,73;224500;59768;6;CBN8;N;7;40;1;16640;;1,43;3;;;;3,9;43;42;117;0;0;0;0;0;0;0
6/8/2026 00:00;4;2026080624;7076;3;3963,5;3963,5;;12,1;9,2;;;;;;;5,3;5;;14401;;11;;;;;;;17;16;;21;22;1;1;1;1;1;1;224477,1944;100;;;0;;;;;;;;;;;2300;;10,2;;;;;0;0;0;486;8;0;0;0;0;1;0;0;0;0;2;2;0;0;1;;0;0;0;0;0;0;0;136;0;11,95;0,25;;11,9813;-0,17;;;0,8;2,18;;0;35,5967;13;;957;969;0;2074;2074;0;40;7;456;456;0;4,34;1,1;64;0;;0;1;;;;11,32;3;156;0;114;0;91;0;320;2;;;0;60;;;;;;;0;1;N;6/8/2026 18:15;-773;;D;99,73;224500;59769;7;CBN8;N;7;40;1;16641;;1,43;3;;;;3,9;43;42;117;0;0;0;0;0;0;0
6/8/2026 00:00;5;2026080635;7076;3;3963,6667;3963,6667;;12,1;9,2;;;;;;;5,3;24;;14399;;;;;;-2299;;;17;16;;21;22;1;1;1;1;1;1;224472,6572;100;;;0;;;;;;;;;;;2300;1;10,2;;;;;0;0;1;559;9;0;0;0;0;0;0;0;0;0;3;3;0;0;0;;0;0;0;0;0;0;0;200,6667;0;12,1174;0,25;;12,169;-0,17;;;0,8;2,18;;0;21,1091;8;;957;969;0;2109;2109;0;47;6;462;462;0;4,3821;;82;0;;0;1;;;;11,32;11;156;0;114;0;91;0;320;2;;;0;60;;;;;;;0;1;N;6/8/2026 22:15;129;;D;99,73;224500;59770;0;CBN8;N;6;47;;;;1,43;3;;;;4,06;45;42;124;0;0;0;0;0;0;0
6/8/2026 00:00;6;2026080636;7076;3;3963,8333;3963,8333;;12,1;9,2;;;;;;;5,3;8;;14402;;38;;;;;;;17;16;;21;22;1;1;1;1;1;1;224474,3212;100;;;0;;;;;;;;;;;2300;;10,2;;;;;0;0;0;380;5;0;0;0;0;2;0;0;0;0;0;0;0;0;0;;0;0;0;0;0;0;0;;0;12,561;0,25;;12,5786;-0,17;;;0,8;2,18;;0;21,5789;8;;957;969;0;2091;2091;0;35;6;463;463;0;4,4741;;63;0;;0;0;;;;11,32;7;156;0;114;0;91;0;320;2;;;0;60;;;;;;;0;1;N;7/8/2026 02:15;-245;;D;99,73;224500;59771;1;CBN8;N;6;35;1;16642;;1,43;26;;;;4,34;44;42;123;0;0;0;0;0;0;0
7/8/2026 00:00;1;2026080711;7076;3;3964;3964;;12,1;9,2;;;;;;;5,3;0;;14399;;;;;;;;;17;16;;21;22;1;1;1;1;1;1;224469,9799;100;;;0;;;;;;;;;;;2300;;10,2;;;;;0;0;0;484;10;0;0;0;0;0;0;0;0;0;3;3;0;0;0;;1;0;0;0;0;0;0;120;0;12,3872;0,25;;12,4779;-0,17;;;0,8;2,18;;0;42,9752;8;;957;969;0;2115;2115;0;46;13;467;467;0;4,4515;;61;0;;0;1;;;;11,32;0;156;0;114;0;91;0;320;2;;;0;60;;;;;;;0;1;N;7/8/2026 06:15;77;;D;99,73;224500;59772;2;CBN8;N;13;46;1;16642;;1,43;26;;;;4,27;43;42;121;0;0;0;0;0;0;0
7/8/2026 00:00;2;2026080712;7076;3;3964,1667;3964,1667;;12,1;9,2;;;;;;;5,3;5;;14400;;;;;;;;;17;16;;21;22;1;1;1;1;1;1;224472,7652;100;;;0;;;;;;;;;;;2300;;10,2;;;;;0;0;0;523;10;0;0;0;0;0;0;0;0;0;4;4;0;0;0;;0;0;0;0;0;0;0;139,25;0;12,2164;0,25;;12,3046;-0,17;;;0,8;2,18;;0;29,6367;8;;957;969;0;;2115;0;;;;467;0;4,4126;;62;0;;0;1;;;;11,32;2;156;0;114;0;91;0;320;2;;;0;60;;;;;;;0;1;N;7/8/2026 10:15;77;;D;99,73;224500;59773;3;CBN8;N;13;46;1;16643;;1,43;26;;;;4,15;43;42;121;0;0;0;0;0;0;0
7/8/2026 00:00;3;2026080723;7076;3;3964,3333;3964,3333;;12,1;9,2;;;;;;;5,3;3;;14401;;;;;;40;0;;17;16;;21;22;1;1;1;1;1;1;224475,9689;100;;;0;;;;;;;;;2340;2340;2300;2340;10,2;;;;;0;0;0;489;10;0;0;0;0;0;0;0;0;0;3;3;0;1;0;;0;0;0;0;0;0;0;127;0;12,0467;0,25;;12,0967;-0,17;;;0,8;2,18;;0;40,4908;8;;957;969;0;2147;2147;0;41;7;467;467;0;4,3659;;64;0;;0;1;;;;11,32;1;156;0;114;0;91;0;320;2;;;0;60;;;;;;;0;1;N;7/8/2026 14:15;113;;D;99,73;224500;59774;4;CBN8;N;7;41;1;16643;;1,43;25;2380;;10;4,01;42;41;121;0;0;0;0;0;0;0
7/8/2026 00:00;4;2026080724;7076;3;3964,5;3964,5;;12,1;9,2;;;;;;;5,3;0;;14399;12;;;;;;;;17;16;;21;22;1;1;1;1;1;1;224476,299;100;;;0;;;;;;;;;;;;;10,2;;;;;0;0;0;521;10;0;0;0;1;0;0;0;0;0;3;3;0;0;0;;0;0;0;0;0;0;0;125,6667;0;11,9504;0,25;;11,9992;-0,17;;;0,8;2,18;;0;24,3762;8;;957;969;0;;2147;0;;;;467;0;4,344;;61;0;;0;1;;;;11,32;0;156;0;114;0;91;0;320;2;;;0;60;;;;;;;0;1;N;7/8/2026 18:15;113;;D;99,73;224500;59775;5;CBN8;N;7;41;1;16644;;1,43;25;;;;3,94;42;41;121;0;0;0;0;0;0;0
7/8/2026 00:00;5;2026080735;7076;3;3964,6667;3964,6667;;12,1;9,2;;;;;;;5,3;10;;14398;;;;;;;;16;17;16;21;21;21;1;1;1;1;1;1;224471,7243;100;;;0;;;;;;;;;;;2300;;10,2;;;;;0;0;0;500;9;0;0;0;0;0;0;0;0;0;4;4;0;1;0;;0;0;0;0;0;0;0;130,25;0;11,9109;0,25;;11,952;-0,2091;;;0,8;2,18;;0;37,4;8;984;957;984;0;2119;2119;0;42;8;458;458;0;4,3334;;64;0;;0;1;;;;11,32;3;156;0;114;0;91;0;320;2;;;0;60;;;;;;;0;1;N;7/8/2026 22:15;-84;;D;99,73;224500;59776;6;CBN8;N;8;42;;;;1,43;23;;;;4;42;41;118;0;0;0;0;0;0;0
7/8/2026 00:00;6;2026080736;7076;3;3964,8333;3964,8333;;12,1;9,2;;;;;;;5,3;2;;14400;;8;;;;;;;17;16;;21;21;1;1;1;1;1;1;224474,17;100;;;0;;;;;;;;;;;2300;;10,2;;;;;0;0;0;510;9;0;1;0;0;1;0;0;0;0;2;2;0;0;1;;0;0;0;0;0;0;0;120,5;0;11,87;0,25;;11,8838;-0,25;;;0,8;2,18;;0;30,1961;8;;957;984;0;;2119;0;;;;458;0;4,3181;1,6;66;0;;0;0;;;;11,32;2;156;0;114;0;91;0;320;2;;;0;60;;;;;;;0;0;N;8/8/2026 02:15;-84;;D;99,73;224500;59777;7;CBN8;N;8;42;1;16645;;1,43;23;;;;3,95;42;41;118;0;0;0;0;0;0;0
8/8/2026 00:00;1;2026080811;7076;3;3965;3965;;12,1;9,2;;;;;;;5,3;7;;14399;;;;;;;;;17;16;;21;21;1;1;1;1;1;1;224473,6506;100;;;0;;;;;;;;;;;2300;;10,2;;;;;0;0;0;549;9;0;0;0;0;0;0;0;0;0;3;3;0;0;0;;0;0;0;0;0;0;0;132,6667;0;11,9917;0,25;;12,0344;-0,25;;;0,8;2,18;;0;25,8652;8;;957;984;0;2186;2186;0;35;5;456;456;0;4,3519;;87;0;;0;1;;;;11,32;4;156;0;114;0;91;0;320;2;;;0;60;;;;;;;0;0;N;8/8/2026 06:15;1781;;D;99,7;224500;59778;8;CBN8;N;7;44;1;16645;;1,43;23;;;;4,05;40;41;116;0;0;0;0;0;0;0
8/8/2026 00:00;2;2026080812;7076;3;3965,1667;3965,1667;;12,1;9,2;15;;;;;;5,3;2;;14400;;40;;;;;;;17;16;;21;21;1;1;1;1;1;1;224474,0954;100;;;0;;;;;;;;;;;2300;;10,2;;;;;0;0;1;375;5;0;1;0;0;2;0;0;0;0;0;0;0;0;0;;0;0;0;0;0;0;0;;-0,0219;12,4698;0,25;;12,5423;-0,25;;;0,8;2,18;;0;17,3333;8;;957;984;0;2440;2440;0;61;2;458;458;0;4,4659;;72;0;;0;1;;;;11,32;1;156;0;114;0;91;0;320;2;;;0;60;;;;;;;0;0;N;8/8/2026 10:15;739;;D;99,69;224500;59779;0;CBN8;N;2;61;1;16646;;1,43;22;;;;4,41;42;42;118;0;0;0;0;0;0;0
8/8/2026 00:00;3;2026080823;7076;3;3965,3333;3965,3333;;12,1;9,2;;;;;;;5,3;11;;14401;;;;;;;;;17;16;;21;21;1;1;1;1;1;1;224472,3245;100;;;0;;;;;;;;;;;2300;;10,2;;;;;0;0;0;456;10;0;0;0;0;0;0;0;0;0;3;3;0;1;0;;0;0;0;0;0;0;0;130;-0,0581;12,2602;0,25;;12,3043;-0,25;;;0,8;2,18;;0;54,386;8;;957;984;0;2684;2684;0;42;6;475;475;0;4,4125;;70;0;;0;1;;;;11,32;3;156;0;114;0;91;0;320;2;;;0;60;;;;;;;0;0;N;8/8/2026 14:15;1313;;D;99,67;224500;59780;1;CBN8;N;6;42;1;16646;;1,43;23;;;;4,24;41;41;119;0;0;0;0;0;0;0
8/8/2026 00:00;4;2026080824;7076;3;3965,5;3965,5;;12,1;9,2;;;;;;;5,3;0;;14399;;;;;;;;;17;16;;21;21;1;1;1;1;1;1;224470,9037;100;;;0;;;;;;;;;;;2300;;10,2;;;;;0;0;0;509;10;0;0;0;0;0;0;0;0;0;3;3;0;0;0;;0;0;0;0;0;0;0;126,6667;0;12,1472;0,25;;12,2056;-0,25;;;0,8;2,18;;0;34,5776;8;;957;984;0;2652;2652;0;43;7;464;464;0;4,3903;;64;0;;0;1;;;;11,32;0;156;0;114;0;91;0;320;2;;;0;60;;;;;;;0;0;N;8/8/2026 18:15;-608;;D;99,67;224500;59781;2;CBN8;N;7;43;1;16647;;1,43;22;;;;4,17;40;41;117;0;0;0;0;0;0;0
8/8/2026 00:00;5;2026080835;7076;3;3965,6667;3965,6667;;12,1;9,2;;;;;;;5,3;10;;14400;;;;;;-1200;0;;17;16;;21;21;1;1;1;1;1;1;224472,2076;100;;;0;;;;;;;;;1100;1100;2300;1100;10,2;;;;;0;0;0;489;9;0;0;0;0;0;0;0;0;0;3;3;0;2;0;;0;0;0;0;0;0;0;151;0;11,9778;0,25;;12,0257;-0,25;;;0,8;2,18;;0;39,2638;8;;957;984;0;2961;2961;0;37;9;470;470;0;4,3499;;63;0;;0;1;;;;11,32;3;156;0;114;0;91;0;320;2;;;0;60;;;;;;;0;0;N;8/8/2026 22:15;1187;;D;99,64;224500;59782;3;CBN8;N;9;37;;;;1,43;21;2380;;10;4,05;40;41;116;0;0;0;0;0;0;0
8/8/2026 00:00;6;2026080836;7076;3;3965,8333;3965,8333;;12,1;9,2;;;;;;;5,3;0;;14399;12;;;;;;;17;17;17;;21;21;1;1;1;1;1;1;224474,6614;100;;;0;;;;;;;;;;;;;10,2;200;;;;0;0;0;493;10;0;0;0;1;0;0;0;0;0;2;2;0;0;0;;0;0;0;0;0;0;0;145;0;11,8715;0,25;;11,9241;-0,25;;;0,8;2,18;;0;33,4686;8;;957;984;0;3116;3116;0;43;8;473;473;0;4,3271;;64;0;;0;0;;;;11,32;0;156;0;114;0;91;0;320;2;;;0;60;;;;;;;0;0;N;9/8/2026 02:15;1522;;D;99,63;224500;59783;4;CBN8;N;8;43;1;16648;;1,43;21;;;;3,98;41;41;118;0;0;0;0;0;0;0
9/8/2026 00:00;1;2026080911;7076;3;3966;3966;10,05;12,1;10,05;;;;;;4,95;4,95;8;;14400;;;;;;;;18;17;18;20;21;20;1;1;1;1;1;1;224473,0013;100;;;0;;;;;;;;;;;2300;;10,2;;;;;0;0;0;522;10;0;1;0;0;0;0;0;0;0;4;4;0;0;0;;0;0;0;0;0;0;0;130,5;0;11,8849;0,25;;11,9202;-0,2351;;;0,8;2,18;;0;29,6935;8;984;957;984;0;;3116;0;;;;473;0;4,3263;;63;0;;0;1;;;;11,32;2;156;0;114;0;91;0;320;2;;;0;60;;;;;;;0;0;N;9/8/2026 06:15;1522;;D;99,63;224500;59784;5;CBN8;N;8;43;1;16648;;1,43;21;;;;3,97;41;41;118;0;0;0;0;0;0;0
9/8/2026 00:00;2;2026080912;7076;3;3966,1667;3966,1667;;12,1;10,05;;;;;;;4,95;13;;14401;;;;;;;;;17;18;;21;20;1;1;1;1;1;1;224462,6129;100;;;0;;;;;;;;;;;2300;;10,2;;;;;0;0;0;481;9;0;1;0;0;0;0;0;0;0;3;2;0;0;1;;0;0;0;0;0;0;0;172,5;0;11,92;0,25;;11,943;-0,2;;;0,8;2,16;2,16;0;33,6798;8;;957;984;0;3667;3667;0;37;5;473;473;0;4,3313;;63;0;;0;1;;;;11,32;5;156;0;114;0;91;0;320;2;;;0;60;;;;;;;0;-1;N;9/8/2026 10:15;1207;;D;99,57;224500;59785;6;CBN8;N;5;37;1;16649;;1,43;21;;;;4;42;41;124;0;0;0;0;0;0;0
9/8/2026 00:00;3;2026080923;7076;3;3966,3333;3966,3333;;12,1;10,05;;;;;;;4,95;9;;14400;;32;;;;;;;17;18;;21;20;1;1;1;1;1;1;224471,7113;100;;;0;;;;;;;;;;;2300;;10,2;;;;;0;0;1;477;7;0;0;0;0;2;0;0;0;0;0;0;0;0;0;;0;0;0;0;0;0;0;;0;12,395;0,25;;12,4661;-0,2;;;0,8;2,16;;0;13,8365;26;;957;984;0;3715;3715;0;39;9;472;472;0;4,4488;;82;0;;0;1;;;;11,32;7;156;0;114;0;91;0;320;2;;;0;60;;;;;;;0;-1;N;9/8/2026 14:15;336;;D;99,57;224500;59786;0;CBN8;N;9;39;1;16649;;1,43;21;;;;4,33;42;42;125;0;0;0;0;0;0;0
9/8/2026 00:00;4;2026080924;7076;3;3966,5;3966,5;;12,1;10,05;;;;;;;4,95;11;;14398;;20;;;;;;;17;18;;21;20;1;1;1;1;1;1;224474,3887;100;;;0;;;;;;;;;;;2300;;10,2;;;;;0;0;0;486;8;0;0;0;0;1;0;0;0;0;2;2;0;0;0;;0;0;0;0;0;0;0;149;-0,0211;12,4277;0,25;;12,4959;-0,2;;;0,8;2,16;;0;24,6914;26;;957;984;0;3856;3856;0;36;7;476;476;0;4,4555;;68;0;;0;1;;;;11,32;6;156;0;114;0;91;0;320;2;;;0;60;;;;;;;0;-1;N;9/8/2026 18:15;1504;;D;99,55;224500;59787;1;CBN8;N;7;36;1;16650;;1,43;21;;;;4,35;42;42;127;0;0;0;0;0;0;0
9/8/2026 00:00;5;2026080935;7076;3;3966,6667;3966,6667;;12,1;10,05;;;;;;;4,95;2;;14400;;19;;;;;;;17;18;;21;20;1;1;1;1;1;1;224477,9846;100;;;0;;;;;;;;;;;2300;;10,2;;;;;0;0;0;411;8;0;0;0;0;1;0;0;0;0;1;1;0;1;0;;1;0;0;0;0;0;0;117;-0,11;12,1654;0,25;;12,2739;-0,2;;;0,8;2,16;;0;60,8273;26;;957;984;0;4027;4027;0;35;5;473;473;0;4,4057;;68;0;;0;1;;;;11,32;2;156;0;114;0;91;0;320;2;;;0;60;;;;;;;0;-1;N;9/8/2026 22:15;617;;D;99,54;224500;59788;2;CBN8;N;5;35;;;;1,43;22;;;;4,19;44;42;129;0;0;0;0;0;0;0
9/8/2026 00:00;6;2026080936;7076;3;3966,8333;3966,8333;;12,1;10,05;;;;;;;4,95;7;;14401;;;;;;;;;17;18;;21;20;1;1;1;1;1;1;224479,9569;100;;;0;;;;;;;;;;;2300;;10,2;;;;;0;0;0;512;9;0;0;0;0;0;0;0;0;0;3;3;0;1;0;;0;0;0;0;0;0;0;129;-0,11;11,9928;0,25;;12,0392;-0,2;;;0,8;2,16;;0;33,5938;26;;957;984;0;4059;4059;0;41;4;472;472;0;4,353;;66;0;;0;0;;;;11,32;2;156;0;114;0;91;0;320;2;;;0;60;;;;;;;0;-1;N;10/8/2026 02:15;683;;D;99,53;224500;59789;3;CBN8;N;4;41;1;16651;;1,43;20;;;;4,03;43;42;128;0;0;0;0;0;0;0
10/8/2026 00:00;1;2026081011;7076;3;3967;3967;;12,1;10,05;;;;;;;4,95;2;;14399;;;;;;0;0;;17;18;;21;20;1;1;1;1;1;1;224476,3198;100;;;0;;;;;;;;;2300;2300;2300;2300;10,2;;;;;0;0;0;485;9;0;0;0;0;0;0;0;0;0;3;3;0;0;0;;0;0;0;0;0;0;0;126,6667;-0,11;11,837;0,25;;11,885;-0,2;;;0,8;2,16;;0;43,0928;26;;957;984;0;4537;4537;0;45;5;482;482;0;4,3184;;69;0;;0;1;;;;11,32;1;156;0;114;0;91;0;320;2;;;0;60;;;;;;;0;-1;N;10/8/2026 06:15;1746;;D;99,49;224500;59790;4;CBN8;N;5;45;1;16651;;1,43;20;2300;;10;3,92;43;42;128;0;0;0;0;0;0;0
10/8/2026 00:00;2;2026081012;7076;3;3967,1667;3967,1667;;12,1;10,05;;;;;;;4,95;0;;14400;15;;;;;;;;17;18;;21;20;1;1;1;1;1;1;224479,0442;100;;;0;;;;;;;;;;;;;10,2;;;;;0;0;0;497;9;0;0;0;1;0;0;0;0;0;3;3;0;0;0;;1;0;0;0;0;0;0;131,3333;-0,11;11,81;0,25;;11,8953;-0,2;;;0,8;2,16;;0;29,9799;26;;957;984;0;4759;4759;0;63;6;484;484;0;4,3207;;70;0;;0;1;;;;11,32;0;156;0;114;0;91;0;320;2;;;0;60;;;;;;;0;-1;N;10/8/2026 10:15;1453;;D;99,45;224500;59791;5;CBN8;N;6;63;1;16652;;1,43;20;;;;3,93;44;42;130;0;0;0;0;0;0;0
10/8/2026 00:00;3;2026081023;7076;3;3967,3333;3967,3333;;12,1;10,05;;;;;;;4,95;4;;14399;;;;;;;;20;17;20;20;21;20;1;1;1;1;1;1;224478,9247;100;;;0;;;;;;;;;;;2300;;10,2;;;;;0;0;0;497;9;0;0;0;0;0;0;0;0;0;3;3;0;0;0;;0;0;0;0;0;0;0;129,6667;-0,0143;11,9059;0,25;;11,9531;-0,1998;;;0,8;2,16;;0;38,6318;26;977;957;977;0;5025;5025;0;43;8;489;489;0;4,3336;;67;0;;0;1;;;;11,32;2;156;0;114;0;91;0;320;2;;;0;60;;;;;;400;0;-1;N;10/8/2026 14:15;1931;;D;99,44;224500;59792;6;CBN8;N;8;43;1;16652;;1,43;20;;;;3,93;43;41;130;0;0;0;0;0;0;0
10/8/2026 00:00;4;2026081024;7076;3;3967,5;3967,5;;12,1;10,05;;;;;;;4,95;9;;14400;;;;;;;;;17;20;;21;20;1;1;1;1;1;1;224476,5576;100;;;0;;;;;;;;;;;2300;;10,2;;;;;0;0;0;493;9;0;1;0;0;0;0;0;0;0;4;4;0;0;1;;0;0;0;0;0;0;0;168,5;0;11,93;0,25;;11,9635;-0,19;;;0,8;2,16;;0;39,9594;26;;957;977;0;4942;4942;0;39;6;469;469;0;4,336;;70;0;;0;1;;;;11,32;4;156;0;114;0;91;0;320;2;;;0;60;;;;;;400;0;-1;N;10/8/2026 18:15;-820;;D;99,45;224500;59793;7;CBN8;N;6;39;1;16653;;1,43;19;;;;3,94;42;41;125;0;0;0;0;0;0;0
10/8/2026 00:00;5;2026081035;7076;3;3967,6667;3967,6667;;12,1;10,05;;;;;;;4,95;13;;14400;;;;;;;;20;17;20;19;21;19;1;1;1;1;1;1;224474,4947;100;;;0;;;;;;;;;;;1100;;10,2;;;;;0;0;1;492;9;0;0;0;0;0;0;0;0;0;2;2;0;0;0;;0;0;0;0;0;0;0;127,5;0;12,203;0,25;;12,2725;-0,1543;;;0,8;2,16;;0;22,561;26;973;957;973;0;;4942;0;;;;469;0;4,4053;;92;0;;0;1;;;;11,32;7;156;0;114;0;91;0;320;2;;;0;60;;;;;;400;0;-1;N;10/8/2026 22:15;-820;;D;99,45;224500;59794;0;CBN8;N;6;39;;;;1,43;19;;;;4,13;42;41;125;0;0;0;0;0;0;0
10/8/2026 00:00;6;2026081036;7076;3;3967,8333;3967,8333;;12,1;10,05;;;;;;;4,95;1;;14401;;34;;;;;;;17;20;;21;19;1;1;1;1;1;1;224477,3819;100;;;0;;;;;;;;;;;1100;;10,2;;;;;0;0;0;436;6;0;0;0;0;2;0;0;1;0;1;1;0;0;0;;0;0;0;0;0;0;0;131;0;12,5845;0,25;;12,6181;-0,13;;;0,8;2,16;;0;23,8532;26;;957;973;0;5542;5542;0;38;4;484;484;0;4,4829;;69;0;;0;0;;;;11,32;1;156;0;114;0;91;0;320;2;;;0;60;;;;;;400;0;-2;N;11/8/2026 02:15;1301;;D;99,39;224500;59795;1;CBN8;N;4;38;1;16654;;1,43;19;;;;4,36;43;41;130;0;0;0;0;0;0;0
11/8/2026 00:00;1;2026081111;7076;3;3968;3968;;12,1;10,05;;;;;;;4,95;20;;14399;;12;;;;;;;17;20;;21;19;1;1;1;1;1;1;224474,2323;100;;;2,4375;;;;;;;;;;;1100;;10,2;;;;;0;0;0;511;8;0;0;0;0;1;0;0;0;0;2;2;0;1;0;;0;0;0;0;0;0;0;164;0;12,4128;0,25;;12,4389;-0,13;;;0,8;2,16;;0;25,636;26;;957;973;0;5619;5619;0;49;4;477;477;0;4,4427;;66;1;;0;1;;;;11,32;8;156;0;114;0;91;0;320;2;;;0;60;;;;;;400;0;-2;N;11/8/2026 06:15;500;;D;99,38;224500;59796;2;CBN8;N;4;49;1;16654;;1,43;19;;;;4,24;43;41;129;0;0;0;0;0;0;0
11/8/2026 00:00;2;2026081112;7076;3;3968,1667;3968,1667;;12,1;10,05;;;;;;;4,95;10;;14400;;;;;;;;;17;20;;21;19;1;1;1;1;1;1;224475,5921;100;;;0;;;;;;;;;;;1100;;10,2;;;;;0;0;0;485;9;0;0;0;0;0;0;0;0;0;3;3;0;1;0;;0;0;0;0;0;0;0;119,6667;0;12,2419;0,25;;12,283;-0,13;;;0,8;2,16;;0;43,0928;26;;957;973;0;5824;5824;0;33;4;485;485;0;4,4077;;67;0;;0;1;;;;11,32;3;156;0;114;0;91;0;320;2;;;0;60;;;;;;400;0;-2;N;11/8/2026 10:15;1790;;D;99,36;224500;59797;3;CBN8;N;4;33;1;16655;;1,43;18;;;;4,13;42;41;128;0;0;0;0;0;0;0
11/8/2026 00:00;3;2026081123;7076;3;3968,3333;3968,3333;;12,1;10,05;;;;;;;4,95;6;;14398;;;;;;40;0;;17;20;;21;19;1;1;1;1;1;1;224476,4624;100;;;0;;;;;;;;;1140;1140;1100;1140;10,2;;;;;0;0;0;524;9;0;0;0;0;0;0;0;0;0;4;4;0;1;0;;0;0;0;0;0;0;0;142,5;0;12,0738;0,25;;12,1399;-0,13;;;0,8;2,16;;0;27,8626;26;;957;973;0;6192;6192;0;44;3;480;480;0;4,3756;;71;0;;0;1;;;;11,32;3;156;0;114;0;91;0;320;2;;;0;60;;;;;;400;0;-2;N;11/8/2026 14:15;1915;;D;99,32;224500;59798;4;CBN8;N;3;44;1;16655;;1,46;18;1140;;5;4,04;43;41;132;0;0;0;0;0;0;0
11/8/2026 00:00;4;2026081124;7076;3;3968,5;3968,5;;12,1;10,05;;;;;;;4,95;1;;14402;10;;;;;;;18;17;18;;21;19;1;1;1;1;1;1;224475,9878;100;;;0;;;;;;;;;;;1100;;10,2;;;;;0;0;0;497;8;0;0;0;1;0;0;0;0;0;3;3;0;1;0;;0;0;0;0;0;0;0;159,3333;0;11,99;0,25;;12,0696;-0,13;;;0,8;2,16;;0;33,6016;26;;957;973;0;6166;6166;0;44;6;481;481;0;4,3598;;71;0;;0;1;;;;11,32;1;156;0;114;0;91;0;320;2;;;0;60;;;;;;;0;-2;N;11/8/2026 18:15;-308;;D;99,32;224500;59799;5;CBN8;N;6;44;1;16656;;1,46;18;;;;3,99;43;41;132;0;0;0;0;0;0;0
11/8/2026 00:00;5;2026081135;7076;3;3968,6667;3968,6667;9,6;12,1;9,6;;;;;;5,1;5,1;12;;14399;;;;;;;;18;17;18;21;21;21;1;1;1;1;1;1;224475,9133;100;;;9,7361;;;;;;;;;;;2300;;10,2;;;;;0;0;0;526;8;0;0;0;0;0;0;0;0;0;3;3;0;0;0;;0;0;0;0;0;0;0;136,6667;0;12,0164;0,25;;12,0335;-0,1036;;;0,8;2,16;;0;26,0456;26;965;957;965;0;6087;6087;0;39;4;478;478;0;4,3517;;88;0;;0;1;;;;11,32;3;156;0;114;0;91;0;320;2;;;0;60;;;;;;;0;-2;N;11/8/2026 22:15;-263;;D;99,33;224500;59800;6;CBN8;N;4;39;;;;1,46;18;;;;3,92;44;41;133;0;0;0;0;0;0;0
11/8/2026 00:00;6;2026081136;7076;3;3968,8333;3968,8333;;12,1;9,6;;;;;;;5,1;13;;14399;;24,5;;;;;;;17;18;;21;21;1;1;1;1;1;1;224478,1359;100;;;2,4375;;;;;;;;;;;2300;;10,2;;;;;0;0;0;402;7;0;0;0;0;2;0;0;2;0;0;0;0;0;1;;0;0;0;0;0;0;0;;0;12,03;0,25;;12,1221;-0,09;;;0,8;2,16;;0;38,3085;26;;957;965;0;;6087;0;;;;478;0;4,3716;1,9;115;0;;0;0;;;;11,32;5;156;0;114;0;91;0;320;2;;;0;60;;;;;;;0;0;N;12/8/2026 02:15;-263;;D;99,33;224500;59801;7;CBN8;N;4;39;1;16657;;1,46;18;;;;3,98;44;41;133;0;0;0;0;0;0;0
12/8/2026 00:00;1;2026081211;7076;3;3969;3969;;12,1;9,6;;;;;;;5,1;12;;14400;;;;;;;;;17;18;;21;21;1;1;1;1;1;1;224476,167;100;;;0;;;;;;;;;;;2300;;10,2;;;;;0;0;1;525;7;0;0;0;0;0;0;0;0;0;3;3;0;0;0;;0;0;0;0;0;0;0;156,3333;0;12,2011;0,25;;12,3296;-0,09;;;0,8;2,16;;0;23,8095;5;;957;965;0;;6087;0;;;;478;0;4,4182;;115;0;;0;1;;;;11,32;7;156;0;114;0;91;0;320;2;;;0;60;;;;;;;0;0;N;12/8/2026 06:15;-263;;D;99,33;224500;59802;0;CBN8;N;4;39;1;16657;;1,46;18;;;;4,14;44;41;133;0;0;0;0;0;0;0
12/8/2026 00:00;2;2026081212;7076;3;3969,1667;3969,1667;;12,1;9,6;;;;;;;5,1;10;;14400;;19,5;;;;;;;17;18;;21;21;1;1;1;1;1;1;224474,0381;100;;;0;;;;;;;;;;;2300;;10,2;;;;;0;0;0;461;5;0;0;0;0;2;0;0;0;0;1;0;0;0;0;;0;0;0;0;0;0;0;;0;12,641;0,25;;12,7135;-0,09;;;0,8;2,16;;0;21,9089;5;;957;965;0;6322;6322;0;47;4;514;514;0;4,5043;;113;0;;0;1;;;;11,32;5;156;0;114;0;91;0;320;2;;;0;60;;;;;;;0;0;N;12/8/2026 10:15;-264;;D;99,31;224500;59803;1;CBN8;N;4;47;1;16658;;1,46;18;;;;4,4;42;40;135;0;0;0;0;0;0;0
12/8/2026 00:00;3;2026081223;7076;3;3969,3333;3969,3333;;12,1;9,6;;;;;;;5,1;8;;14400;;;;;;;;;17;18;;21;21;1;1;1;1;1;1;224474,4653;100;;;5,5556;;;;;;;;;;;2300;;10,2;;;;;0;0;0;421;9;0;0;0;0;0;0;0;0;0;1;1;0;3;0;;1;0;0;0;0;0;0;126;0;12,4654;0,25;;12,5316;-0,09;;;0,8;2,16;;0;68,8836;5;;957;965;0;6153;6153;0;41;7;512;512;0;4,4635;;148;0;;0;1;;;;11,32;3;156;0;114;0;91;0;320;2;;;0;60;;;;;;;0;0;N;12/8/2026 14:15;-874;;D;99,32;224500;59804;2;CBN8;N;7;41;1;16658;;1,46;17;;;;4,28;44;41;134;0;0;0;0;0;0;0
